,AAOI,AAPL,ADBE,ALAB,AMAT,AMD,AMZN,ANTHROPIC,APP,ARM,ASML,ASTS,AVGO,AXTI,BABA,BBX,BE,BMNR,BNC,BOT,BRKB,BSP,BX,CAT,CBRS,CIEN,COHR,COIN,COST,CRCL,CRDO,CRM,CRWD,CRWV,CSCO,DELL,DIS,DKNG,DRAM,EBAY,EWJ,EWT,EWY,EWZ,FLEX,FLNC,FWDI,GEV,GLW,GME,GOOGL,HD,HIMS,HK0700,HK1810,HOOD,HPE,HYUNDAI,IBM,INTC,INTW,IREN,IWM,JPM,KLAC,KORU,KSTR,LITE,LLY,LRCX,META,MINIMAX,MRVL,MSFT,MSTR,MU,MUU,MVLL,NBIS,NFLX,NOK,NOW,NVDA,NVO,ONDS,OPENAI,ORCL,PANW,PAYP,PENG,PLTR,POPMART,QCOM,QNTX,QQQ,RIVN,RKLB,SAMSUNG,SHAZ,SKHYNIX,SKHY,SMCI,SNDK,SNOW,SNXX,SOFI,SONY,SOXL,SOXS,SPCX,SPY,SQQQ,STRC,STXX,TENCENT,TER,TQQQ,TSLA,TSM,TTWO,TXN,TZA,UBER,URNM,USAR,UVXY,VRT,V,WDC,WEN,WMT,XBI,XLE,ZHIPU,ZM
2026-05-22 00:00:00+00:00,,306.0,,,,454.77,269.02,,,,,,417.26,,131.03,,,,,,480.0,,,,284.36,,,194.55,,116.5,,,,110.26,118.71,,103.76,,53.68,,91.84,,185.81,,,20.59,,,,,390.26,313.76,,,,76.47,,,,119.42,,,,303.23,,,,972.17,,,608.5,,193.85,421.19,166.24,759.11,,,,,,,220.61,,,,191.48,,19.43,,138.11,,217.25,,717.86,,131.18,,,,,,1534.02,,,,,181.6,,209.1,745.21,,,,,,,419.56,407.64,,,,73.78,,24.65,,,331.33,,,122.16,,,,
2026-05-22 04:00:00+00:00,,305.77,,,,456.84,268.92,,,,,,417.87,,130.0,,,,,,479.93,,,,285.52,,,194.37,,116.53,,,,110.79,118.64,,103.67,,53.76,,91.49,,185.59,,,20.48,,,,,390.47,314.51,,,,76.4,,,,119.58,,,,303.33,,,,981.16,,,608.62,,194.83,421.59,165.43,761.14,,,,,,,220.95,,,,191.18,,19.47,,138.25,,216.7,,718.21,,130.83,,,,,,1536.72,,,,,182.55,,208.53,745.31,,,,,,,420.55,409.84,,,,73.86,,24.48,,,330.7,,,122.07,,,,
2026-05-22 08:00:00+00:00,,305.43,,,,459.59,268.21,,,,,,416.21,,126.5,,,,,,480.18,,,,283.8,,,193.97,,115.67,,,,108.22,119.02,,103.84,,53.32,,91.14,,185.24,,,20.28,,,,,388.67,314.24,,,,76.27,,,,119.01,,,,303.71,,,,952.84,,,607.03,,195.04,419.83,164.97,755.9,,,,,,,220.45,,,,190.06,,19.59,,137.76,,214.91,,716.45,,129.24,,,,,,1516.95,,,,,181.31,,207.99,744.64,,,,,,,419.17,408.01,,,,73.81,,24.44,,,331.66,,,122.06,,,,
2026-05-22 12:00:00+00:00,,310.0,,,,471.4,269.39,,,,,,413.25,,130.09,,,,,,485.76,,,,271.55,,,188.46,,115.13,,,,107.16,120.44,,103.57,,53.62,,91.76,,185.46,,,21.22,,,,,387.1,313.37,,,,74.41,,,,121.06,,,,305.95,,,,961.09,,,609.98,,196.13,420.12,162.44,765.92,,,,,,,217.4,,,,192.95,,19.34,,136.56,,239.33,,720.11,,137.69,,,,,,1504.56,,,,,191.86,,201.21,747.43,,,,,,,428.99,406.34,,,,73.32,,25.61,,,329.58,,,120.22,,,,
2026-05-22 16:00:00+00:00,,308.91,,,,467.88,266.54,,,,,,414.2,,130.07,,,,,,486.57,,,,256.93,,,185.03,,113.26,,,,105.56,120.45,,103.05,,52.82,,91.6,,182.11,,,21.51,,,,,383.56,313.02,,,,73.69,,,,119.94,,,,306.35,,,,946.91,,,610.69,,196.52,419.0,159.95,752.15,,,,,,,215.49,,,,192.12,,19.13,,136.9,,238.18,,717.1,,135.76,,,,,,1479.52,,,,,190.67,,196.97,745.3,,,,,,,426.04,404.7,,,,71.88,,25.3,,,329.03,,,120.28,,,,
2026-05-22 20:00:00+00:00,,308.32,,,,462.71,265.56,,,,,,413.36,,129.52,,,,,,485.27,,,,252.92,,,184.1,,112.46,,,,104.4,120.16,,102.1,,52.63,,91.55,,182.17,,,21.33,,,,,382.73,312.11,,,,73.36,,,,118.32,,,,306.33,,,,935.04,,,608.24,,195.21,418.25,158.68,745.25,,,,,,,214.46,,,,190.93,,19.11,,136.01,,237.68,,715.0,,134.14,,,,,,1469.14,,,,,188.44,,196.01,743.51,,,,,,,423.72,403.36,,,,71.93,,25.29,,,326.41,,,119.64,,,,
2026-05-23 00:00:00+00:00,,308.0,,,,464.54,265.6,,,,,,413.33,,129.4,,,,,,487.15,,,,250.81,,,184.8,,112.91,,,,103.77,120.73,,103.79,,52.44,,91.19,,180.43,,,21.56,,,,,382.91,315.22,,,,73.4,,,,118.71,,,,307.23,,,,941.47,,,608.15,,194.91,418.22,158.81,748.25,,,,,,,214.12,,,,191.31,,19.46,,136.09,,240.82,,715.46,,133.81,,,,,,1481.16,,,,,189.6,,197.42,743.81,,,,,,,424.35,404.59,,,,71.98,,25.27,,,329.39,,,120.5,,,,
2026-05-23 04:00:00+00:00,,307.0,,,,459.62,264.48,,,,,,412.43,,129.09,,,,,,487.39,,,,249.58,,,181.5,,111.22,,,,103.71,120.02,,102.32,,51.33,,90.87,,178.42,,,21.03,,,,,381.63,310.92,,,,72.85,,,,117.52,,,,306.45,,,,931.72,,,606.55,,193.78,416.8,155.61,740.19,,,,,,,213.72,,,,190.36,,19.43,,135.47,,237.2,,713.13,,134.03,,,,,,1469.29,,,,,188.21,,198.21,741.72,,,,,,,421.08,403.15,,,,71.82,,25.13,,,326.47,,,119.7,,,,
2026-05-23 08:00:00+00:00,,307.23,,,,461.13,264.9,,,,,,411.61,,129.51,,,,,,486.43,,,,247.9,,,181.94,,111.57,,,,104.23,119.85,,103.43,,51.46,,90.72,,179.16,,,21.51,,,,,381.94,312.53,,,,72.91,,,,117.31,,,,308.16,,,,939.29,,,606.79,,193.8,417.29,155.52,744.31,,,,,,,213.98,,,,190.66,,19.46,,135.43,,238.33,,713.47,,135.64,,,,,,1474.23,,,,,188.88,,199.59,741.77,,,,,,,422.36,402.4,,,,71.87,,25.49,,,330.02,,,119.55,,,,
2026-05-23 12:00:00+00:00,,309.48,,,,467.0,266.72,,,,,,415.89,,130.0,,,,,,486.37,,,,251.7,,,184.2,,112.9,,,,105.89,120.87,,103.9,,52.29,,90.84,,181.7,,,21.68,,,,,384.32,315.75,,,,73.88,,,,119.05,,,,312.14,,,,946.42,,,611.76,,195.85,419.2,157.69,753.84,,,,,,,216.03,,,,192.55,,19.65,,136.99,,241.37,,718.89,,137.11,,,,,,1490.01,,,,,189.65,,202.19,746.72,,,,,,,426.08,406.59,,,,72.11,,25.68,,,331.58,,,119.57,,,,
2026-05-23 16:00:00+00:00,,310.8,,,,474.17,268.55,,,,,,421.49,,130.54,,,,,,487.59,,,,256.79,,,186.01,,113.85,,,,106.67,121.82,,103.91,,52.75,,91.53,,184.61,,,22.58,,,,,386.58,315.7,,,,74.6,,,,120.76,,,,310.19,,,,953.55,,,612.59,,197.85,421.29,159.77,763.4,,,,,,,218.03,,,,194.89,,19.66,,138.54,,242.28,,723.13,,137.34,,,,,,1503.56,,,,,191.41,,202.14,750.77,,,,,,,429.66,410.22,,,,72.65,,25.75,,,331.3,,,120.15,,,,
2026-05-23 20:00:00+00:00,,311.91,,,,478.9,270.27,,,,,,424.37,,131.34,,,,,,488.07,,,,259.34,,,188.25,,114.86,,,,108.48,122.41,,103.71,,54.31,,91.73,,188.18,,,22.23,,,,,388.43,315.68,,,,75.42,,,,122.37,,,,313.04,,,,956.56,,,616.75,,198.45,422.36,161.99,771.6,,,,,,,220.08,,,,195.82,,19.64,,139.62,,244.14,,727.49,,139.85,,,,,,1512.72,,,,,195.17,,202.46,755.53,,,,,,,433.16,411.76,,,,72.88,,25.82,,,336.2,,,120.28,,,,
2026-05-24 00:00:00+00:00,,312.32,,,,478.41,270.63,,,,,,422.4,,131.54,,,,,,488.2,,,,257.32,,,188.66,,115.43,,,,106.7,122.5,,103.74,,54.56,,92.03,,187.43,,,22.52,,,,,388.93,314.44,,,,75.41,,,,122.48,,,,313.93,,,,961.77,,,616.98,,198.76,421.77,162.52,777.49,,,,,,,219.6,,,,196.14,,19.64,,139.77,,246.2,,727.58,,140.81,,,,,,1512.14,,,,,200.2,,205.28,753.69,,,,,,,432.17,412.23,,,,72.82,,25.85,,,337.41,,,120.41,,,,
2026-05-24 04:00:00+00:00,,312.67,,,,478.62,270.59,,,,,,422.22,,131.51,,,,,,488.11,,,,261.65,,,188.67,,115.4,,,,107.54,122.08,,103.78,,55.03,,92.13,,186.85,,,22.35,,,,,389.47,314.94,,,,75.26,,,,122.65,,,,314.02,,,,962.14,,,616.84,,198.21,421.71,162.66,773.36,,,,,,,218.9,,,,194.53,,19.65,,139.85,,245.48,,727.37,,140.59,,,,,,1505.89,,,,,198.89,,209.89,754.86,,,,,,,433.39,413.27,,,,72.71,,25.55,,,335.14,,,120.14,,,,
2026-05-24 08:00:00+00:00,,311.62,,,,479.87,269.45,,,,,,422.46,,131.94,,,,,,487.87,,,,261.4,,,189.85,,116.51,,,,109.43,122.6,,104.06,,55.93,,93.16,,189.39,,,21.94,,,,,388.87,314.65,,,,75.62,,,,123.02,,,,313.94,,,,963.27,,,618.69,,199.1,422.08,164.37,778.9,,,,,,,219.7,,,,196.06,,19.65,,140.25,,247.07,,727.92,,140.46,,,,,,1515.38,,,,,198.69,,208.22,754.69,,,,,,,432.14,412.46,,,,72.76,,25.66,,,337.01,,,119.92,,,,
2026-05-24 12:00:00+00:00,,311.2,,,,474.57,268.93,,,,,,422.63,,131.39,,,,,,487.53,,,,258.98,,,187.13,,114.76,,,,108.44,121.96,,103.73,,54.74,,93.93,,186.76,,,22.17,,,,,387.12,314.66,,,,74.97,,,,122.3,,,,314.22,,,,986.13,,,614.94,,198.51,421.54,161.55,772.79,,,,,,,218.56,,,,194.46,,19.72,,139.12,,245.25,,726.75,,140.5,,,,,,1516.31,,,,,197.88,,205.14,752.85,,,,,,,431.31,414.4,,,,72.62,,25.35,,,334.79,,,119.8,,,,
2026-05-24 16:00:00+00:00,,311.88,,,,475.54,269.36,,,,,,423.28,,131.39,,,,,,488.1,,,,261.04,,,187.99,,115.34,,,,108.16,121.7,,104.05,,55.2,,94.72,,188.41,,,23.1,,,,,387.45,314.12,,,,75.19,,,,122.55,,,,319.63,,,,1001.96,,,616.04,,198.88,421.95,162.16,779.79,,,,,,,219.12,,,,194.89,,19.78,,139.39,,246.35,,726.86,,140.15,,,,,,1509.6,,,,,197.83,,206.12,752.88,,,,,,,431.85,412.71,,,,72.8,,25.47,,,335.92,,,120.08,,,,
2026-05-24 20:00:00+00:00,,310.92,,,,473.85,269.24,,,,,,422.05,,131.12,,,,,,488.34,,,,263.25,,,189.35,,115.83,,,,107.98,121.95,,104.02,,55.37,,95.13,,189.6,,,22.34,,,,,386.58,314.35,,,,75.03,,,,122.25,,,,314.68,,,,967.0,,,614.5,,198.29,421.35,163.04,776.35,,,,,,,219.3,,,,194.28,,19.78,,138.81,,246.87,,727.0,,141.58,,,,,,1515.92,,,,,198.63,,207.94,750.65,,,,,,,431.22,412.6,,,,72.81,,25.39,,,335.62,,,120.02,,,,
2026-05-25 00:00:00+00:00,,312.23,,,,477.54,270.12,,,,,,424.89,,131.91,,,,,,488.26,,,,260.25,,,189.04,,115.14,,,,107.91,121.93,,106.92,,55.69,,95.55,,189.94,,,22.3,,,,,388.02,315.44,,,,75.52,,,,122.77,,,,319.69,,,,1007.45,,,617.04,,200.13,422.54,163.41,786.39,,,,,,,220.22,,,,195.45,,19.75,,139.85,,247.57,,729.86,,141.3,,,,,,1521.87,,,,,201.77,,207.89,752.78,,,,,,,433.84,413.65,,,,72.84,,26.24,,,336.56,,,120.52,,,,
2026-05-25 04:00:00+00:00,,312.45,,,,478.43,270.1,,,,,,425.25,,131.78,,,,,,488.42,,,,264.14,,,190.24,,115.61,,,,109.17,122.12,,103.52,,55.81,,95.81,,189.55,,,22.65,,,,,388.72,315.85,,,,75.66,,,,123.25,,,,318.4,,,,1008.12,,,618.04,,202.68,422.7,164.96,786.03,,,,,,,220.58,,,,195.46,,19.7,,140.07,,249.42,,729.68,,140.56,,,,,,1536.46,,,,,201.71,,208.68,753.14,,,,,,,434.23,412.25,,,,72.94,,26.36,,,336.0,,,120.43,,,,
2026-05-25 08:00:00+00:00,,312.65,,,,479.48,270.4,,,,,,426.18,,131.85,,,,,,481.21,,,,266.0,,,190.16,,115.22,,,,109.24,122.29,,104.0,,57.51,,95.6,,191.07,,,22.79,,,,,389.45,314.83,,,,75.81,,,,124.08,,,,318.68,,,,1012.23,,,618.1,,204.75,422.97,164.77,794.0,,,,,,,221.56,,,,195.83,,19.64,,140.32,,247.18,,729.69,,141.32,,,,,,1539.74,,,,,208.93,,207.12,753.4,,,,,,,434.67,414.78,,,,72.99,,26.53,,,337.02,,,120.44,,,,
2026-05-25 12:00:00+00:00,,312.03,,,,478.98,270.21,,,,,,426.15,,132.24,,,,,,488.87,,,,264.8,,,191.31,,115.88,,,,109.29,122.17,,105.84,,56.85,,95.12,,190.8,,,22.68,,,,,388.86,316.09,,,,75.71,,,,124.05,,,,317.89,,,,1009.21,,,616.83,,204.78,423.05,165.22,794.12,,,,,,,221.18,,,,195.66,,19.55,,139.94,,247.42,,728.2,,141.73,,,,,,1543.67,,,,,207.87,,208.14,752.94,,,,,,,433.77,416.83,,,,72.99,,26.46,,,334.84,,,119.91,,,,
2026-05-25 16:00:00+00:00,,312.36,,,,479.84,270.74,,,,,,427.24,,132.11,,,,,,485.68,,,,266.27,,,189.96,,114.96,,,,109.23,122.08,,105.05,,57.57,,94.1,,191.24,,,22.56,,,,,389.72,315.06,,,,75.88,,,,123.77,,,,316.32,,,,1016.3,,,619.37,,206.36,423.27,165.41,796.45,,,,,,,221.68,,,,195.85,,19.44,,140.83,,247.43,,730.14,,142.69,,,,,,1531.9,,,,,207.23,,207.96,754.55,,,,,,,435.26,418.09,,,,73.1,,26.54,,,334.46,,,119.94,,,,
2026-05-25 20:00:00+00:00,,311.23,,,,478.6,269.79,,,,,,424.97,,132.76,,,,,,488.8,,,,263.7,,,189.68,,115.24,,,,108.48,121.96,,105.42,,56.5,,94.11,,191.25,,,22.65,,,,,388.37,315.04,,,,75.53,,,,123.4,,,,315.19,,,,1007.71,,,617.14,,204.56,422.3,164.66,790.5,,,,,,,220.03,,,,195.14,,19.38,,139.94,,245.45,,727.36,,141.84,,,,,,1540.65,,,,,206.02,,207.99,751.72,,,,,,,433.27,416.17,,,,73.01,,26.12,,,334.44,,,120.04,,,,
2026-05-26 00:00:00+00:00,,310.42,,,,478.93,269.02,,,,,,418.99,,131.35,,,,,,486.53,,,,257.71,,,186.74,,113.76,,,,107.79,121.75,,103.98,,55.74,,93.02,,192.93,,,22.0,,,,,386.53,315.74,,,,74.45,,,,121.84,,,,308.09,,,,965.01,,,613.84,,204.39,420.18,161.78,781.01,,,,,,,217.28,,,,193.64,,19.24,,137.07,,241.61,,725.02,,142.09,,,,,,1508.92,,,,,204.26,,206.71,750.75,,,,,,,429.18,411.13,,,,72.3,,25.84,,,328.75,,,120.38,,,,
2026-05-26 04:00:00+00:00,,309.92,,,,476.28,268.16,,,,,,418.09,,130.65,,,,,,486.25,,,,256.16,,,187.27,,113.5,,,,107.51,121.4,,103.77,,55.49,,92.62,,192.4,,,22.02,,,,,386.29,316.26,,,,74.42,,,,121.83,,,,307.64,,,,961.45,,,611.78,,203.69,419.24,161.88,779.8,,,,,,,217.13,,,,193.48,,19.25,,136.49,,242.21,,722.9,,141.69,,,,,,1501.21,,,,,202.32,,205.95,749.92,,,,,,,427.73,410.39,,,,72.26,,25.75,,,329.21,,,120.19,,,,
2026-05-26 08:00:00+00:00,,310.66,,,,481.88,267.5,,,,,,417.23,,130.23,,,,,,486.37,,,,259.86,,,187.77,,113.71,,,,108.89,121.28,,103.5,,56.59,,93.16,,193.67,,,22.09,,,,,383.96,315.04,,,,74.82,,,,121.8,,,,308.04,,,,953.85,,,611.89,,208.68,419.77,163.35,804.86,,,,,,,218.23,,,1470.99,193.27,,19.23,,136.58,,244.75,,725.63,,143.01,,,,,,1532.55,,,,,208.3,,204.32,750.95,,,,,,,430.63,412.74,,,,72.18,,25.94,,,329.96,,,120.02,,,,
2026-05-26 12:00:00+00:00,,310.11,,,,488.77,263.8,,,316.94,,,422.9,,129.82,,302.3,,,,484.16,,,,251.53,,384.23,184.48,,106.29,,,,107.51,117.87,,102.91,,59.65,,92.98,,198.21,,,21.29,,,,,386.87,310.22,,,,74.34,,,,121.21,,,,306.92,,,,909.76,,,607.74,,201.14,415.52,163.45,873.49,,,210.85,,,,213.35,,,1470.32,192.02,,19.57,,137.56,,248.69,,727.08,,141.96,,,,,,1580.64,,,,,215.62,,200.97,749.28,,,,,,,428.86,412.2,,,,70.64,,26.06,,,325.73,528.2,,118.88,,,,
2026-05-26 16:00:00+00:00,,308.35,,,,504.04,265.48,,,322.05,,,422.36,,129.62,,303.49,,,,484.16,,,,242.16,,381.72,180.12,,104.37,,,,105.94,118.38,,103.33,,60.59,,93.07,,200.74,,,21.34,,,,,389.43,310.72,,,,74.14,,,,123.55,,,,306.9,,,,911.7,,,612.95,,208.51,416.62,160.03,898.03,,,208.23,,,,214.99,,,1475.97,193.02,,19.62,,136.69,,248.95,,730.58,,143.34,,,,,,1590.27,,,,,225.73,,201.5,750.84,,,,,,,433.65,413.22,,,,70.14,,27.74,,,326.8,527.6,,118.68,,,,
2026-05-26 20:00:00+00:00,,308.79,,,,508.7,265.19,,,322.45,,,424.18,,129.73,,305.3,,,,483.51,,,,241.24,,384.58,180.48,,104.09,,,,106.62,118.32,,103.27,,62.21,,93.26,,202.85,,,21.38,,,,,388.53,310.68,,,,73.97,,,,123.21,,,,307.06,,,,917.42,,,610.69,,214.1,415.63,159.97,915.04,,,209.81,,,,214.2,,,1462.99,192.55,,19.53,,135.9,,249.29,,730.96,,144.21,,,,,,1617.68,,,,,230.46,,203.16,751.09,,,,,,,435.67,415.98,,,,70.22,,27.83,,,326.17,530.59,,118.87,,,,
2026-05-27 00:00:00+00:00,,308.39,,,,509.44,265.23,,,320.72,,,423.68,,126.95,,304.94,,,,483.77,,,,242.51,,385.16,179.74,,102.82,,,,105.7,118.33,,103.16,,62.38,,92.9,,203.0,,,21.26,,,,,387.59,311.22,,,,73.86,,,,122.93,,,,306.75,,,,912.5,,,609.74,,215.09,414.11,159.26,934.18,,,209.93,,,,214.11,,,1465.25,191.84,,19.39,,134.8,,249.55,,731.58,,146.19,,,,,,1621.76,,,,,232.33,,203.08,750.7,,,,,,,434.66,416.66,,,,70.3,,27.84,,,326.8,535.67,,118.51,,,,
2026-05-27 04:00:00+00:00,,308.78,,,,506.1,265.69,,,319.43,,,422.67,,127.0,,304.56,,,,484.11,,,,243.02,,382.03,180.97,,104.67,,,,105.54,118.51,,103.51,,61.34,,92.43,,200.0,,,21.44,,,,,388.74,311.75,,,,74.44,,,,122.45,,,,308.28,,,,906.15,,,611.46,,215.31,414.75,159.93,939.81,,,207.7,,,,214.15,,,1471.66,192.61,,19.39,,135.62,,249.05,,732.17,,149.87,,,,,,1615.94,,,,,232.91,,202.48,751.76,,,,,,,434.78,416.87,,,,70.42,,27.71,,,327.18,532.89,,118.87,,,,
2026-05-27 08:00:00+00:00,,308.37,,,,516.2,264.42,,,320.77,,,427.39,,126.54,,306.9,,,,482.9,,,,245.81,,385.87,179.98,,104.06,,,,106.8,117.76,,103.34,,63.23,,92.24,,202.98,,,21.03,,,,,386.81,311.75,,,,74.06,,,,123.81,,,,307.21,,,,906.58,,,608.35,,220.81,413.23,158.96,979.76,,,212.2,,,,215.34,,,1464.29,192.27,,19.5,,134.32,,252.15,,735.31,,153.89,,,,,,1651.8,,,,,248.42,,203.4,752.08,,,,,,,443.9,433.94,,,,70.11,,28.21,,,326.04,557.8,,118.18,,,,
2026-05-27 12:00:00+00:00,,311.69,,,,492.13,270.01,,,305.32,,,417.9,,128.11,,297.52,,,,482.78,,,,256.5,,375.36,176.2,,104.49,,,,100.63,119.16,,103.65,,59.93,,92.13,,196.43,,,20.93,,,,,391.65,318.65,,,,75.04,,,,118.69,,,,297.74,,,,888.18,,,612.43,,198.32,413.21,155.37,911.32,,,203.78,,,,209.92,,,1450.5,188.71,,19.41,,133.31,,226.66,,727.3,,144.54,,,,,,1550.8,,,,,209.6,,202.42,749.41,,,,,,,440.75,417.9,,,,70.59,,26.83,,,330.28,526.43,,119.0,,,,
2026-05-27 16:00:00+00:00,,311.05,,,,496.32,271.99,,,302.47,,,422.16,,127.89,,294.56,,,,480.33,,,,266.86,,381.51,173.94,,102.78,,,,104.39,119.69,,104.2,,60.84,,92.3,,198.42,,,21.24,,,,,389.25,318.6,,,,76.25,,,,121.87,,,,299.35,,,,903.25,,,635.8,,198.96,413.02,154.34,929.16,,,208.59,,,,212.83,,,1442.15,191.01,,19.31,,132.62,,233.76,,730.23,,150.43,,,,,,1590.52,,,,,218.07,,201.78,750.95,,,,,,,440.54,423.48,,,,70.83,,26.71,,,328.16,532.35,,118.77,,,,
2026-05-27 20:00:00+00:00,,310.49,,,,490.59,272.49,,,302.32,,,421.36,,127.71,,293.41,,,,480.68,,,,263.14,,377.2,173.58,,102.29,,,,105.66,119.89,,103.6,,59.62,,92.07,,195.73,,,21.17,,,,,389.19,318.09,,,,76.19,,,,119.71,,,,298.8,,,,893.74,,,630.45,,196.01,414.63,152.15,905.08,,,234.33,,,,211.83,,,1436.65,191.81,,19.41,,132.99,,231.28,,728.06,,148.88,,,,,,1556.12,,,,,211.63,,201.17,750.28,,,,,,,437.98,421.81,,,,70.89,,26.41,,,327.24,528.1,,118.89,,,,
2026-05-28 00:00:00+00:00,,311.28,,,,480.99,271.53,,,292.71,,,417.78,,123.15,,290.67,,,,480.29,,,,256.85,,366.58,170.57,,99.51,,,,102.01,119.94,,103.63,,58.35,,91.21,,191.47,,,20.58,,,,,386.18,317.16,,,,74.95,,,,117.53,,,,298.46,,,,871.29,,,627.62,,191.65,413.2,148.26,887.91,,,227.05,,,,209.78,,,1345.98,189.12,,19.29,,132.26,,225.76,,723.98,,143.93,,,,,,1519.2,,,,,203.13,,196.81,747.73,,,,,,,429.75,412.35,,,,70.44,,25.86,,,327.99,518.89,,118.89,,,,
2026-05-28 04:00:00+00:00,,310.73,,,,490.83,271.47,,,301.95,,,421.33,,124.86,,293.05,,,,480.58,,,,263.68,,376.17,172.73,,101.63,,,,104.09,120.12,,104.13,,60.18,,91.8,,197.15,,,20.88,,,,,387.93,318.08,,,,75.75,,,,119.05,,,,299.91,,,,888.0,,,630.23,,195.43,414.44,150.67,913.35,,,230.76,,,,211.37,,,1388.95,193.2,,19.46,,133.22,,231.49,,727.72,,146.52,,,,,,1554.09,,,,,211.9,,198.06,749.96,,,,,,,434.26,416.6,,,,70.56,,26.3,,,328.78,524.52,,119.0,,,,
2026-05-28 08:00:00+00:00,,310.23,,,,488.96,271.55,,,300.85,,,416.36,,124.84,,291.38,,,,479.73,,,,261.89,,378.01,171.92,,100.9,,,,105.97,119.63,,104.04,,59.97,,91.56,,195.92,,,20.87,,,,,387.14,317.79,,,,75.54,,,,118.69,,,,299.1,,,,894.99,,,637.26,,200.32,415.66,149.06,911.32,,,229.59,,,,210.55,,,1368.0,194.52,,19.32,,133.89,,229.96,,726.9,,145.35,,,,,,1562.94,,,,,210.03,,196.84,748.92,,,,,,,434.89,414.72,,,,71.01,,26.1,,,328.01,525.3,,119.04,,,,
2026-05-28 12:00:00+00:00,,310.81,,,,518.22,270.41,,,340.7,,,425.87,,125.18,,296.87,,,,479.0,,,,263.01,,385.84,180.62,,106.28,,,,107.87,119.41,,103.98,,62.83,,92.71,,203.98,,,21.02,,,,,390.88,319.81,,,,80.32,,,,120.77,,,,297.77,,,,899.41,,,632.43,,200.33,425.4,147.59,935.2,,,226.89,,,,212.33,,,1406.02,202.61,,19.63,,139.93,,243.49,,734.32,,147.86,,,,,,1682.37,,,,,227.33,,199.03,753.89,,,,,,,441.54,426.91,,,,70.2,,27.82,,,322.59,546.01,,117.74,,,,
2026-05-28 16:00:00+00:00,,312.44,,,,518.44,274.1,,,335.31,,,426.52,,126.24,,290.75,,,,477.67,,,,242.86,,377.89,182.26,,108.33,,,,106.99,118.67,,103.82,,62.62,,92.74,,206.4,,,21.39,,,,,390.39,321.45,,,,84.86,,,,120.98,,,,296.55,,,,862.28,,,635.35,,205.05,427.2,151.61,923.7,,,226.48,,,,214.34,,,1392.67,203.88,,19.76,,143.34,,243.42,,735.02,,148.17,,,,,,1643.37,,,,,224.86,,198.63,754.27,,,,,,,442.5,424.88,,,,70.95,,28.15,,,325.14,531.12,,119.03,,,,
2026-05-28 20:00:00+00:00,,311.86,,,,522.02,272.87,,,341.52,,,431.6,,126.27,,286.61,,,,477.86,,,,245.56,,380.25,182.44,,108.21,,,,107.66,118.94,,103.66,,63.05,,92.68,,205.09,,,21.28,,,,,389.46,320.6,,,,85.26,,,,121.0,,,,296.75,,,,868.96,,,633.22,,203.32,427.88,151.93,935.91,,,229.49,,,,214.25,,,1383.48,211.12,,19.68,,144.15,,245.56,,735.0,,147.19,,,,,,1649.82,,,,,227.6,,198.67,754.84,,,,,,,440.29,425.0,,,,70.99,,28.07,,,324.57,534.66,,118.63,,,,
2026-05-29 00:00:00+00:00,,311.41,,,,518.96,271.4,,,347.31,,,431.41,,126.44,,286.3,,,,477.69,,,,243.62,,379.06,181.33,,108.51,,,,107.3,118.62,,103.63,,62.15,,93.54,,204.22,,,21.13,,,,,388.55,321.24,,,,85.04,,,,119.67,,,,297.36,,,,867.8,,,633.61,,203.83,428.44,151.19,930.55,,,227.05,,,,214.16,,,1401.39,213.9,,19.55,,146.19,,244.55,,734.64,,144.3,,,,,,1650.46,,,,,225.33,,194.52,754.45,,,,,,,439.61,426.55,,,,71.05,,28.22,,,324.4,532.11,,118.43,,,,
2026-05-29 04:00:00+00:00,,311.25,,,,520.98,271.71,,,344.43,,,431.6,,124.54,,284.5,,,,477.72,,,,243.53,,379.6,184.04,,109.05,,,,107.62,118.64,,103.64,,62.44,,93.56,,204.58,,,21.29,,,,,389.31,321.33,,,,85.59,,,,121.16,,,,296.7,,,,873.34,,,633.95,,203.98,429.05,151.96,937.39,,,227.28,,,,215.54,,,1396.31,211.5,,19.63,,144.26,,245.62,,735.75,,144.24,,,,,,1661.41,,,,,227.17,,195.46,754.91,,,,,,,440.99,427.35,,,,70.95,,28.21,,,324.35,535.46,,118.45,,,,
2026-05-29 08:00:00+00:00,,311.55,,,,521.81,272.37,,,350.27,,,434.48,,124.24,,284.81,,,,477.33,,,,245.66,,378.73,182.76,,107.85,,,,108.96,118.31,,103.9,,63.08,,92.93,,206.12,,,21.65,,,,,386.78,320.33,,,,85.39,,,,122.23,,,,297.02,,,,873.06,,,632.84,,203.0,432.46,151.85,948.39,,,229.82,,,,215.34,,,1407.43,211.51,,19.64,,146.97,,253.32,91.99,737.12,,141.7,,,,,,1672.81,,,,,230.28,,193.96,755.75,,,,,,,440.69,429.27,,,,71.29,,27.9,,,324.45,540.45,,118.02,,,,
2026-05-29 12:00:00+00:00,,310.79,,,,511.15,273.05,,,346.5,,,438.8,,124.6,,276.24,,,,474.23,,,,234.69,,352.7,190.29,,113.85,,,,104.86,119.98,,102.96,,63.11,,93.06,,205.63,,,19.53,,,,,382.9,319.71,,,,93.01,,,,118.01,,,,297.64,,,,829.36,,,627.81,,202.82,443.18,160.93,958.78,,,220.24,,,,215.06,,,1425.0,220.66,,19.64,,156.96,,251.07,94.61,737.7,,140.38,,,,,,1667.74,,,,,222.41,,193.62,756.2,,,,,,,435.07,418.84,,,,72.02,,27.47,,,330.57,529.54,,115.34,,,,
2026-05-29 16:00:00+00:00,,312.01,,,,516.42,270.76,,,351.67,,,447.2,,124.33,,284.99,,,,475.28,,,,237.64,,362.79,189.08,,113.09,,,,109.57,120.53,,101.96,,63.31,,93.01,,205.74,,,18.92,,,,,380.74,316.97,,,,94.36,,,,114.86,,,,299.51,,,,855.67,,,632.71,,205.34,450.23,159.14,969.26,,,231.01,,,,211.61,,,1399.4,226.24,,19.51,,156.67,,251.27,96.79,738.21,,143.56,,,,,,1692.27,,,,,224.11,,194.1,756.02,,,,,,,435.75,419.16,,,,70.44,,28.01,,,326.7,530.55,,115.84,,,,
2026-05-29 20:00:00+00:00,,311.11,,,,515.13,270.62,,,354.72,,,446.36,,124.32,,282.2,,,,473.96,,,,237.0,,357.92,188.52,,112.54,,,,108.47,120.5,,102.02,,63.31,,92.94,,205.93,,,18.96,,,,,380.85,317.36,,,,94.14,,,,115.56,,,,298.15,,,,850.16,,,632.34,,204.08,450.48,158.85,964.73,,,228.99,,,,212.63,,,1402.01,226.32,,19.6,,156.4,,251.04,96.71,738.06,,142.24,,,,,,1682.74,,,,,223.08,,194.49,755.77,,,,,,,434.76,419.42,,,,70.59,,27.62,,,329.05,528.68,,115.89,,,,
2026-05-30 00:00:00+00:00,,311.8,,,,517.7,271.1,,,353.9,,,446.79,,124.52,,283.32,,,,474.8,,,,236.48,,359.79,189.15,,112.61,,,,109.96,120.71,,102.36,,63.45,,93.14,,206.3,,,19.24,,,,,382.14,318.36,,,,94.46,,,,115.38,,,,299.35,,,,855.41,,,634.62,,204.22,452.39,159.27,967.36,,,229.0,,,,213.66,,,1408.81,227.53,,19.69,,157.1,,252.86,96.95,739.22,,141.39,,,,,,1689.39,,,,,223.28,,195.99,755.89,,,,,,,435.77,418.98,,,,70.95,,27.91,,,330.05,531.65,,115.71,,,,
2026-05-30 04:00:00+00:00,,311.97,,,,519.25,271.31,,,357.96,,,449.18,,124.97,,282.97,,,,475.76,,,,237.48,,359.38,188.89,,112.74,,,,112.29,121.21,,102.13,,63.51,,93.01,,206.99,,,19.11,,,,,382.84,317.34,,,,94.81,,,,116.05,,,,299.18,,,,856.06,,,635.21,,205.78,454.18,159.16,973.11,,,231.83,,,,214.74,,,1404.21,228.68,,19.74,,157.65,,252.6,94.74,740.47,,140.66,,,,,,1684.68,,,,,226.42,,199.37,756.64,,,,,,,436.65,420.25,,,,70.99,,28.22,,,328.99,530.58,,115.92,,,,
2026-05-30 08:00:00+00:00,,312.23,,,,519.01,271.39,,,358.69,,,449.24,,124.62,,282.26,,,,479.54,,,,237.16,,359.42,189.28,,113.03,,,,111.83,120.78,,101.89,,64.22,,93.22,,207.14,,,19.16,,,,,383.19,316.68,,,,94.73,,,,115.47,,,,299.76,,,,859.68,,,635.33,,205.78,455.19,159.38,971.25,,,231.73,,,,214.85,,,1413.4,228.63,,19.76,,157.45,,251.24,93.98,740.16,,143.04,,,,,,1689.53,,,,,225.98,,199.28,756.26,,,,,,,436.49,420.64,,,,70.86,,28.24,,,330.36,531.48,,116.06,,,,
2026-05-30 12:00:00+00:00,,312.84,,,,519.71,271.86,,,366.39,,,454.15,,125.14,,283.39,,,,478.9,,,,236.29,,359.86,190.02,,112.79,,,,112.18,120.97,,102.18,,64.65,,93.14,,208.56,,,19.27,,,,,382.91,316.0,,,,95.02,,,,115.54,,,,299.27,,,,861.93,,,637.2,,205.3,457.61,160.0,975.48,,,234.23,,,,215.51,,,1415.71,229.6,,19.8,,158.53,,251.3,97.94,741.24,,144.55,,,,,,1690.69,,,,,225.34,,199.16,756.74,,,,,,,436.89,420.17,,,,71.06,,28.38,,,329.92,529.02,,116.18,,,,
2026-05-30 16:00:00+00:00,,312.27,,,,519.88,271.9,,,375.56,,,452.4,,125.5,,283.58,,,,487.28,,,,238.12,,359.72,190.55,,112.39,,,,113.47,121.05,,102.7,,64.76,,93.0,,208.14,,,18.89,,,,,382.43,314.57,,,,94.75,,,,115.54,,,,300.1,,,,866.65,,,635.4,,204.0,454.69,160.12,974.34,,,234.63,,,,215.95,,,1420.02,228.95,,19.84,,157.5,,250.57,97.48,740.29,,145.74,,,,,,1689.66,,,,,225.19,,201.96,756.37,,,,,,,435.48,420.18,,,,71.03,,28.31,,,328.5,530.46,,116.2,,,,
2026-05-30 20:00:00+00:00,,312.19,,,,523.17,271.7,,,371.01,,,452.41,,125.4,,284.12,,,,479.94,,,,238.28,,360.05,190.04,,112.72,,,,113.45,120.91,,102.83,,65.8,,92.95,,208.18,,,18.83,,,,,382.56,315.14,,,,94.35,,,,116.36,,,,297.15,,,,866.7,,,635.83,,205.32,458.4,159.91,977.83,,,233.4,,,,216.42,,,1424.22,231.37,,19.85,,157.79,,251.18,96.9,740.86,,146.37,,,,,,1692.14,,,,,225.79,,200.71,756.95,,,,,,,435.24,422.82,,,,70.8,,28.23,,,328.3,530.96,,116.16,,,,
2026-05-31 00:00:00+00:00,,312.37,,,,522.93,272.14,,,376.04,,,454.48,,125.88,,284.55,,,,483.69,,,,239.5,,360.01,190.81,,113.22,,,,113.62,120.84,,102.7,,66.4,,93.16,,208.61,,,18.8,,,,,383.19,316.89,,,,95.06,,,,115.27,,,,297.43,,,,865.99,,,636.18,,203.75,457.33,160.56,980.15,,,233.95,,,,216.36,,,1443.66,231.79,,19.86,,158.81,,250.86,97.08,741.88,,145.74,,,,,,1696.27,,,,,226.31,,201.44,756.73,,,,,,,436.43,422.75,,,,70.82,,28.41,,,328.42,530.08,,116.32,,,,
2026-05-31 04:00:00+00:00,,312.89,,,,528.44,272.89,,,378.21,,,461.34,,125.95,,284.55,,,,483.5,,,,240.25,,360.15,191.67,,113.58,,,,115.83,121.4,,102.43,,65.96,,93.35,,209.5,,,18.72,,,,,383.08,318.44,,,,96.08,,,,115.57,,,,298.98,,,,867.6,,,639.33,,204.88,461.71,160.2,980.98,,,234.47,,,,217.74,,,1489.4,233.07,,19.87,,159.3,,250.94,101.16,742.29,,147.0,,,,,,1701.24,,,,,230.2,,202.96,758.86,,,,,,,439.61,426.11,,,,71.08,,28.84,,,328.72,537.58,,116.57,,,,
2026-05-31 08:00:00+00:00,,313.03,,,,528.61,273.11,,,376.71,,,462.81,,125.63,,285.31,,,,481.2,,,,240.91,,364.7,190.89,,113.08,,,,116.35,121.56,,102.82,,65.6,,93.36,,208.73,,,18.76,,,,,383.17,320.8,,,,95.66,,,,115.3,,,,298.41,,,,867.55,,,638.57,,204.25,464.08,160.35,980.8,,,234.61,,,,217.05,,,1477.59,233.09,,19.89,,159.5,,250.46,100.78,742.04,,146.19,,,,,,1699.57,,,,,230.14,,202.95,757.87,,,,,,,438.32,427.71,,,,71.05,,28.8,,,328.12,537.04,,116.29,,,,
2026-05-31 12:00:00+00:00,,311.56,,,,523.76,272.95,,,375.28,,,464.6,,125.34,,285.54,,,,483.55,,,,239.78,,362.43,189.74,,112.61,,,,115.2,122.8,,102.99,,66.89,,93.29,,210.04,,,19.02,,,,,382.98,321.48,,,,96.03,,,,115.66,,,,302.89,,,,866.44,,,637.57,,204.29,464.3,159.31,987.64,,,234.65,,,,216.62,,,1475.31,234.71,,19.9,,160.08,,250.87,100.32,741.92,,146.38,,,,,,1710.87,,,,,230.75,,201.86,758.41,,,,,,,436.12,428.37,,,,71.18,,28.71,,,329.6,540.39,,116.94,,,,
2026-05-31 16:00:00+00:00,,312.16,,,,522.87,272.8,,,372.96,,,461.12,,125.43,,284.88,,,,481.02,,,,240.28,,362.84,189.11,,112.76,,,,115.58,122.41,,103.15,,67.27,,93.25,,209.09,,,18.87,,,,,383.13,322.41,,,,95.12,,,,116.35,,,,300.45,,,,860.7,,,637.81,,206.91,465.62,159.13,992.49,,,234.15,,,,216.59,,,1454.94,234.68,,19.95,,159.77,,251.44,99.24,741.6,,146.82,,,,,,1734.97,,,,,232.87,,201.24,758.0,,,,,,,437.11,426.45,,,,71.12,,28.78,,,328.11,537.79,,116.37,,,,
2026-05-31 20:00:00+00:00,,311.94,,,,517.1,272.86,,,370.38,,,465.78,,125.16,,284.08,,,,478.84,,,,242.9,,362.42,190.58,,113.29,,,,114.75,121.37,,103.22,,66.13,,92.76,,206.55,,,19.6,,,,,383.99,320.0,,,,95.68,,,,115.95,,,,302.12,,,,865.27,,,636.41,,206.45,461.64,159.6,989.14,,,235.81,,,,216.2,,,1459.3,234.15,,20.01,,164.42,,250.52,100.28,741.04,,145.77,,,,,,1728.59,,,,,229.8,,203.43,757.2,,,,,,,439.04,431.13,,,,71.22,,28.51,,,327.79,536.1,,116.52,,,,
2026-06-01 00:00:00+00:00,,310.32,,,,513.23,270.18,,,382.65,,,459.19,,126.38,,281.77,,,,474.75,,,,236.93,,360.91,189.94,,111.98,,,,114.18,120.52,,101.9,,65.65,,93.12,,211.75,,,19.35,,,,,379.88,315.89,,,,95.48,,,,116.04,,,,298.66,,,,848.31,,,635.56,,205.03,460.53,159.9,1001.41,,,242.04,,,,216.14,,,1466.58,232.81,,19.68,,160.5,,246.56,99.98,742.51,,138.43,,,,,,1732.1,,,,,231.53,,202.56,758.21,,,,,,,432.78,424.05,,,,71.07,,27.99,,,325.71,540.36,,115.62,,,,
2026-06-01 04:00:00+00:00,,309.91,,,,511.54,270.36,,,377.77,,,457.6,,126.06,,281.33,,,,474.5,,,,234.51,,360.51,187.54,,111.22,,,,112.53,120.8,,102.03,,66.18,,93.03,,212.61,,,19.06,,,,,379.95,316.69,,,,94.5,,,,113.92,,,,298.5,,,,849.95,,,633.58,,205.75,459.4,156.61,1005.95,,,242.6,,,,216.19,,,1462.01,232.48,,19.6,,160.33,,243.08,97.16,741.56,,139.78,,,,,,1739.66,,,,,229.57,,203.38,757.83,,,,,,,431.73,425.08,,,,71.26,,27.97,,,325.5,535.5,,115.72,,,,
2026-06-01 08:00:00+00:00,,309.73,,,,497.84,268.7,,,393.95,,,458.43,,125.72,,275.77,,,,474.37,,,,233.88,,346.14,184.86,,109.99,,,,115.17,119.96,,101.7,,66.33,,93.03,,213.76,,,20.51,,,,,378.07,317.22,,,,92.19,,,,107.96,,,,298.1,,,,817.14,,,637.58,,198.66,469.66,153.66,1007.43,,,245.98,,,,216.0,,,1478.56,233.94,,19.63,,162.44,,227.18,98.48,740.78,,137.11,,,,,,1745.95,,,,,218.9,,200.66,758.17,,,,,,,430.02,425.95,,,,71.68,,28.17,,,326.2,536.28,,114.99,,,,
2026-06-01 12:00:00+00:00,,306.99,,,,510.8,263.85,,,417.38,,103.74,459.23,,125.9,9.66,275.04,,,,471.38,,,,222.57,,353.59,184.89,,108.39,,,,123.39,120.9,,101.82,,67.18,,92.66,106.96,213.1,,,26.36,,,,,375.88,309.19,,,,91.04,,,,111.05,,,,296.79,,,,883.17,1081.18,,616.65,,214.88,461.04,150.43,1032.23,,,269.96,,15.88,,219.7,44.51,,1450.62,243.12,,18.99,,160.5,,232.89,96.87,741.73,,124.75,,,,,,1753.96,,,,,225.96,,196.86,756.46,,,,,,,421.38,440.71,,,,74.21,,29.88,,,321.21,550.44,,114.06,,,,
2026-06-01 16:00:00+00:00,,306.41,,,,510.85,261.38,,,409.54,,106.16,460.62,,125.56,9.76,273.95,,,,471.29,,,,213.34,,363.51,182.69,,105.02,,,,125.09,121.39,,102.84,,68.09,,92.91,106.84,216.91,,,27.13,,,,,376.68,310.66,,,,90.76,,,,109.42,,,,296.85,,,,906.18,1082.69,,601.14,,219.53,460.93,149.77,1035.54,,,265.04,,16.27,,224.47,44.2,,1484.9,248.54,,18.64,,160.74,,229.35,91.8,743.44,,122.47,,,,,,1760.87,,,,,227.06,,198.48,758.06,,,,,,,416.19,436.55,,,,73.86,,29.44,,,322.98,546.7,,114.7,,,,
2026-06-01 20:00:00+00:00,,305.51,,,,507.09,259.87,,,414.59,,105.09,472.65,,125.46,10.03,274.24,,,,471.77,,,,214.45,,363.33,181.44,,104.85,,,,126.51,121.97,,102.1,,68.2,,92.71,108.37,215.67,,,28.63,,,,,374.22,311.13,,,,90.12,,,,108.77,,,,296.64,,,,913.05,1083.12,,601.49,,219.94,452.75,149.11,1040.36,,,268.19,,16.32,,224.11,43.77,,1487.05,242.36,,18.84,,158.16,,229.1,93.52,740.65,,123.0,,,,,,1756.27,,,,,225.76,,197.57,756.43,,,,,,,414.08,438.32,,,,73.71,,29.45,,,322.56,549.11,,114.54,,,,
2026-06-02 00:00:00+00:00,,305.88,,,,500.3,259.38,,,403.33,,107.04,473.89,,131.66,9.78,272.46,,,,471.23,,,,211.62,,359.72,181.0,,104.46,,,,125.4,121.48,,102.62,,66.13,,91.79,104.29,206.09,,,27.29,,,,,370.24,310.09,,,,89.3,,470.11,,110.12,,,,297.23,,,,903.24,1080.75,,602.77,,258.43,451.95,148.44,1016.5,,,263.81,,16.11,,222.68,44.51,,1479.52,237.9,,18.74,,155.46,,222.96,92.08,738.72,,121.13,234.53,,1524.65,,,1719.49,,,,,223.96,,198.67,755.06,,,,,,,412.71,432.41,,,,73.34,,29.31,,,323.7,543.83,,114.8,,,,
2026-06-02 04:00:00+00:00,,307.11,,,,504.8,260.0,1711.81,,411.41,,108.65,480.84,,133.22,9.71,274.32,,,,471.5,,,,214.68,,367.96,180.08,,103.15,,,,129.27,121.38,,102.65,,67.47,,93.06,105.4,211.0,,,28.14,,,,,369.08,310.05,,,,89.33,,477.41,,107.48,,,,296.6,,,,923.57,1081.33,,604.73,,259.04,455.51,146.81,1026.22,,,271.52,,16.51,,225.37,43.67,,1472.07,243.7,,18.73,,157.94,,227.21,93.38,742.0,,124.68,236.86,,1543.92,,,1732.77,,,,,231.78,,199.41,757.21,,,,,,,417.46,437.4,,,,73.85,,29.52,,,322.84,542.38,,114.71,,,,
2026-06-02 08:00:00+00:00,,305.98,,,,504.3,257.77,1744.99,,412.43,,109.2,486.71,,132.4,9.82,281.09,,,,471.61,,,,219.2,,381.3,178.84,,102.82,,,,129.1,121.08,,102.44,,68.02,,92.75,106.61,211.78,,,27.26,,,,,366.84,310.15,,,,89.19,,475.48,,107.48,,,,296.24,,,,963.08,1078.35,,604.74,,264.0,448.8,144.56,1044.93,,,278.3,,16.76,,227.48,44.12,,1453.43,237.81,,18.7,,155.88,,231.42,93.55,742.26,,125.0,244.82,,1570.33,,,1750.89,,,,,243.35,,199.53,756.66,,,,,,,417.46,438.22,,,,73.28,,30.09,,,321.5,553.55,,114.26,,,,
2026-06-02 12:00:00+00:00,,312.43,,,,517.4,259.53,1739.72,,425.12,,113.57,484.32,,133.42,9.88,298.39,,,,472.52,,,,234.16,,425.42,173.33,,99.68,,,,124.03,127.54,,101.15,,68.88,,93.49,107.15,214.12,,,28.53,,,,,366.78,310.17,,,,87.27,,477.94,,108.41,,,,299.48,,,,1017.0,1069.54,,607.66,,282.93,444.2,136.27,1043.43,,,264.88,,17.0,,225.51,43.15,,1439.7,243.64,,18.55,,153.68,,241.55,93.04,745.98,,124.64,250.2,,1606.0,,,1747.92,,,,,261.7,,196.1,759.41,,,,,,,422.07,448.35,,,,72.37,,30.77,,,316.27,560.91,,113.39,,,,
2026-06-02 16:00:00+00:00,,315.34,,,,522.18,256.77,1757.98,,403.02,,118.27,482.26,,130.99,10.35,302.79,,,,472.97,,,,236.98,,427.19,174.06,,100.88,,,,119.33,128.23,,101.45,,69.76,,93.62,107.26,214.58,,,27.97,,,,,362.2,311.53,,,,88.18,,477.32,,107.93,,,,301.2,,,,1029.75,1064.58,,598.17,,291.04,441.78,136.14,1064.85,,,260.85,,16.84,,222.94,43.11,,1442.73,244.66,,18.73,,152.33,,241.07,96.66,746.41,,123.42,253.15,,1622.0,,,1718.69,,,,,266.59,,195.43,759.28,,,,,,,423.88,447.3,,,,71.67,,30.72,,,317.6,563.25,,113.15,,,,
2026-06-02 20:00:00+00:00,,315.2,,,,519.35,256.5,1756.55,,397.53,,116.83,495.12,,131.01,11.16,301.8,,,,472.27,,,,235.5,,426.87,173.6,,100.67,,,,119.39,128.44,,101.31,,69.45,,93.26,107.6,213.19,,,27.16,,,,,362.5,311.38,,,,87.17,,486.38,,106.22,,,,301.36,,,,1027.6,1065.22,,600.3,,319.09,438.64,135.04,1056.92,,,259.96,,16.74,,221.91,43.22,,1437.93,239.7,,18.52,,150.01,,239.18,93.3,746.49,,122.77,252.72,,1629.0,,,1721.36,,,,,271.12,,195.74,759.22,,,,,,,421.8,446.28,,,,71.57,,30.22,,,319.21,561.96,,112.96,,,,
2026-06-03 00:00:00+00:00,,314.51,,,,519.71,256.31,1775.4,,400.39,,116.36,498.65,,129.57,11.78,305.36,,,,470.27,,,,236.4,,462.17,171.72,,99.36,,,,120.06,128.87,,101.39,,69.92,,94.84,107.44,214.48,,,27.41,,,,,364.31,312.94,,,,86.78,,480.6,,107.37,,,,300.1,,,,1057.17,1072.15,,601.88,,331.09,435.33,133.6,1062.82,,,259.18,,17.51,,221.76,42.8,,1432.59,239.82,,18.58,,149.36,,238.32,92.7,746.54,,122.9,256.06,,1659.38,,,1724.91,,,,,273.35,,187.58,759.14,,,,,,,420.2,447.25,,,,71.68,,30.6,,,318.96,565.66,,113.1,,,,
2026-06-03 04:00:00+00:00,,314.2,,,,517.24,256.45,1804.25,,401.8,,116.85,497.31,,129.78,11.36,304.09,,,,472.21,,,,238.36,,445.14,175.16,,102.17,,,,119.61,128.63,,101.64,,68.84,,94.71,108.09,213.43,,,27.32,,,,,364.13,311.35,,,,88.05,,488.5,,108.55,,,,301.2,,,,1049.01,1065.66,,600.84,,332.88,439.2,137.22,1061.37,,,258.43,,16.94,,222.83,43.27,,1438.0,240.27,,18.73,,150.6,,238.02,97.18,746.8,,123.28,254.13,,1635.68,,,1718.83,,,,,275.89,,191.72,758.92,,,,,,,420.46,449.02,,,,71.62,,30.56,,,318.9,564.75,,113.16,,,,
2026-06-03 08:00:00+00:00,,314.33,,,,537.25,256.28,1913.0,,408.17,,114.93,493.47,,129.41,11.04,300.46,,,,471.38,,,,235.06,,430.27,173.79,,98.95,,200.13,,121.74,126.03,440.55,101.1,,69.44,,94.41,107.81,214.24,,,27.14,,,,,357.97,309.25,,,,87.09,,486.84,323.3,114.23,,71.12,,298.74,,,,1010.35,1065.8,,603.1,,328.63,440.72,136.17,1078.54,,,262.77,,16.93,128.29,224.16,42.92,13.24,1511.63,245.43,,18.67,,151.55,,235.93,96.52,748.6,,120.28,258.72,,1655.91,,,1731.14,,,,,281.46,,188.3,758.68,,,,,,,419.84,448.34,,,,71.66,,29.94,,,317.71,568.82,,112.88,,,,
2026-06-03 12:00:00+00:00,,311.42,,,,532.81,250.18,1858.66,,399.9,,108.93,486.03,,127.63,10.19,290.37,,,,474.38,,,,217.14,,416.72,165.81,,93.39,,191.56,,112.6,128.02,415.53,99.68,,68.74,,93.92,106.63,210.99,,,25.87,,,,,359.83,312.11,,,,83.26,,514.36,304.28,112.32,,66.83,,297.9,,,,964.84,1086.3,,613.76,,306.17,427.43,130.66,1057.55,,,255.05,,17.16,120.54,216.98,42.33,11.91,1501.04,230.94,,16.85,,144.12,,252.77,99.16,744.16,,116.48,248.16,,1622.0,,,1788.98,,,,,276.54,,189.01,755.12,,,,,,,423.97,439.56,,,,70.47,,28.14,,,310.65,593.84,,116.47,,,,
2026-06-03 16:00:00+00:00,,310.4,,,,543.43,250.2,1824.62,,412.15,,107.96,480.09,,127.4,10.21,287.2,,,,476.38,,,,215.23,,418.45,163.34,,90.43,,190.72,,111.14,126.66,421.25,99.6,,69.81,,93.92,106.83,212.9,,,24.81,,,,,359.62,313.1,,,,82.86,,508.12,306.49,112.71,,65.74,,300.95,,,,939.96,1083.04,,623.53,,302.2,427.99,126.62,1079.76,,,251.62,,16.75,117.94,215.0,42.05,11.64,1502.97,230.76,,17.02,,142.29,,250.24,98.97,745.12,,114.82,244.54,,1630.76,,,1834.65,,,,,280.09,,188.4,754.14,,,,,,,423.7,437.47,,,,71.73,,27.99,,,313.8,594.7,,116.96,,,,
2026-06-03 20:00:00+00:00,,313.78,,,,526.12,251.35,1790.28,,394.14,,104.48,414.5,,126.96,9.21,280.36,,,,478.94,,,,211.35,,398.36,161.52,,89.19,,186.83,,106.47,129.4,406.5,99.68,,66.71,,93.68,105.04,204.93,,,23.71,,,,,358.02,312.81,,,,80.86,,478.33,294.0,110.63,,62.45,,300.66,,,,900.16,1086.24,,619.48,,282.33,426.74,124.07,1051.0,,,240.65,,16.0,114.1,214.27,41.92,11.25,1442.62,219.94,,17.06,,140.22,,245.24,95.88,739.17,,111.84,236.12,,1543.8,,,1786.39,,,,,261.12,,188.15,750.47,,,,,,,420.16,431.69,,,,71.38,,26.91,,,314.58,580.49,,118.33,,,,
2026-06-04 00:00:00+00:00,,314.0,,,,534.96,251.4,1846.31,,395.9,,106.25,419.55,,126.19,9.41,284.21,,,,477.56,,,,214.72,,408.06,165.05,,92.55,,186.67,,109.3,129.29,411.11,100.05,,67.3,,93.26,106.34,207.02,,,24.14,,,,,360.43,311.59,,,,82.82,,464.75,295.68,111.31,,63.28,,300.33,,,,916.2,1088.07,,617.93,,289.56,427.66,128.51,1053.77,,,245.69,,16.28,116.28,215.42,42.03,11.45,1466.76,222.28,,17.16,,141.62,,245.91,96.89,740.96,,115.43,235.41,,1516.38,,,1789.92,,,,,267.19,,188.12,751.14,,,,,,,421.97,437.65,,,,71.57,,27.58,,,314.64,586.67,,118.3,,,,
2026-06-04 04:00:00+00:00,,312.33,,,,531.99,251.47,1808.8,,395.7,,108.21,427.34,,126.24,9.41,286.03,,,,476.89,,,,216.06,,402.48,163.13,,91.16,,193.85,,109.27,129.07,413.87,99.84,,66.61,,93.75,105.67,203.82,,,24.56,,,,,360.64,310.97,,,,82.48,,456.55,300.77,112.75,,63.4,,301.17,,,,911.33,1086.22,,621.03,,292.73,429.42,126.84,1052.49,,,245.19,,15.96,117.61,215.7,42.24,11.62,1434.12,225.75,,17.11,,142.74,,246.57,97.43,741.63,,115.06,229.07,,1487.79,,,1788.12,,,,,267.57,,187.1,752.37,,,,,,,420.96,435.08,,,,71.82,,27.73,,,314.0,587.03,,118.51,,,,
2026-06-04 08:00:00+00:00,,313.24,,,,520.62,252.93,1804.0,,384.38,,104.85,408.26,,126.57,9.13,277.92,,,,482.26,,,,211.04,,398.07,162.18,,89.53,,194.82,,107.9,127.91,404.35,100.46,,64.66,,93.62,104.21,200.28,,,24.08,,,,,361.06,314.22,,,,81.81,,442.71,304.1,108.39,,61.5,,303.4,,,,900.18,1098.85,,617.62,,281.2,433.67,124.53,1005.79,,,240.33,,15.68,121.58,212.26,42.79,11.28,1432.54,225.75,,16.85,,145.89,,239.4,91.76,736.09,,112.11,226.12,,1469.72,,,1736.37,,,,,245.23,,181.32,751.16,,,,,,,421.65,429.75,,,,72.32,,26.98,,,316.51,570.5,,119.74,,,,
2026-06-04 12:00:00+00:00,,310.46,,,,522.15,254.12,1736.25,,386.13,,106.08,408.08,,126.57,10.48,287.23,,,,477.55,,,,206.92,,402.71,163.03,,92.02,,189.61,,107.0,128.79,414.85,100.34,,65.75,,93.72,105.09,202.59,,,25.16,,,,,369.94,310.8,,,,85.51,,446.78,305.35,110.54,,61.34,,310.42,,,,904.11,1136.46,,637.69,,306.19,429.26,128.79,1008.7,,,249.28,,16.18,121.34,217.73,44.25,11.91,1429.93,233.45,,16.16,,142.76,,239.56,78.23,738.98,,117.76,227.95,,1521.15,,,1804.68,,,,,255.26,,180.32,754.7,,,,,,,418.95,445.24,,,,73.08,,26.57,,,322.15,585.06,,118.18,,,,
2026-06-04 16:00:00+00:00,,311.46,,,,523.57,254.05,1715.34,,393.17,,107.28,419.5,,126.08,10.3,291.59,,,,479.03,,,,215.59,,422.65,164.35,,90.66,,188.9,,108.21,130.14,421.95,99.37,,65.73,,94.09,105.64,204.04,,,27.18,,,,,372.48,310.17,,,,88.31,,455.01,302.0,111.84,,62.18,,311.21,,,,946.9,1126.3,,627.65,,316.53,428.34,129.37,998.06,,,259.56,,16.58,119.55,218.73,43.76,11.98,1416.43,236.39,,15.72,,141.77,,242.92,60.48,740.91,,119.91,229.68,,1534.49,,,1761.46,,,,,262.8,,170.65,756.62,,,,,,,418.82,445.44,,,,72.25,,27.12,,,320.4,575.86,,117.82,,,,
2026-06-04 20:00:00+00:00,,310.64,,,,514.6,253.47,1700.63,,385.24,,106.15,413.77,,126.17,10.11,287.27,,,,478.57,,,,212.53,,412.65,164.0,,90.68,,188.97,,106.73,130.0,415.62,99.33,,63.35,,94.01,105.47,197.89,,,26.75,,,,,370.64,309.86,,,,87.25,,447.05,299.0,109.9,,61.04,,310.91,,,,921.72,1126.05,,624.45,,304.91,427.7,129.25,971.68,,,254.2,,16.18,119.37,216.45,43.73,11.86,1426.88,234.23,,15.87,,140.94,,239.17,59.67,735.7,,117.82,222.69,,1445.97,,,1732.25,,,,,248.27,,176.0,754.21,,,,,,,416.4,440.03,,,,72.25,,27.02,,,320.47,565.99,,118.19,,,,
2026-06-05 00:00:00+00:00,,310.62,,,,511.7,252.11,1723.43,,379.25,,104.88,411.5,,126.19,10.13,286.0,,,,479.27,,,,210.9,,410.83,161.66,,89.51,,188.78,,106.34,129.94,409.95,99.24,,62.3,,92.98,103.04,193.2,,,26.2,,,,,369.02,309.59,,,,86.39,,437.31,297.03,108.61,,60.34,,311.5,,,,917.38,1125.06,,621.16,,303.22,426.04,127.36,963.14,,,251.7,,16.05,118.24,214.93,43.61,11.8,1418.82,230.26,,15.74,,140.26,,237.07,59.7,733.5,,116.36,217.71,,1367.6,,,1719.55,,,,,244.02,,175.49,752.64,,,,,,,413.4,436.55,,,,72.15,,26.73,,,320.27,568.05,,118.2,,,,
2026-06-05 04:00:00+00:00,,311.14,,,,511.1,252.24,1712.77,,376.62,,104.79,411.08,,125.11,10.1,284.36,,,,479.25,,,,209.24,,403.75,162.45,,90.35,,188.49,,105.66,129.23,407.72,99.63,,61.5,,92.92,102.84,192.83,,,26.2,,,,,369.28,310.08,,,,86.68,,442.51,296.51,108.54,,60.42,,311.85,,,,906.3,1127.88,,624.25,,302.67,427.96,127.97,950.21,,,250.58,,16.12,119.85,215.46,43.74,11.8,1419.54,231.5,,15.8,,140.65,,234.6,57.42,733.35,,116.94,212.82,,1334.57,,,1721.0,,,,,242.71,,173.78,752.84,,,,,,,417.06,435.39,,,,72.14,,26.76,,,321.51,563.62,,117.99,,,,
2026-06-05 08:00:00+00:00,,310.82,,,,506.81,252.51,1732.87,,372.12,,107.84,411.56,,125.53,10.13,282.35,,,,479.21,,,,210.1,,408.02,160.76,,89.57,,190.43,,105.67,129.47,409.22,99.69,,61.71,,93.66,102.53,193.45,,,26.37,,,,,369.78,310.69,,,,86.97,,448.2,298.98,108.36,,60.45,,311.33,,,,905.38,1137.07,,624.97,,303.75,430.4,125.99,957.95,,,250.41,,15.96,120.21,215.51,44.16,11.9,1410.45,235.09,,15.73,,141.52,,237.9,58.43,733.17,,121.86,218.93,,1369.3,,,1720.04,,,,,237.68,,167.24,753.2,,,,,,,419.11,435.26,,,,72.08,,26.82,,,321.74,559.54,,117.43,,,,
2026-06-05 12:00:00+00:00,,313.35,,,,485.47,253.14,1712.82,,358.91,,96.17,395.26,,122.46,9.57,269.99,,,,487.62,,,,210.61,,405.95,150.53,,81.93,,185.51,,100.66,124.73,404.4,99.35,,59.26,,92.19,99.91,185.21,,,23.43,,,,,370.25,309.52,,,,82.97,,432.07,285.45,103.68,,54.34,,311.47,,,,920.32,1160.01,,613.34,,291.65,421.0,117.06,930.55,,,231.92,,15.09,114.3,209.45,43.61,10.84,1374.43,218.1,,15.3,,137.75,,224.97,56.0,721.18,,112.77,208.47,,1317.59,,,1640.5,,,,,214.2,,165.39,746.26,,,,,,,401.51,425.76,,,,70.57,,23.05,,,321.74,538.4,,120.0,,,,
2026-06-05 16:00:00+00:00,,307.37,,,,466.61,246.22,1689.89,,342.89,,93.5,385.9,,121.06,9.41,263.76,,,,488.94,,,,201.0,,376.95,152.52,,80.35,,185.71,,100.43,121.66,394.46,99.83,,55.78,,90.75,97.97,175.46,,,22.9,,,,,368.89,310.83,,,,82.45,,423.34,284.69,99.03,,54.28,,312.59,,,,863.64,1132.37,,593.13,,263.52,416.97,120.64,866.49,,,228.16,,14.36,112.48,205.3,42.99,10.45,1346.77,213.77,,15.07,,135.64,,215.75,56.32,706.4,,110.11,198.89,,1259.6,,,1559.69,,,,,184.08,,167.5,737.12,,,,,,,390.93,415.78,,,,70.73,,22.41,,,323.85,511.02,,118.97,,,,
2026-06-05 20:00:00+00:00,,307.55,,,,458.7,245.79,1684.39,,334.93,,91.34,385.03,,120.78,9.16,253.08,,,,486.33,,,,199.94,,370.66,151.55,,80.4,,184.52,,98.12,121.18,387.26,99.76,,55.43,,90.47,97.2,176.51,,,22.38,,,,,364.57,309.72,,,,81.4,,419.45,280.85,96.93,,53.27,,311.67,,,,849.35,1124.28,,589.45,,272.6,412.37,120.23,859.38,,,221.56,,14.11,111.12,203.93,42.8,10.27,1335.69,210.02,,15.06,,133.92,,211.13,55.47,701.24,,107.4,196.99,,1238.66,,,1532.79,,,,,178.2,,166.6,735.97,,,,,,,391.0,411.21,,,,70.51,,22.77,,,322.74,501.63,,118.65,,,,
2026-06-06 00:00:00+00:00,,305.09,,,,446.35,244.44,1658.27,,329.2,,84.21,372.26,,120.09,9.01,248.97,,,,481.74,,,,190.32,,360.0,149.5,,79.09,,179.64,,93.87,120.73,384.49,99.69,,54.7,,88.48,96.25,175.92,,,21.01,,,,,361.84,306.68,,,,80.51,,414.39,276.19,95.07,,52.06,,302.76,,,,828.47,1116.4,,587.92,,268.42,410.29,118.2,853.02,,,223.96,,13.67,111.42,202.7,42.95,10.24,1301.35,208.56,,14.97,,132.83,,205.52,52.54,698.29,,101.79,192.16,,1213.34,,,1521.34,,,,,172.96,,163.81,734.77,,,,,,,389.33,402.5,,,,70.06,,22.44,,,320.96,484.4,,117.01,,,,
2026-06-06 04:00:00+00:00,,304.29,,,,440.61,243.16,1642.91,,328.86,,85.64,372.47,,120.22,9.01,247.08,,,,484.5,,,,190.2,,357.11,148.8,,77.57,,182.6,,93.93,119.68,386.67,99.74,,54.25,,88.08,96.09,174.38,,,21.11,,,,,361.22,307.82,,,,79.88,,415.62,276.06,95.29,,52.62,,302.21,,,,837.94,1108.87,,585.57,,265.35,409.26,118.36,853.84,,,224.31,,13.37,107.93,201.09,43.02,10.11,1275.41,205.96,,14.61,,131.72,,205.66,52.9,695.29,,101.91,190.77,,1212.84,,,1532.23,,,,,173.24,,165.1,732.15,,,,,,,385.46,400.91,,,,70.01,,22.34,,,318.16,487.07,,115.97,,,,
2026-06-06 08:00:00+00:00,,305.41,,,,448.3,243.74,1652.16,,333.83,,84.68,371.62,,120.39,9.24,249.9,,,,483.16,,,,191.74,,354.95,149.21,,77.42,,181.8,,95.03,120.31,385.76,99.26,,54.56,,88.04,95.05,175.58,,,20.68,,,,,361.92,308.56,,,,80.27,,416.3,276.5,96.38,,52.42,,301.57,,,,843.35,1112.01,,587.89,,268.5,411.31,117.99,864.88,,,223.56,,13.24,107.46,203.53,44.01,10.15,1330.93,209.65,,14.58,,133.16,,204.62,52.71,700.77,,101.53,189.18,,1211.71,,,1536.42,,,,,175.71,,166.04,734.32,,,,,,,388.87,402.47,,,,70.37,,22.59,,,314.36,487.25,,116.39,,,,
2026-06-06 12:00:00+00:00,,306.8,,,,453.12,244.59,1648.08,,336.2,,84.5,374.56,,120.67,9.3,253.02,,,,483.71,,,,192.45,,359.14,149.79,,78.12,,181.6,,96.3,120.51,386.18,99.33,,54.61,,87.77,94.07,176.1,,,20.78,,,,,365.4,306.81,,,,80.91,,412.97,277.91,96.83,,52.36,,303.14,,,,844.2,1104.52,,591.25,,267.34,413.8,118.63,869.11,,,224.14,,13.32,109.98,204.32,43.78,10.18,1304.49,211.97,,14.41,,134.34,,205.34,52.34,705.39,,102.27,191.3,,1202.82,,,1538.79,,,,,174.34,,163.73,737.29,,,,,,,391.12,406.68,,,,70.68,,23.14,,,311.71,492.96,,116.46,,,,
2026-06-06 16:00:00+00:00,,307.41,,,,453.87,245.24,1637.14,,336.75,,85.27,376.87,,120.85,9.38,251.11,,,,484.64,,,,196.07,,361.55,149.13,,77.6,,186.12,,97.8,120.7,385.75,99.3,,55.66,,88.19,94.31,174.98,,,21.09,,,,,365.96,308.07,,,,80.84,,418.22,279.29,97.28,,53.14,,302.51,,,,852.96,1114.96,,592.45,,273.44,415.33,117.81,874.92,,,224.53,,13.65,109.88,205.65,44.18,10.19,1334.65,213.16,,14.34,,134.71,,207.87,53.13,704.55,,103.78,191.18,,1205.32,,,1538.53,,,,,174.09,,163.44,737.92,,,,,,,392.59,405.32,,,,70.51,,22.93,,,312.37,491.95,,116.71,,,,
2026-06-06 20:00:00+00:00,,307.62,,,,457.04,245.82,1666.97,,338.89,,86.59,378.64,,121.17,9.64,251.9,,,,486.56,,,,197.87,,358.14,150.66,,78.56,,191.49,,97.89,120.97,390.17,99.24,,55.73,,88.23,94.15,176.11,,,21.29,,,,,366.42,309.01,,,,81.29,,418.73,278.97,97.99,,53.24,,303.25,,,,849.81,1115.63,,593.42,,278.85,416.85,118.53,877.69,,,225.16,,13.72,109.63,206.75,44.41,10.34,1339.03,214.27,,14.42,,135.2,,208.51,53.88,705.89,,105.31,192.77,,1213.7,,,1552.97,,,,,175.0,,166.93,738.14,,,,,,,393.93,404.39,,,,70.8,,23.12,,,314.91,490.65,,116.77,,,,
2026-06-07 00:00:00+00:00,,308.54,,,,458.55,245.97,1689.18,,342.32,,86.21,379.87,,121.37,9.61,254.45,,,,489.18,,,,199.24,,364.55,152.67,,79.55,,189.86,,99.53,121.08,392.33,99.37,,55.96,,88.07,94.28,176.88,,,21.11,,,,,368.43,310.35,,,,81.76,,416.62,280.8,99.05,,53.68,,303.86,,,,851.06,1103.31,,594.63,,283.82,417.6,120.2,874.92,,,225.55,,14.02,111.35,206.24,44.16,10.34,1329.73,214.99,,14.5,,135.76,,208.34,54.87,705.98,,104.96,193.71,,1215.15,,,1554.87,,,,,179.2,,169.02,738.67,,,,,,,394.49,407.39,,,,71.09,,23.46,,,318.3,494.32,,117.22,,,,
2026-06-07 04:00:00+00:00,,309.21,,,,460.28,246.84,1714.18,,346.96,,89.1,384.19,,121.56,9.69,259.88,,,,494.87,,,,201.78,,373.77,154.67,,80.97,,192.89,,99.57,121.61,401.11,100.2,,57.06,,88.52,94.03,178.02,,,21.46,,,,,368.85,311.28,,,,82.44,,417.81,281.45,100.02,,54.42,,304.57,,,,852.11,1118.28,,596.53,,282.16,418.62,122.79,881.52,,,227.83,,13.98,113.45,207.52,44.39,10.35,1356.6,214.99,,14.76,,135.82,,213.06,56.04,706.9,,106.38,194.52,,1240.0,,,1550.41,,,,,182.53,,169.55,739.33,,,,,,,397.51,411.93,,,,71.2,,23.69,,,319.55,497.68,,117.32,,,,
2026-06-07 08:00:00+00:00,,307.02,,,,461.21,245.64,1706.24,,344.89,,87.54,379.96,,121.56,9.54,258.56,,,,495.6,,,,204.74,,381.68,155.0,,81.18,,192.7,,100.0,121.33,395.62,99.76,,58.3,,88.53,94.83,178.76,,,21.63,,,,,366.1,309.62,,,,81.85,,420.7,281.77,99.79,,54.57,,306.78,,,,854.2,1117.94,,593.44,,290.0,416.27,124.85,897.41,,,230.19,,14.03,111.96,205.18,44.44,10.25,1348.5,212.53,,14.84,,134.45,,211.79,55.01,704.17,,107.21,201.03,,1286.19,,,1561.11,,,,,188.54,,169.54,736.27,,,,,,,394.47,412.14,,,,70.67,,23.37,,,319.21,490.24,,117.42,,,,
2026-06-07 12:00:00+00:00,,307.28,,,,466.82,245.66,1708.26,,349.83,,88.89,384.67,,121.6,9.49,258.45,,,,494.71,,,,205.58,,381.01,153.4,,81.39,,193.23,,98.81,121.44,399.88,99.78,,58.63,,88.33,95.94,178.97,,,21.63,,,,,366.8,311.66,,,,81.91,,419.79,280.91,100.41,,53.56,,305.57,,,,871.97,1112.8,,594.58,,286.72,415.45,123.69,900.82,,,230.04,,14.11,111.9,206.87,44.29,10.2,1347.9,214.06,,15.0,,134.94,,212.38,54.65,707.3,,107.64,195.8,,1288.2,,,1576.2,,,,,187.82,,173.14,737.0,,,,,,,394.94,413.06,,,,70.91,,23.28,,,319.98,498.39,,117.27,,,,
2026-06-07 16:00:00+00:00,,306.14,,,,460.84,244.68,1701.7,,341.57,,88.18,377.16,,121.04,9.03,255.92,,,,494.24,,,,198.33,,374.86,151.18,,80.45,,189.9,,98.22,121.14,395.34,99.67,,56.63,,87.94,96.47,176.74,,,21.57,,,,,364.58,310.26,,,,80.84,,416.7,280.54,99.73,,53.32,,308.6,,,,866.85,1135.1,,590.79,,282.91,413.99,119.68,892.56,,,227.72,,13.92,111.38,204.91,43.94,10.12,1322.15,211.17,,15.11,,134.68,,209.98,54.35,704.45,,107.74,196.71,,1277.12,,,1567.1,,,,,185.7,,170.59,734.31,,,,,,,392.39,409.3,,,,70.65,,23.0,,,318.56,499.59,,116.72,,,,
2026-06-07 20:00:00+00:00,,307.33,,,,466.44,245.8,1729.08,,345.32,,90.56,383.26,,121.34,9.18,258.96,,,,491.0,,,,199.48,,382.66,156.15,,82.45,,190.22,,98.6,121.02,396.6,99.48,,56.45,,89.55,96.63,176.86,,,22.69,,,,,366.21,312.61,,,,82.41,,414.04,279.27,101.15,,54.89,,308.3,,,,877.78,1143.73,,592.56,,283.78,416.05,124.83,888.57,,,227.26,,14.01,112.17,208.18,43.88,10.22,1344.72,214.38,,15.36,,135.39,,214.31,55.77,707.28,,106.94,193.43,,1248.3,,,1574.58,,,,,187.01,,170.62,736.6,,,,,,,397.04,409.14,,,,70.76,,23.32,,,319.39,502.48,,116.81,,,,
2026-06-08 00:00:00+00:00,,308.34,,,,470.8,247.32,1736.61,,340.09,,94.57,391.95,,121.4,9.5,259.2,,,,487.98,,,,201.72,,383.4,156.92,,82.39,,186.03,,100.15,121.45,395.64,99.65,,58.48,,90.38,98.85,182.18,,,23.15,,,,,366.2,310.24,,,,83.2,,420.05,282.76,99.68,,55.39,,311.72,,,,868.56,1211.8,,596.53,,280.85,415.27,124.08,902.6,,,230.71,,14.46,113.5,208.01,43.21,10.55,1387.36,216.43,,15.23,,136.07,,213.33,56.28,711.04,,111.1,201.28,,1308.44,,,1605.2,,,,,193.89,,168.75,738.54,,,,,,,395.72,422.25,,,,70.84,,22.85,,,323.1,527.52,,118.86,,,,
2026-06-08 04:00:00+00:00,,308.62,,,,476.35,247.65,1717.44,,340.66,,93.69,391.67,,121.35,9.4,259.86,,,,486.82,,,,205.9,,382.74,156.61,,82.45,,184.97,,100.21,122.16,392.27,99.65,,57.85,,90.98,99.69,179.74,,,23.22,,,,,365.49,309.61,,,,83.06,,416.75,281.7,100.12,,55.33,,311.97,,,,871.2,1185.68,,596.09,,280.62,415.63,124.27,896.32,,,231.14,,14.65,112.32,208.22,42.83,10.49,1370.48,215.88,,15.1,,135.46,,216.45,55.59,711.8,,110.61,195.13,,1275.0,,,1579.91,,,,,194.86,,166.84,739.54,,,,,,,394.55,422.97,,,,70.84,,22.84,,,321.95,522.48,,118.67,,,,
2026-06-08 08:00:00+00:00,185.51,308.52,,,471.57,479.33,248.76,1720.25,,348.57,,96.09,397.47,93.24,122.16,9.57,264.28,,,,486.99,,116.59,,212.68,,388.92,158.31,,83.66,214.95,185.22,674.15,102.37,122.7,399.13,99.76,,59.63,,91.5,100.72,184.4,,,23.63,,,,,366.66,309.83,,,,84.32,49.75,424.92,284.27,101.91,,56.5,284.91,312.06,,,,884.72,1148.06,,597.3,,286.68,415.35,125.74,924.3,,,237.35,,14.78,113.1,209.83,42.51,10.86,1369.15,218.06,,15.24,,136.14,,217.69,56.65,714.5,,113.48,204.8,,1355.79,,,1626.79,,,,,202.5,,165.53,742.12,,,,,,,397.88,430.04,,,,70.88,,23.53,,,323.46,530.24,,118.51,,,,
2026-06-08 12:00:00+00:00,194.58,313.62,,,493.03,489.71,245.98,1708.26,,357.79,,92.38,397.01,93.56,121.22,9.51,254.1,,,,488.0,,115.28,,237.55,,406.14,161.41,,82.34,225.26,182.49,655.79,102.75,126.1,404.28,99.14,,60.97,,92.14,100.7,185.93,,,25.18,,,,,362.27,311.59,,,,84.68,50.5,429.24,281.92,111.45,,58.04,285.68,312.63,,,,894.98,1164.23,,588.15,,301.04,410.64,127.1,955.79,,,226.08,,14.85,114.14,208.45,41.79,10.56,1359.65,213.18,,15.34,,136.18,,219.02,60.22,719.92,,113.86,206.51,,1340.65,,,1662.37,,,,,217.75,,170.78,742.18,,,,,,,402.14,429.84,,,,70.61,,22.77,,,320.29,528.2,,119.82,,,,
2026-06-08 16:00:00+00:00,196.88,301.66,,,491.61,490.34,245.4,1726.53,,346.59,,92.21,396.84,91.33,120.12,9.29,253.96,,,,487.44,,114.24,,238.01,,402.06,162.18,,82.58,222.72,182.6,658.2,102.42,124.14,400.4,98.94,,60.55,,91.94,100.55,185.78,,,24.05,,,,,363.61,309.97,,,,85.05,49.86,428.34,281.16,110.24,,59.22,284.2,311.31,,,,894.95,1148.98,,585.65,,288.21,412.15,127.25,949.56,,,218.2,,14.59,114.36,208.77,40.98,10.31,1372.72,211.92,,15.19,,136.49,,217.94,58.6,716.24,,113.76,208.47,,1353.4,,,1641.76,,,,,211.62,,174.71,739.01,,,,,,,409.06,427.38,,,,70.13,,22.21,,,319.63,526.96,,119.93,,,,
2026-06-08 20:00:00+00:00,196.8,300.92,,,491.56,489.85,245.01,1719.5,,348.26,,92.04,396.33,91.54,120.07,9.21,253.77,,,,487.52,,114.12,,240.22,,401.2,161.66,,82.54,222.65,182.46,658.1,102.28,124.09,397.36,98.91,,60.89,,91.36,101.44,186.56,,,23.95,,,,,363.61,310.16,,,,84.92,49.69,433.97,280.94,109.89,,58.7,283.66,311.29,,,,893.17,1155.01,,586.36,,287.67,411.56,126.27,954.75,,,220.49,,14.64,113.57,207.82,41.11,10.4,1346.06,211.58,,15.22,,135.97,,224.81,60.31,715.43,,113.81,206.8,,1369.08,,,1649.78,,,,,211.68,,172.7,738.68,,,,,,,408.93,428.44,,,,70.22,,22.44,,,320.54,526.78,,119.76,,,,
2026-06-09 00:00:00+00:00,200.97,301.17,,,496.15,495.3,245.58,1691.37,,351.19,,93.35,398.76,91.95,120.57,9.34,256.82,,,,486.76,,114.66,,241.47,,409.04,161.43,,82.49,225.07,183.09,663.27,103.69,124.54,401.24,98.99,,61.8,,91.29,102.54,188.91,,,24.42,,,,,364.26,310.64,,,,85.27,50.15,421.01,281.83,113.28,,59.34,285.28,311.86,,,,902.68,1158.24,,588.9,,293.84,412.86,126.34,973.41,,,224.74,,14.84,114.71,209.46,41.11,10.36,1352.3,213.82,,15.24,,136.8,,227.09,59.96,719.42,,115.4,206.76,,1405.83,,,1671.88,,,,,219.88,,170.2,740.86,,,,,,,408.96,426.9,,,,70.5,,22.66,,,320.03,533.74,,119.8,,,,
2026-06-09 04:00:00+00:00,202.12,301.15,,,496.54,495.27,245.87,1717.6,,357.23,,94.49,399.87,93.73,119.88,9.38,260.8,,,,487.93,,115.44,,241.55,,409.53,162.42,,83.45,226.29,182.46,660.99,104.88,124.07,402.33,99.06,,63.19,,91.8,103.34,192.03,,,24.82,,,,,364.42,311.52,,,,85.47,50.24,423.19,280.48,112.31,,60.49,285.17,310.93,,,,906.45,1157.02,,587.7,,298.0,411.42,127.08,994.05,,,227.35,,14.63,113.84,210.08,41.33,10.51,1356.6,213.92,,15.14,,136.45,,224.04,60.39,719.85,,116.86,212.23,,1452.54,,,1689.37,,,,,221.49,,169.19,740.88,,,,,,,410.28,429.61,,,,70.55,,22.64,,,320.07,539.94,,119.38,,,,
2026-06-09 08:00:00+00:00,204.8,299.94,,,503.34,501.83,246.66,1717.17,,359.35,,98.35,401.31,95.8,121.55,9.41,261.93,,,,487.8,,114.57,,245.28,,412.09,160.68,972.77,82.57,228.8,181.24,658.98,105.34,124.6,404.85,99.18,,63.88,109.08,92.08,102.69,195.08,,,24.79,,,,,366.27,310.51,27.55,,,85.62,50.16,425.44,280.12,113.33,,60.08,286.46,312.34,,,,911.93,1155.14,,593.17,,299.48,410.7,125.34,995.84,,,227.23,82.33,14.89,112.47,209.43,41.39,10.53,1356.2,215.58,,15.21,,135.8,,223.27,60.68,721.92,,118.99,219.16,,1500.0,,,1702.43,,,,,227.98,,172.44,742.12,,,,,,,412.22,429.47,,,,70.53,56.66,22.82,,,319.95,541.42,,119.4,,,,
2026-06-09 12:00:00+00:00,167.25,291.38,,,483.55,460.12,242.78,1655.4,,314.57,,88.26,378.1,79.76,119.17,8.4,252.87,,,,490.14,,117.56,,217.82,,347.93,153.35,977.41,79.31,219.84,173.36,630.36,96.59,118.7,372.01,99.28,,57.79,106.23,90.94,98.79,179.9,,,23.65,,,,,360.22,319.95,26.54,,,81.05,46.84,410.3,274.67,103.8,,53.42,281.4,309.75,,,,802.44,1152.12,,587.6,,254.95,402.04,116.08,889.42,,,210.76,81.96,13.56,105.2,203.15,41.27,9.34,1315.2,202.3,,14.3,,129.91,,198.71,57.93,698.0,,104.79,202.56,,1393.49,,,1638.63,,,,,179.08,,169.81,728.82,,,,,,,392.16,415.43,,,,69.96,52.82,20.38,,,323.21,503.76,,120.02,,,,
2026-06-09 16:00:00+00:00,163.51,290.74,,,499.81,475.9,244.26,1708.52,,325.01,,88.91,392.68,78.87,119.72,8.82,259.3,,,,487.76,,120.31,,226.58,,356.25,155.57,969.64,81.2,234.74,175.36,646.0,98.54,120.31,381.44,99.35,,59.79,108.8,90.92,100.8,183.93,,,23.46,,,,,364.37,321.45,28.97,,,83.78,48.28,411.81,277.65,108.01,,53.98,285.16,312.5,,,,822.89,1144.27,,585.09,,266.92,403.72,117.12,935.0,,,220.25,81.5,13.88,107.04,208.21,42.21,9.68,1327.05,206.0,,14.58,,132.11,,205.58,55.13,708.37,,108.29,203.48,,1378.55,,,1648.75,,,,,201.85,,171.77,736.73,,,,,,,396.85,428.05,,,,70.42,53.76,20.92,,,325.05,517.72,,118.88,,,,
2026-06-09 20:00:00+00:00,167.73,291.48,,,499.08,471.37,243.81,1721.75,,320.66,,89.4,388.84,79.23,119.97,8.67,257.15,,,,487.78,,119.8,,224.07,,355.65,154.83,970.68,79.89,234.1,175.05,642.72,97.73,120.34,377.76,99.34,,59.74,108.61,90.59,101.07,184.03,,,23.2,,,,,363.98,320.4,28.46,,,82.97,47.75,417.25,276.16,107.11,,53.56,284.28,311.76,,,,819.01,1142.96,,587.77,,264.12,403.5,116.58,919.4,,,218.14,81.91,13.75,106.36,206.52,42.12,9.67,1303.32,206.45,,14.58,,131.48,,204.11,55.6,707.29,,107.1,203.16,,1386.11,,,1626.66,,,,,198.2,,170.27,735.31,,,,,,,396.32,425.26,,,,70.36,54.68,20.88,,,324.51,512.95,,119.11,,,,
2026-06-10 00:00:00+00:00,168.13,291.85,,,495.73,467.03,244.13,1709.27,,314.43,,89.6,385.43,78.3,115.22,8.65,256.96,,,,487.84,,119.92,,221.44,,355.38,154.59,969.99,79.77,228.99,174.77,643.24,96.66,120.1,373.48,99.44,,59.28,107.58,90.69,100.75,184.3,,,22.92,,,,,361.76,321.21,28.56,,,82.66,47.46,397.5,274.72,106.19,,53.12,284.24,312.36,,,,813.9,1143.45,,586.02,,261.13,403.4,115.78,906.4,,,215.97,81.72,13.61,105.89,206.02,41.99,9.74,1319.37,206.03,,14.59,,131.52,,202.17,55.87,704.82,,107.53,199.22,,1372.88,,,1622.67,,,,,194.25,,171.08,734.7,,,,,,,393.55,422.68,,,,70.26,53.9,20.8,,,324.89,510.03,,119.36,,,,
2026-06-10 04:00:00+00:00,166.6,290.59,,,492.16,466.95,243.61,1708.57,,314.87,,88.58,386.34,78.29,116.88,8.56,255.8,,,,488.5,,120.13,,222.54,,353.87,154.77,975.59,79.82,231.21,173.23,639.67,96.93,120.14,374.97,99.32,,58.58,107.58,90.21,99.59,183.61,,,23.33,,,,,361.97,320.56,28.49,,,83.76,47.6,392.4,275.18,106.22,,53.5,284.16,312.07,,,,815.38,1145.85,,585.95,,262.13,401.73,116.27,905.62,,,216.36,81.82,13.52,105.03,205.98,41.92,9.62,1330.2,201.78,,14.28,,130.76,,203.76,54.32,704.84,,107.12,198.57,,1328.98,,,1615.2,,,,,193.96,,173.46,734.51,,,,,,,393.2,422.36,,,,70.36,53.46,20.85,,,324.98,508.5,,119.53,,,,
2026-06-10 08:00:00+00:00,163.25,289.7,,,489.6,457.56,242.31,1705.08,,309.96,,85.84,382.65,76.71,116.18,8.44,247.69,,,,489.0,,119.11,,218.94,,344.01,151.93,974.45,78.23,224.18,171.86,628.83,94.84,118.99,367.7,99.09,27.48,56.91,107.48,89.3,97.76,178.14,33.65,,24.17,,,,22.17,360.53,318.48,28.21,,,82.09,46.75,383.64,270.56,104.39,,52.01,282.42,309.54,,,,797.86,1137.75,,579.66,,254.08,397.87,114.29,891.25,,,209.68,81.82,13.53,103.56,203.45,41.68,9.4,1310.68,199.04,,14.37,,129.31,,198.99,53.65,697.76,15.47,104.1,192.95,,1332.17,,,1589.28,,,,,182.33,,162.24,729.8,,,,,,,390.44,412.36,,,,69.85,52.94,20.3,,,324.5,495.12,,119.45,,57.68,,94.3
2026-06-10 12:00:00+00:00,174.38,291.54,,,505.52,461.05,240.2,1702.97,,313.27,,90.0,376.8,87.93,116.48,9.02,237.45,,,,489.2,,119.29,,245.8,,360.65,159.24,978.98,82.47,245.58,174.65,656.57,97.21,119.82,388.15,99.53,29.26,58.74,108.67,89.72,99.13,183.24,33.85,,23.05,,,,22.35,361.27,321.22,28.75,,,88.63,46.35,394.33,276.83,107.37,,53.0,285.34,311.18,,,,853.11,1146.4,,579.95,,259.98,403.12,119.29,911.79,,,220.02,82.63,13.64,108.94,203.62,43.65,9.59,1299.0,206.62,,13.9,,132.81,,195.07,51.53,701.88,15.42,107.96,198.52,,1367.22,,,1680.25,,,,,189.95,,164.04,731.45,,,,,,,386.51,415.97,,,,69.98,52.51,20.94,,,321.07,493.11,,119.64,,58.78,,95.37
2026-06-10 16:00:00+00:00,175.15,291.74,,,497.13,452.1,238.16,1699.2,,307.36,,87.44,372.34,85.61,115.47,8.84,234.34,,,,484.52,,118.45,,237.86,,355.3,154.02,984.93,79.01,238.2,170.97,648.75,95.62,118.78,370.28,98.72,28.88,57.39,106.52,89.28,98.05,178.69,33.79,,21.64,,,,22.46,356.6,319.78,27.76,,,86.4,45.37,384.83,273.2,107.08,,51.65,282.23,309.3,,,,854.62,1137.8,,571.15,,252.9,397.58,115.44,893.0,,,211.78,82.0,13.38,106.2,200.53,42.76,9.33,1312.38,203.42,,13.49,,130.3,,191.34,51.2,694.68,14.81,105.07,193.97,,1341.66,,,1643.69,,,,,180.32,,163.24,725.35,,,,,,,381.84,409.08,,,,68.7,51.51,20.34,,,323.09,490.16,,120.76,,58.24,,93.84
2026-06-10 20:00:00+00:00,168.96,290.86,,,492.42,441.37,236.6,1693.68,,300.66,,86.14,368.14,83.0,114.82,8.65,228.63,,,,484.05,,118.46,,231.67,,349.19,153.08,982.99,77.91,232.55,170.31,640.2,92.75,118.73,361.45,98.63,28.94,56.44,107.06,88.91,98.09,177.41,33.59,,21.03,,,,22.36,354.87,319.17,27.13,,,85.35,44.79,375.22,268.64,105.12,,50.57,280.36,309.03,,,,834.2,1134.21,,568.45,,245.48,396.47,113.99,877.19,,,204.38,81.7,13.07,103.48,199.37,42.75,9.24,1289.26,180.67,,13.55,,128.74,,189.45,51.23,690.17,14.85,103.27,191.6,,1313.52,,,1615.92,,,,,173.28,,162.44,722.4,,,,,,,379.04,407.23,,,,68.7,50.88,20.26,,,323.05,479.31,,120.43,,58.87,,93.94
2026-06-11 00:00:00+00:00,173.77,293.61,,,506.74,456.26,239.41,1679.73,,307.42,,89.08,376.42,85.93,110.42,8.84,236.1,,,,484.73,,118.76,,238.62,,356.99,157.17,981.34,80.26,243.8,170.91,649.66,94.97,119.45,371.17,98.94,29.19,59.45,109.2,89.64,97.91,183.47,33.95,,22.06,,,,22.45,357.34,319.72,27.85,,,88.01,45.57,386.99,272.15,108.05,,52.58,283.6,309.68,,,,855.24,1142.95,,574.85,,253.47,399.23,117.99,912.43,,,211.92,82.02,13.38,106.84,202.25,42.81,9.46,1235.66,180.23,,13.89,,130.71,,192.78,51.88,699.24,14.88,107.2,197.17,,1391.32,,,1685.59,,,,,186.83,,160.58,728.48,,,,,,,383.93,415.01,,,,68.92,52.28,20.63,,,323.2,496.08,,120.64,,58.4,,94.5
2026-06-11 04:00:00+00:00,177.6,293.09,,,514.22,460.35,240.19,1641.55,,313.6,,91.55,377.69,88.75,109.74,8.89,240.1,,,,484.36,,119.39,,242.28,,363.04,157.62,982.94,80.76,245.7,169.8,653.4,94.52,119.6,374.81,98.96,29.45,59.66,107.59,90.02,99.15,184.49,34.07,,22.02,,,,22.41,358.32,320.98,28.07,,,88.04,46.05,395.3,272.51,109.74,,52.87,285.14,310.54,,,,867.52,1138.32,,574.8,,257.33,397.94,118.15,918.0,,,214.87,82.06,13.54,104.88,202.8,43.09,9.59,1239.18,179.85,,13.74,,130.72,,193.88,51.37,701.98,14.99,109.74,197.05,,1382.04,,,1707.62,,,,,192.05,,161.46,730.11,,,,,,,386.69,415.79,,,,69.11,52.34,20.94,,,323.61,499.94,,120.26,,58.53,,94.62
2026-06-11 08:00:00+00:00,176.3,293.54,232.55,,521.0,463.83,240.26,1677.74,,316.0,1797.4,91.11,376.64,92.07,110.46,8.94,243.24,16.1,,,484.07,,119.28,,246.87,,366.32,158.91,980.43,81.57,248.97,169.51,649.99,95.74,119.72,379.69,99.15,29.52,60.08,108.0,90.55,99.52,186.26,33.94,,22.37,,,173.5,22.48,357.5,321.57,28.08,,,88.78,46.12,402.58,273.83,112.3,,52.91,286.46,311.12,,,,876.16,1137.75,,572.73,,264.3,398.04,119.4,919.49,,,214.54,82.03,13.6,105.65,202.73,43.5,9.66,1250.5,184.32,,13.68,,130.69,,192.43,52.32,703.3,15.04,109.35,200.69,,1403.52,,,1724.68,,,,,196.66,,163.69,730.65,,,839.34,,,,388.29,417.05,,,,69.0,52.44,21.03,32.27,,323.75,503.48,,120.31,,58.42,,94.11
2026-06-11 12:00:00+00:00,166.7,293.6,221.55,,531.54,466.3,237.39,1657.5,,327.29,1820.71,93.23,377.05,84.24,110.33,9.08,243.72,15.63,,,482.79,,116.93,,227.73,,355.76,154.12,979.93,81.73,259.65,164.52,685.25,93.01,120.2,379.44,98.62,29.59,60.92,109.11,90.18,99.82,187.91,34.11,,22.53,,,170.93,22.1,348.25,320.48,27.98,,,89.14,45.17,402.54,273.0,113.11,,53.96,286.04,310.38,,,,867.68,1162.66,,561.37,,266.52,386.82,115.23,923.66,,,216.11,80.86,13.59,103.37,201.43,43.41,9.51,1260.01,177.64,,13.81,,129.78,,194.9,55.86,702.42,15.26,110.14,205.48,,1410.4,,,1763.91,,,,,201.43,,166.43,727.79,,,846.45,,,,386.38,413.51,,,,68.26,53.07,21.42,33.46,,319.74,505.8,,121.03,,58.45,,92.28
2026-06-11 16:00:00+00:00,173.15,295.74,218.33,,553.0,488.61,241.54,1693.68,,342.46,1907.32,97.67,385.6,88.23,112.79,9.31,248.98,16.51,,,485.46,,120.84,,226.77,,364.1,160.52,975.8,82.63,265.4,166.43,692.1,95.92,121.95,392.1,100.39,29.94,65.13,109.56,92.21,102.4,198.9,34.91,,24.27,,,177.52,22.23,358.2,326.17,28.87,,,92.29,46.8,413.36,275.25,117.06,,56.79,290.4,313.46,,,,889.65,1160.0,,568.76,,280.74,390.57,120.17,995.83,,,222.67,81.25,14.12,103.14,204.9,43.94,9.84,1294.44,184.13,,14.34,,131.12,,203.07,56.46,716.79,15.55,114.82,213.8,,1521.89,,,1879.29,,,,,224.22,,166.15,737.14,,,864.59,,,,399.22,421.22,,,,69.49,54.39,22.59,30.71,,318.99,529.36,,120.52,,57.15,,92.32
2026-06-11 20:00:00+00:00,177.4,296.14,206.78,,558.12,491.69,242.39,1686.2,,350.21,1922.91,104.4,385.62,91.84,113.56,9.44,253.42,16.46,,,485.35,,120.32,,229.44,,374.81,160.93,976.44,83.83,269.05,167.2,693.51,97.41,122.32,394.59,100.19,30.03,66.02,109.83,92.36,103.11,199.27,34.84,,24.41,,,180.64,22.1,360.36,326.25,28.8,,,93.11,47.16,416.07,277.74,118.64,,57.57,291.2,313.68,,,,904.69,1157.94,,573.23,,282.11,393.15,120.36,998.89,,,229.63,81.58,14.42,103.98,205.99,43.9,10.13,1298.57,184.36,,14.66,,131.48,,203.96,56.75,719.55,15.58,121.52,216.06,,1519.87,,,1911.71,,,,,228.92,,170.82,739.08,,,876.15,,,,398.78,422.83,,,,69.64,54.55,23.22,30.59,,319.84,543.69,,119.95,,57.18,,92.39
2026-06-12 00:00:00+00:00,177.19,296.04,207.11,,554.38,491.12,242.32,1697.71,,348.1,1913.01,103.59,386.58,91.33,112.86,9.36,252.68,16.41,,,485.58,,120.55,,228.18,,369.79,160.42,976.82,83.51,269.9,167.55,693.4,102.26,122.22,393.96,100.34,30.0,65.27,109.8,91.67,101.67,199.94,34.65,,24.43,,,180.61,22.09,361.42,326.64,28.73,,,92.49,47.17,416.36,278.16,117.22,,57.3,290.7,313.42,,,,907.0,1161.64,,572.65,,279.5,393.24,119.94,996.93,,,241.16,81.5,14.38,104.66,205.63,43.97,10.1,1298.8,184.74,,14.44,,131.77,,203.59,56.48,718.76,15.54,124.24,220.59,,1501.3,,,1909.66,,,,,227.14,,171.95,738.65,,,876.15,,,,399.85,423.43,,,,69.57,54.66,23.04,30.66,,319.74,537.02,,120.2,,56.9,,93.44
2026-06-12 04:00:00+00:00,172.69,296.18,207.31,,548.0,484.67,242.11,1692.66,,340.2,1860.82,102.98,383.2,89.68,112.25,9.19,250.12,16.27,,,484.92,,121.12,,225.23,,364.4,159.11,978.18,82.66,265.08,166.7,690.2,100.11,122.36,389.91,100.62,30.18,63.22,109.59,91.49,100.96,193.24,34.84,,24.15,,,175.93,22.11,359.54,326.87,28.56,,,92.16,46.74,401.78,275.81,116.67,,56.17,291.16,314.11,,,,886.74,1163.0,,571.09,,274.8,392.37,118.83,975.99,,,234.02,81.6,14.4,103.48,204.91,44.06,9.92,1311.32,182.56,,14.35,,131.23,,201.8,56.19,716.58,15.52,123.05,212.9,,1429.25,,,1879.02,,,,,219.58,,174.92,738.11,,,871.19,,,,398.24,419.76,,,,69.71,54.4,22.74,30.59,,320.64,529.81,,120.72,,57.23,,92.26
2026-06-12 08:00:00+00:00,175.29,296.83,203.64,,550.5,498.85,245.32,1702.13,,355.77,1852.98,100.87,387.55,90.5,112.92,9.38,254.41,16.49,,,486.27,,121.55,,229.89,,372.75,161.39,977.99,83.39,270.86,166.98,693.02,100.7,122.77,396.97,100.89,30.45,64.07,109.93,92.52,102.41,195.61,34.95,,24.79,,,179.96,22.07,365.16,327.38,29.07,,,92.78,47.29,405.87,279.18,116.7,,57.71,293.14,315.36,,,,899.97,1165.11,,575.75,,276.76,394.46,120.84,986.0,,,234.35,81.82,14.39,104.49,206.22,43.74,10.08,1304.99,184.64,,14.43,,132.38,,205.19,56.73,721.91,15.7,121.37,213.97,,1455.48,,,1894.32,,,,,227.27,,175.98,742.67,,,879.46,,,,403.07,424.25,,,,69.95,54.78,23.32,29.87,,320.74,540.11,,120.76,,56.66,,93.47
2026-06-12 12:00:00+00:00,166.44,291.51,203.4,,557.97,505.88,236.09,1685.2,,368.19,1862.43,82.89,378.61,94.86,111.43,9.06,256.06,16.1,,,487.44,,123.36,,209.33,,384.85,159.54,975.81,77.89,249.54,164.36,683.52,101.94,121.0,397.08,100.14,29.06,64.36,107.8,92.35,101.77,196.33,35.04,,23.9,,,176.88,21.54,361.2,327.14,26.67,,,93.07,48.69,409.98,272.08,121.41,,59.07,292.67,319.88,,,,906.89,1148.53,,569.85,,279.6,387.35,123.33,982.32,,,228.64,80.35,14.73,100.49,204.36,44.09,9.19,1305.6,180.99,,14.36,,127.06,,210.58,55.21,716.28,15.48,100.21,214.28,,1448.37,,,1953.85,,,,,228.93,,161.25,738.59,,,915.52,,,,388.87,423.14,,,,67.93,54.28,21.41,30.49,,324.91,552.7,,119.86,,57.96,,92.92
2026-06-12 16:00:00+00:00,169.32,291.2,204.18,,567.9,511.55,238.68,1695.2,,380.32,1867.39,82.56,382.06,97.64,112.88,9.2,260.47,16.12,,,489.24,,122.72,,214.04,,385.47,159.8,981.59,77.9,251.16,166.33,683.73,100.61,121.1,395.67,99.88,28.99,65.09,108.46,92.66,102.64,197.6,35.14,,23.7,,,179.4,21.74,359.99,328.29,26.91,,,93.23,48.24,406.32,272.42,124.61,,59.78,293.04,320.73,,,,921.33,1135.48,,567.34,,279.94,391.04,123.94,982.14,,,232.49,80.4,14.82,102.3,205.25,43.89,9.33,1298.98,184.25,,14.14,,128.1,,211.71,55.2,721.06,16.76,102.5,215.13,,1465.45,,,1977.7,,,,,234.5,,161.6,741.28,,,928.35,,,,406.17,424.05,,,,68.81,54.65,21.99,28.77,,322.31,563.09,,121.03,,57.54,,93.41
2026-06-12 20:00:00+00:00,170.53,291.58,204.84,,571.22,515.79,238.79,1690.2,,385.09,1866.0,84.38,382.9,98.34,113.29,9.21,262.31,16.22,,,488.88,,123.12,,216.24,,387.06,159.95,982.58,78.4,251.9,166.26,680.95,102.27,121.15,398.71,100.06,29.12,65.64,108.88,92.89,103.09,198.52,35.2,,24.02,,,179.86,21.76,361.14,328.36,26.91,,,93.08,48.36,403.74,272.95,125.43,,60.31,293.73,321.01,,,,920.06,1134.95,,569.51,,281.09,390.87,124.3,990.34,,,235.85,80.37,14.93,102.75,205.49,44.05,9.45,1297.8,183.93,,14.18,,128.39,,212.86,55.73,723.3,16.74,104.53,218.33,,1474.67,,,1994.56,,,,,239.06,,166.86,743.05,,,935.27,,,,405.56,426.18,,,,68.8,54.67,22.04,28.84,,322.38,565.86,,120.86,,57.3,,93.88
2026-06-13 00:00:00+00:00,170.57,291.24,205.48,,572.81,514.49,238.24,1672.8,,384.97,1863.34,84.91,383.0,97.93,113.54,9.18,263.0,16.34,,,487.93,,123.97,,216.8,,383.92,160.0,981.95,78.73,250.98,167.17,678.65,100.5,120.95,398.35,100.55,29.05,64.99,108.89,92.84,103.03,197.34,34.68,,23.84,,,181.12,21.83,360.68,326.99,27.0,,,92.78,48.02,408.35,273.7,125.23,,60.17,291.99,323.56,,,,919.82,1135.82,,570.17,,277.59,390.43,123.69,987.16,,,230.05,80.31,14.9,102.46,205.11,43.64,9.42,1281.35,184.19,,14.17,,128.14,,212.52,55.45,722.59,16.72,104.09,217.65,,1466.5,,,1987.53,,,,,236.87,,164.39,743.55,,,933.07,,,,404.35,426.17,,,,68.8,53.81,22.11,28.85,,321.28,560.94,,120.27,,57.25,,95.45
2026-06-13 04:00:00+00:00,170.41,291.36,204.27,,584.98,514.46,238.33,1672.5,,385.56,1856.35,84.88,382.99,101.96,113.57,9.24,263.76,16.33,,,489.37,,123.5,,216.63,,383.48,160.61,982.74,79.53,251.69,166.94,678.83,101.2,120.73,397.9,100.49,28.68,64.6,108.46,92.8,103.86,197.63,34.74,,23.66,,,181.43,21.92,361.04,326.87,26.78,,,92.83,47.56,408.05,272.78,124.93,,60.43,292.87,324.84,,,,920.21,1134.21,,571.09,,278.18,391.19,124.57,985.07,,,230.95,80.37,14.88,102.05,205.38,43.75,9.41,1283.6,184.27,,14.18,,128.19,,213.25,55.93,720.64,16.88,103.6,218.48,,1475.75,,,1992.0,,,,,237.75,,164.78,742.7,,,934.92,,,,405.02,426.53,,,,68.71,54.23,22.11,28.44,,321.24,561.97,,120.45,,58.33,,96.56
2026-06-13 08:00:00+00:00,169.15,290.9,203.67,,580.56,512.48,238.27,1652.0,,381.88,1861.07,85.45,382.43,102.96,113.92,9.22,263.16,16.34,,,491.08,,124.72,,215.57,,380.41,160.9,982.76,79.3,249.28,166.98,675.88,100.29,120.92,395.63,100.76,28.32,64.58,108.25,92.56,102.81,197.45,34.83,,23.46,,,180.15,21.98,360.44,326.48,26.84,,,92.88,47.23,407.09,272.77,124.72,,60.52,289.58,325.02,,,,921.08,1135.58,,570.75,,277.63,390.03,124.72,983.04,,,230.68,80.24,14.87,102.82,205.17,43.63,9.44,1263.39,183.81,,14.1,,128.16,,212.85,55.71,720.95,16.8,102.05,217.53,,1470.37,,,1988.65,,,,,234.11,,165.3,742.43,,,928.08,,,,404.55,424.47,,,,68.77,54.34,22.03,28.4,,320.55,558.36,,120.38,,58.62,,96.04
2026-06-13 12:00:00+00:00,170.2,291.69,204.67,,574.81,515.33,239.16,1675.27,,384.4,1871.0,85.07,383.38,103.21,114.03,9.27,263.13,16.39,,,490.0,,125.5,,215.89,,382.34,162.17,983.36,79.83,249.48,168.49,675.36,101.11,120.82,395.39,100.95,28.94,65.46,108.02,92.84,103.51,198.56,35.03,,23.5,,,179.62,22.17,361.63,325.59,26.94,,,93.57,47.72,408.74,273.25,125.52,,60.5,292.51,325.06,,,,925.17,1137.34,,571.04,,280.05,391.03,126.31,986.49,,,230.47,80.47,14.95,102.14,205.21,43.83,9.44,1296.5,184.73,,14.07,,128.68,,215.65,55.98,724.08,16.7,102.94,219.13,,1483.33,,,1992.21,,,,,236.43,,165.58,744.06,,,927.04,,,,407.63,425.8,,,,68.85,54.44,22.23,29.02,,320.53,558.36,,120.12,,57.84,,95.71
2026-06-13 16:00:00+00:00,172.06,290.34,204.5,,574.04,514.54,239.59,1663.92,,385.88,1871.14,86.8,381.95,101.93,115.45,9.34,264.39,16.37,,,491.31,,124.69,,218.12,,382.44,161.92,982.79,79.46,249.79,171.21,677.1,100.2,120.62,393.67,101.46,28.68,65.92,108.24,92.46,103.39,198.07,35.13,,23.36,,,179.8,22.41,361.41,327.09,26.97,,,93.53,47.04,407.32,273.24,126.59,,60.78,296.72,326.14,,,,929.84,1138.82,,569.8,,282.03,390.06,126.49,991.32,,,229.91,79.87,14.91,104.46,205.38,43.83,9.45,1292.15,183.04,,14.08,,128.71,,215.74,55.21,721.32,16.68,104.86,220.44,,1501.66,,,1997.25,,,,,237.75,,164.29,742.53,,,936.37,,,,406.84,424.92,,,,68.74,54.45,21.88,29.27,,320.72,558.62,,119.91,,58.25,,95.05
2026-06-13 20:00:00+00:00,172.77,290.86,205.02,,574.23,514.22,238.73,1663.8,,383.96,1872.21,86.52,382.49,101.14,115.98,9.25,265.31,16.3,,,490.62,,125.13,,218.02,,382.52,162.66,982.71,79.75,248.0,172.2,674.88,101.05,120.93,391.04,101.62,28.74,65.77,107.62,92.13,102.75,198.12,35.38,,23.19,,,180.2,22.42,361.76,328.99,26.77,,,93.75,47.02,409.47,274.39,126.72,,60.8,296.58,325.93,,,,931.91,1138.53,,570.95,,281.42,391.19,127.38,990.78,,,229.26,80.18,14.94,103.56,205.58,43.84,9.49,1295.2,185.06,,14.12,,128.9,,216.21,55.18,721.48,16.66,104.27,220.28,,1499.2,,,1997.76,,,,,237.26,,165.04,742.97,,,935.34,,,,406.73,425.21,,,,68.84,54.5,22.01,28.86,,320.95,560.29,,120.03,,58.35,,93.17
2026-06-14 00:00:00+00:00,172.51,291.25,205.24,,584.1,514.87,239.13,1664.11,,384.33,1877.24,88.09,384.46,102.95,115.35,9.29,265.76,16.41,,,491.49,,123.29,,217.53,,384.53,163.0,983.98,80.01,249.73,171.85,675.39,101.64,121.46,389.64,101.53,28.85,66.4,108.37,92.54,103.05,199.35,35.58,,23.58,,,180.13,22.3,362.79,328.5,27.27,,,93.92,47.36,409.57,275.25,126.72,,60.5,294.89,325.24,,,,934.51,1139.84,,572.37,,280.98,391.73,127.8,993.34,,,235.11,80.34,15.41,104.3,205.41,44.05,9.47,1296.42,185.65,,14.09,,128.97,,217.17,55.38,723.02,16.76,106.02,220.92,,1512.8,,,1996.05,,,,,235.37,,165.41,743.74,,,931.94,,,,406.16,425.49,,,,68.87,54.46,22.04,28.8,,320.77,561.57,,120.0,,58.2,,92.96
2026-06-14 04:00:00+00:00,174.07,291.12,206.66,,582.3,518.06,239.64,1659.52,,386.53,1870.72,88.28,384.83,101.4,115.58,9.4,267.02,16.3,,,488.63,,123.31,,218.51,,385.01,162.63,983.56,79.47,251.24,170.58,676.93,101.37,121.58,391.62,101.39,28.61,67.12,108.51,92.24,103.27,199.74,35.14,,23.94,,,181.59,22.4,364.05,328.04,27.45,,,94.13,47.47,409.61,275.41,127.05,,60.71,294.04,325.72,,,,935.7,1138.32,,572.98,,282.9,391.78,127.25,1004.41,,,238.02,80.36,15.34,104.31,206.18,43.88,9.51,1272.92,185.49,,14.06,,129.13,,218.96,55.24,723.52,16.82,105.9,223.12,,1511.1,,,1998.88,,,,,237.77,,167.43,744.04,,,930.0,,,,407.8,428.61,,,,69.01,54.49,22.06,28.06,,322.67,561.52,,120.49,,57.65,,93.45
2026-06-14 08:00:00+00:00,175.99,291.58,205.85,,585.57,520.18,240.18,1661.45,,391.16,1870.72,88.53,386.79,104.0,115.01,9.34,268.78,16.34,,,489.66,,124.0,,218.03,,386.87,162.93,986.82,79.98,251.24,171.38,681.51,102.33,121.39,395.08,101.06,28.57,67.4,108.66,92.58,105.11,201.28,35.02,,24.04,,,182.4,22.3,364.98,327.3,27.25,,,94.3,48.22,416.8,275.72,127.78,,60.66,295.82,326.32,,,,947.62,1137.9,,572.03,,285.6,392.63,127.8,1006.83,,,238.26,80.58,15.38,104.7,206.98,43.87,9.57,1270.08,187.24,,14.08,,129.46,,218.27,55.62,726.53,16.78,106.92,224.75,,1531.1,,,2009.32,,,,,239.25,,167.38,746.11,,,934.86,,,,408.06,430.74,,,,69.38,54.52,22.21,28.31,,323.24,567.62,,121.02,,57.6,,94.21
2026-06-14 12:00:00+00:00,175.2,291.52,206.53,,585.0,518.48,239.91,1660.65,,390.76,1877.19,87.0,386.83,104.0,114.65,9.35,266.91,16.16,,,486.81,,124.13,,215.98,,387.77,161.66,985.92,78.5,253.65,170.1,686.18,103.03,121.67,393.84,101.54,28.87,67.47,108.46,92.6,105.13,200.89,35.11,,24.06,,,181.25,22.3,363.59,329.08,27.12,,,93.86,48.0,412.23,274.62,127.73,,60.47,294.91,325.45,,,,940.18,1140.15,,571.6,,284.97,392.42,126.1,1010.28,,,239.76,80.71,15.32,104.54,207.06,43.71,9.56,1268.8,187.75,,14.02,,129.33,,216.59,55.19,726.06,16.96,106.82,223.71,,1516.51,,,2006.15,,,,,238.56,,166.59,745.29,,,932.06,,,,406.57,429.81,,,,69.28,54.48,22.33,28.56,,323.91,565.03,,120.02,,57.61,,94.38
2026-06-14 16:00:00+00:00,174.49,291.35,206.38,,584.92,516.94,239.2,1655.2,,389.91,1878.11,86.72,385.67,103.97,115.14,9.4,266.89,16.16,,,486.84,,123.8,,214.92,,387.44,160.95,985.15,78.22,247.9,170.1,686.41,104.48,121.63,393.34,101.1,28.85,66.09,108.52,93.01,103.06,200.72,35.01,,23.96,,,180.89,22.26,363.59,329.34,27.47,,,93.47,47.71,416.26,275.08,128.16,,60.81,294.72,325.69,,,,941.9,1138.5,,570.79,,284.96,392.33,125.2,1007.12,,,238.01,80.51,15.21,103.59,206.59,43.7,9.62,1261.59,188.11,,14.03,,128.93,,215.6,55.11,724.99,16.91,106.78,219.89,,1507.21,,,2005.13,,,,,240.29,,166.68,745.02,,,936.39,,,,405.54,427.7,,,,69.27,54.57,22.4,29.01,,323.99,566.28,,120.23,,57.65,,94.56
2026-06-14 20:00:00+00:00,176.15,292.4,208.15,,584.04,521.61,240.35,1672.1,,395.34,1896.11,88.21,390.65,103.91,115.36,9.54,270.06,16.72,,,488.68,,124.67,,218.65,,392.32,166.61,985.93,81.69,255.7,171.0,695.52,106.92,122.36,403.1,101.26,29.03,68.27,109.23,93.94,105.13,204.88,35.29,,24.08,,,184.04,22.65,367.0,330.65,27.87,,,94.74,50.63,423.34,276.67,131.22,,62.61,298.44,326.74,,,,961.81,1143.99,,576.52,,286.97,396.8,131.51,1034.1,,,248.15,80.78,15.42,105.35,209.72,43.79,9.76,1286.89,189.76,,14.15,,130.5,,219.9,56.8,732.23,17.06,108.39,227.83,,1537.86,,,2055.7,,,,,252.24,,167.87,748.17,,,935.78,,,,410.93,431.05,,,,69.6,54.86,22.62,28.08,,322.99,574.25,,120.8,,57.0,,95.2
2026-06-15 00:00:00+00:00,177.78,292.53,208.08,,586.19,533.99,243.03,1671.78,,406.64,1942.99,86.89,395.77,104.92,111.85,9.49,274.6,16.96,,,486.61,,124.55,,217.11,,403.08,168.11,978.02,81.99,261.49,169.18,697.2,106.47,121.89,413.04,100.83,29.22,67.96,109.64,94.75,105.58,205.99,35.07,,24.89,,,188.72,21.94,368.03,331.45,27.72,,,96.65,50.1,430.81,279.24,128.47,,62.87,297.42,324.19,,,,961.3,1136.46,,578.4,,294.94,398.39,131.36,1030.92,,,249.71,80.85,15.42,106.71,210.48,44.25,9.72,1295.79,188.74,,14.27,,131.54,,220.09,59.31,735.25,17.02,107.68,224.23,,1525.63,,,2074.68,,,,,261.82,,168.36,750.43,,,973.86,,,,409.98,436.98,,,,69.67,57.17,23.11,27.48,,323.36,589.74,,120.26,,56.5,,96.23
2026-06-15 04:00:00+00:00,178.61,294.07,209.3,,589.5,536.74,242.29,1678.81,,403.23,1911.33,87.41,395.67,111.97,111.76,9.54,274.8,16.93,,,486.79,,124.79,,218.84,,406.06,167.62,980.37,82.32,261.74,169.64,696.04,106.37,121.9,412.51,100.94,29.34,68.12,109.64,94.26,105.51,205.53,35.21,,25.01,,,186.32,21.94,365.69,332.09,27.67,,,97.08,49.73,428.73,277.65,129.59,,63.81,297.01,323.82,,,,967.92,1132.74,,580.02,,295.96,399.09,131.46,1034.16,,,249.81,80.84,15.15,106.12,210.25,44.42,9.7,1295.2,188.82,,14.37,,130.89,,220.39,57.6,736.53,17.08,108.68,223.19,,1508.11,,,2086.37,,,,,262.2,,171.01,750.84,,,971.38,,,,411.28,438.43,,,,69.91,56.9,23.15,27.23,,323.98,587.84,,120.38,,56.4,,96.29
2026-06-15 08:00:00+00:00,179.24,293.28,206.16,,596.47,535.51,243.87,1681.22,,392.7,1917.65,86.45,393.52,110.3,112.67,9.52,275.36,17.18,,,487.54,,124.51,,222.32,,404.38,168.5,978.79,81.79,263.51,168.22,692.73,106.14,122.48,414.73,100.65,29.36,69.04,109.38,94.15,106.01,207.56,35.41,,25.15,,,188.56,21.86,365.76,332.25,27.56,,,97.64,50.12,431.41,274.95,129.87,,63.19,297.62,323.25,,,,961.1,1141.04,,575.17,,293.68,397.62,131.94,1056.93,,,252.05,80.54,15.11,105.29,208.92,44.69,9.8,1301.5,189.35,,14.47,,130.18,,222.87,57.78,738.12,17.15,106.47,227.0,,1559.3,,,2107.76,,,,,267.13,,169.34,751.95,,,998.07,,,,411.78,439.17,,,,69.89,56.89,23.27,27.17,,323.19,602.77,,120.08,,55.95,,94.69
2026-06-15 12:00:00+00:00,187.89,297.62,210.62,,594.91,547.7,246.65,1678.5,,394.59,1900.36,86.27,393.8,110.68,113.04,9.62,274.51,17.65,,,494.98,,127.67,,216.76,,404.1,173.75,979.02,86.05,258.51,168.7,692.71,107.65,120.09,410.0,102.11,28.85,70.36,110.65,94.08,106.48,210.22,35.07,,23.23,,,187.05,21.94,372.53,334.35,29.92,,,100.72,48.24,426.71,268.65,128.41,,61.51,295.94,321.84,,,,942.57,1131.1,,600.11,,296.1,401.13,135.4,1070.52,,,257.59,81.54,14.62,107.18,212.3,44.32,9.54,1303.34,194.36,,14.05,,134.82,,222.09,57.89,744.44,16.83,108.49,228.69,,1575.49,,,2105.77,,,,,269.04,,175.79,756.15,,,1001.44,,,,409.04,439.9,,,,73.17,58.23,23.35,26.52,,325.89,638.32,,120.13,,55.85,,95.62
2026-06-15 16:00:00+00:00,191.36,296.56,206.99,,586.09,547.47,246.25,1673.8,,412.78,1896.77,87.43,394.41,110.8,112.57,9.27,274.46,17.16,,,495.79,,124.7,,217.98,,414.11,169.71,980.15,83.47,259.57,164.83,693.48,106.77,120.1,409.07,101.73,28.78,71.14,109.11,94.09,106.31,211.36,34.79,,24.17,,,187.64,21.78,369.51,329.9,30.18,,,98.19,48.81,435.64,268.76,127.83,,60.93,294.62,319.62,,,,957.8,1130.42,,594.11,,309.29,400.27,131.21,1087.6,,,260.15,81.65,14.83,104.22,212.55,43.86,9.52,1300.8,192.7,,14.22,,134.69,,221.08,57.78,744.64,16.66,109.27,231.01,,1594.88,,,2106.67,,,,,272.68,,192.06,755.08,,,1013.37,,,,410.99,441.04,,,,72.87,57.92,23.03,25.8,,324.03,653.84,,120.8,,55.57,,94.21
2026-06-15 20:00:00+00:00,190.51,296.38,206.97,,587.97,546.44,248.55,1689.0,,408.13,1897.77,87.34,394.85,111.01,113.13,9.19,276.13,16.99,,,495.48,,125.05,,217.94,,412.25,169.4,980.32,83.86,256.63,165.2,693.25,107.88,120.07,409.33,101.75,28.8,70.85,108.94,94.08,106.45,210.16,34.7,,24.25,,,187.87,21.8,369.29,330.11,29.97,,,97.69,48.72,433.13,268.09,126.03,,60.74,294.37,319.53,,,,952.61,1131.61,,592.92,,305.18,399.6,130.0,1083.86,,,259.23,81.69,14.74,104.2,211.92,43.98,9.55,1314.6,191.8,,14.22,,134.43,,221.32,57.93,743.4,16.6,108.68,229.31,,1582.79,,,2103.77,,,,,271.2,,199.27,754.06,,,1014.0,,,,408.88,440.61,,,,72.99,58.08,23.04,26.03,,323.87,653.22,,120.62,,55.82,,95.07
2026-06-16 00:00:00+00:00,192.88,296.69,206.63,,590.58,546.28,249.0,1713.8,,405.93,1904.98,87.57,394.04,109.87,110.18,9.2,275.18,16.92,,,496.31,,125.47,,217.31,,408.09,168.73,980.38,83.78,256.96,164.66,692.69,107.27,120.3,407.07,101.54,28.81,70.74,108.98,94.14,105.79,209.43,34.68,,23.96,,,187.79,21.74,370.63,331.81,30.01,,,97.75,49.0,425.33,268.54,126.08,,59.95,295.31,319.1,,,,952.04,1132.0,,594.16,,305.09,399.69,130.28,1081.96,,,258.93,81.82,14.69,104.04,211.47,43.98,9.55,1341.4,191.33,,14.18,,133.77,,224.33,57.88,743.2,16.64,108.21,226.92,,1567.92,,,2091.6,,,,,270.17,,213.27,754.53,,,1032.96,,,,405.11,437.26,,,,72.92,57.4,23.05,26.04,,324.35,664.12,,121.0,,55.74,,96.14
2026-06-16 04:00:00+00:00,194.56,295.98,207.01,,586.35,545.34,247.48,1744.0,,405.71,1884.83,89.12,393.41,112.98,109.48,9.22,275.1,16.92,,,492.91,,125.07,,218.69,,417.71,169.72,979.6,84.12,256.97,165.89,693.3,107.38,120.07,408.77,101.64,28.77,70.89,109.03,94.18,105.47,209.6,34.71,,24.1,,,189.48,21.77,369.43,331.9,30.04,,,97.78,48.8,424.15,270.16,126.29,,60.62,295.18,319.73,,,,959.69,1132.0,,595.11,,305.2,400.83,130.97,1082.78,,,260.86,81.77,14.9,104.73,211.37,44.08,9.56,1364.64,192.93,,14.26,,135.78,,222.53,58.32,743.63,16.64,109.13,225.97,,1588.72,,,2107.03,,,,,269.09,,213.08,754.64,,,1038.16,,,,405.66,439.7,,,,73.13,58.06,23.09,25.98,,324.49,670.64,,120.72,,55.53,,95.31
2026-06-16 08:00:00+00:00,198.24,296.1,205.19,,588.64,551.25,247.73,1731.96,,403.98,1886.36,88.28,394.37,112.89,109.9,9.26,276.22,17.13,,,495.13,,125.09,,220.0,,416.59,170.25,977.99,84.19,258.26,164.02,691.64,108.98,119.56,413.12,101.56,28.92,72.81,109.33,94.3,105.94,211.29,34.65,,24.12,,,188.85,21.71,369.39,331.54,29.85,,,99.67,49.22,421.59,268.38,126.5,,60.83,295.19,320.36,,,,954.59,1129.33,,594.46,,304.56,396.75,131.01,1121.62,,,258.79,81.39,14.79,103.28,212.31,44.1,9.59,1338.59,191.65,,14.22,,134.03,,231.55,58.89,746.14,16.73,110.55,228.46,,1626.05,,,2149.95,,,,,277.14,,203.16,755.6,,,1102.62,,,,407.53,440.82,,,,72.64,58.1,23.29,25.87,,323.98,715.43,,120.44,,55.5,,94.42
2026-06-16 12:00:00+00:00,175.89,298.46,210.06,,576.49,520.58,248.33,1738.5,,400.1,1825.93,83.34,379.23,98.0,110.18,9.06,291.43,16.41,,,497.95,,127.48,,206.24,,387.6,169.19,991.86,81.12,245.77,161.95,682.44,115.98,119.84,407.65,101.09,28.63,68.8,111.05,94.38,104.49,205.92,34.57,,23.61,,,177.82,21.4,373.11,336.55,31.59,,,95.05,48.49,415.0,270.2,119.76,,60.45,293.69,330.13,,,,880.96,1130.67,,595.64,,291.75,393.44,125.58,1040.98,,,267.43,79.2,13.92,102.06,209.23,43.75,9.25,1340.2,190.01,,13.59,,130.92,,220.7,56.56,734.17,15.93,106.23,219.19,,1558.96,,,2021.8,,,,,241.75,,210.88,753.23,,,1034.23,,,,405.96,430.38,,,,74.21,57.88,22.04,25.65,,331.74,677.01,,121.96,,55.18,,91.5
2026-06-16 16:00:00+00:00,171.05,299.58,207.55,,567.8,508.13,246.31,1721.01,,396.17,1810.54,82.46,376.46,93.11,111.08,9.2,281.2,16.25,,,493.89,,127.92,,212.16,,383.84,169.5,987.17,79.77,239.39,161.65,679.99,117.14,119.61,404.18,101.33,28.47,68.08,109.34,94.08,103.77,205.69,34.47,,23.94,,,177.11,21.49,373.38,336.83,31.48,,,96.77,48.45,411.04,270.95,117.08,,59.18,292.09,331.11,,,,876.12,1123.0,,600.75,,278.85,394.26,123.0,1021.47,,,264.95,78.81,13.98,101.4,207.54,43.55,9.23,1356.8,188.4,,13.42,,133.25,,214.12,55.74,730.54,15.96,104.7,216.81,,1523.49,,,1993.48,,,,,226.69,,201.81,750.94,,,1030.88,,,,404.86,426.48,,,,73.23,57.8,21.76,25.81,,333.24,681.69,,121.13,,55.35,,92.21
2026-06-16 20:00:00+00:00,172.96,298.88,207.48,,570.23,511.46,245.99,1712.45,,396.69,1818.48,84.14,377.55,94.62,111.07,9.15,282.18,16.39,,,495.55,,127.96,,211.31,,385.33,168.57,986.13,80.21,239.53,161.8,680.05,117.47,119.44,405.43,101.22,28.57,68.89,110.22,94.0,103.71,205.52,34.45,,23.83,,,177.89,21.53,371.61,337.52,31.42,,,96.27,48.48,419.87,271.04,118.47,,58.68,292.22,330.85,,,,882.1,1123.0,,598.24,,282.31,393.43,123.06,1033.93,,,264.32,78.67,13.99,101.96,207.73,43.58,9.27,1342.88,186.86,,13.57,,132.61,,214.89,54.89,730.86,15.96,104.55,219.18,,1553.71,,,2020.3,,,,,228.23,,205.91,751.2,,,1040.54,,,,402.81,428.78,,,,73.23,57.72,21.67,25.91,,333.72,684.96,,121.03,,55.16,,91.84
2026-06-17 00:00:00+00:00,176.16,299.64,207.83,,579.78,518.18,247.11,1727.1,,405.05,1838.3,85.41,380.56,97.65,109.82,9.23,286.0,16.39,,,496.14,,128.33,,212.42,,393.49,170.63,985.22,80.89,241.92,161.73,683.14,119.4,119.72,406.81,101.25,28.53,70.2,110.21,94.86,104.98,208.9,34.53,,23.92,,,180.65,21.59,373.2,336.83,31.52,,,97.17,48.61,411.07,271.69,118.87,,59.85,292.78,330.71,,,,890.57,1124.86,,601.3,,288.76,394.54,124.37,1049.76,,,271.03,78.98,14.19,102.06,208.89,43.54,9.3,1344.3,188.41,,13.56,,133.1,,217.54,55.95,734.31,15.97,105.64,223.21,,1594.28,,,2041.07,,,,,236.5,,204.77,752.68,,,1053.06,,,,404.42,431.61,,,,73.4,57.76,21.79,25.72,,333.94,701.82,,121.01,,55.25,,92.51
2026-06-17 04:00:00+00:00,178.16,299.68,207.52,,588.13,524.32,247.31,1738.5,,408.64,1890.5,87.82,383.03,97.65,109.49,9.22,288.98,16.34,,,495.32,,127.85,,214.15,,394.6,170.09,985.9,80.61,244.92,162.36,683.66,120.38,119.56,408.0,101.15,28.62,72.04,110.17,94.76,106.3,212.0,34.36,,24.25,,,181.49,21.54,373.05,337.58,31.48,,,97.34,48.58,409.13,271.55,121.48,,60.29,292.38,330.57,,,,894.21,1122.31,,601.0,,290.41,394.16,123.7,1070.85,,,271.96,78.96,14.1,101.36,208.94,44.49,9.32,1354.6,188.6,,13.58,,133.16,,218.26,56.24,736.46,16.01,106.32,227.49,,1657.06,,,2055.79,,,,,243.86,,207.23,752.79,,,1052.25,,,,404.29,434.6,,,,73.41,57.94,21.8,25.47,,332.44,698.84,,120.8,,54.8,,92.64
2026-06-17 08:00:00+00:00,175.35,298.83,206.95,,583.26,519.16,245.79,1739.22,,403.8,1880.31,86.55,382.54,95.62,109.51,9.18,284.21,16.1,,,495.04,,128.38,,212.51,,388.66,167.33,983.2,79.5,241.04,161.7,680.1,116.58,119.27,404.83,101.33,28.7,70.64,109.89,94.7,106.14,208.88,34.37,,23.82,,,179.06,21.48,370.87,337.37,31.62,,,96.04,48.32,404.89,270.04,120.33,,58.96,291.85,330.46,,,,884.77,1121.04,,597.01,,285.79,392.21,121.88,1048.15,,,265.4,78.68,14.25,101.09,208.01,45.21,9.26,1366.2,186.1,,13.51,,132.19,,216.81,55.92,732.97,15.95,104.86,224.04,,1630.22,,,2030.2,,,,,237.73,,204.55,750.82,,,1049.54,,,,402.19,430.75,,,,73.34,57.88,22.24,25.68,,332.61,690.21,,120.58,,55.32,,91.8
2026-06-17 12:00:00+00:00,170.52,298.65,202.64,,615.24,524.48,240.36,1729.49,,422.96,1929.97,84.23,398.64,95.33,109.63,9.26,289.34,16.54,,,490.54,,128.87,,225.09,,386.39,172.61,977.85,82.79,258.01,158.3,685.26,119.57,118.66,418.9,101.97,27.59,71.97,109.0,95.69,106.79,212.36,35.09,,24.56,,,177.0,21.65,365.24,338.8,32.22,,,107.81,50.02,408.2,267.21,121.3,,58.27,295.53,336.55,,,,878.75,1115.0,,580.87,,293.55,385.85,123.95,1058.6,,,282.53,77.94,14.02,100.66,206.57,44.45,9.35,1363.0,188.74,,13.51,,134.53,,218.04,64.52,734.16,16.68,107.06,228.07,,1692.25,,,1992.6,,,,,248.87,,195.83,750.76,,,1086.0,,,,400.91,438.79,,,,73.01,58.81,23.78,26.05,,334.09,727.35,,119.33,,55.02,,89.6
2026-06-17 16:00:00+00:00,167.63,296.06,196.29,,593.08,512.13,237.63,1710.0,,419.01,1871.64,85.53,393.15,92.28,107.63,8.86,284.97,15.78,,,491.71,,125.05,,213.82,,379.37,165.1,966.94,80.8,249.37,154.57,683.17,115.27,117.36,419.82,100.88,26.35,69.9,107.7,94.38,105.13,205.38,34.14,,23.47,,,175.67,21.54,363.81,327.58,31.95,,,105.34,48.22,410.14,263.3,121.22,,58.16,289.87,333.93,,,,871.2,1112.08,,567.87,,289.88,379.15,116.56,1042.85,,,280.82,77.02,13.84,95.43,204.71,43.57,9.15,1354.4,183.6,,12.78,,130.71,,213.26,62.72,723.16,16.28,107.97,222.54,,1668.04,,,1962.0,,,,,234.32,,192.07,741.21,,,1065.81,,,,396.1,432.83,,,,70.94,57.21,23.56,27.54,,330.61,712.59,,118.17,,54.65,,87.48
2026-06-17 20:00:00+00:00,171.22,297.36,198.02,,609.28,521.53,239.73,1715.62,,433.65,1913.46,86.69,398.61,94.13,108.62,8.97,290.68,15.98,,,491.56,,125.69,,218.56,,385.11,167.0,966.95,81.92,256.66,156.26,683.6,119.21,117.93,429.32,101.19,26.49,72.47,108.5,94.63,106.86,210.22,34.22,,23.97,,,178.24,21.52,365.96,329.17,32.18,,,106.47,48.67,406.22,264.37,124.56,,59.1,292.5,334.39,,,,879.47,1113.07,,575.17,,297.72,382.78,118.73,1078.86,,,290.78,77.34,13.94,97.37,206.47,43.65,9.28,1360.8,185.64,,12.96,,132.22,,217.28,64.45,730.54,16.42,109.96,227.98,,1686.42,,,2012.5,,,,,249.06,,195.24,746.24,,,1096.19,,,,397.81,438.0,,,,71.5,57.64,23.9,26.67,,332.04,736.95,,118.19,,54.68,,88.3
2026-06-18 00:00:00+00:00,172.79,298.79,198.66,,615.22,527.33,240.44,1718.29,,434.12,1923.26,86.54,403.41,94.94,106.11,8.99,295.79,15.99,,,491.5,,125.37,,219.25,,389.07,167.34,968.54,81.81,256.6,157.01,685.81,118.68,117.96,429.81,101.14,26.59,74.23,108.46,96.0,107.49,213.05,34.37,,24.08,,,178.58,21.58,365.91,329.55,32.42,,,108.26,48.76,398.62,265.64,125.14,,59.72,292.89,334.82,,,,884.2,1112.08,,576.58,,299.0,382.85,118.84,1085.5,,,292.73,77.55,14.02,96.83,206.65,43.83,9.33,1344.9,186.35,,12.87,,132.51,,218.8,63.56,732.78,16.51,110.01,234.1,,1758.62,,,2029.94,,,,,251.98,,192.24,746.18,,,1108.64,,,,399.18,439.09,,,,71.89,57.9,24.21,26.42,,331.23,742.14,,118.45,,54.72,,88.12
2026-06-18 04:00:00+00:00,172.53,298.3,197.54,,614.84,528.25,240.23,1719.8,,436.87,1933.74,86.68,405.13,96.16,105.46,8.92,295.55,16.07,,,491.43,,125.95,,218.22,,392.03,168.46,966.03,81.89,257.9,156.75,686.87,119.57,117.84,429.81,101.1,26.51,74.58,108.54,96.16,108.66,214.35,34.43,,24.07,,,178.84,21.59,364.84,329.67,32.3,,,108.02,49.09,396.01,265.45,129.86,,60.26,293.54,335.36,,,,891.46,1114.58,,576.2,,300.88,382.57,119.13,1087.26,,,293.21,77.42,14.02,96.75,206.79,43.89,9.34,1360.8,186.11,,12.9,,131.92,,218.13,63.78,734.1,16.54,110.57,236.04,,1746.62,,,2037.45,,,,,255.69,,193.47,746.93,,,1100.94,,,,399.15,440.97,,,,71.82,57.82,24.11,26.27,,331.77,747.48,,118.21,,54.4,,87.9
2026-06-18 08:00:00+00:00,173.57,296.89,194.52,,622.98,531.37,238.89,1721.5,,433.27,1930.13,86.56,404.09,96.16,106.28,8.91,294.87,15.96,,,490.94,,126.41,,220.49,,391.38,166.82,965.75,81.05,259.31,154.11,679.79,119.1,117.92,428.65,101.04,26.36,74.45,108.56,95.98,108.23,213.34,34.3,,24.06,,,181.08,21.5,362.82,328.37,32.43,,,106.59,49.13,393.96,248.67,133.06,,60.59,292.65,334.5,,,,888.26,1114.16,,571.39,,308.17,377.9,117.19,1093.23,,,293.99,77.07,14.01,94.59,207.15,43.14,9.32,1361.79,182.42,,12.88,,130.07,,219.88,63.34,733.7,16.41,109.66,234.95,,1776.92,,,2040.0,,,,,264.65,,189.76,744.98,,,1118.44,,,,397.69,440.17,,,,71.4,58.1,24.18,26.34,,330.52,755.55,,118.07,,54.54,,87.19
2026-06-18 12:00:00+00:00,165.07,297.54,194.36,,628.0,535.27,243.99,1710.36,,444.35,1927.57,79.47,407.95,83.45,106.12,8.33,311.48,15.59,,,489.1,,124.69,,234.28,,395.89,163.99,953.54,78.79,265.47,152.42,675.94,117.93,118.5,423.02,102.91,26.27,76.78,108.89,96.21,109.5,218.5,33.81,,24.34,,,188.2,21.68,366.28,335.45,34.41,,,105.96,47.19,396.01,247.49,133.11,,60.53,293.95,331.0,,,,857.23,1095.28,,577.38,,324.12,378.15,110.6,1125.02,,,289.34,77.51,13.61,95.15,209.08,43.06,9.12,1356.85,185.37,,12.56,,127.47,,220.43,64.86,738.96,16.3,105.13,240.4,,1795.19,,,2171.27,,,,,278.25,,176.26,747.07,,,1071.37,,,,390.85,453.81,,,,72.46,57.19,24.31,26.44,,329.66,764.52,,117.34,,53.64,,85.64
2026-06-18 16:00:00+00:00,161.98,298.08,195.87,,617.28,537.97,244.6,1717.15,,440.55,1933.46,80.7,411.09,84.6,107.15,8.37,329.21,16.19,,,489.89,,124.26,,234.71,,390.18,163.29,952.75,80.28,271.76,151.8,684.75,117.96,119.49,409.43,103.94,26.36,76.85,108.28,96.27,110.01,219.01,33.75,,24.77,,,195.4,21.45,368.19,334.41,35.51,,,108.26,47.48,399.28,249.39,133.94,,60.01,295.75,325.36,,,,850.73,1100.0,,577.67,,311.7,379.39,112.53,1133.2,,,287.32,77.41,13.5,95.33,210.51,43.19,9.3,1356.89,184.68,,12.39,,128.64,,226.03,69.68,740.78,16.52,107.34,246.84,,1842.59,,,2183.88,,,,,280.0,,185.25,747.43,,,1071.0,,,,400.37,462.89,,,,71.67,57.51,24.66,26.08,,327.79,747.48,,117.18,,53.81,,86.41
2026-06-18 20:00:00+00:00,162.5,297.33,195.41,,619.68,537.27,243.28,1718.5,,438.86,1930.36,80.34,411.32,84.75,107.36,8.36,329.4,16.05,,,489.65,,124.07,,236.44,,393.99,163.53,953.03,79.89,273.52,152.46,682.43,117.78,119.54,411.88,103.82,26.47,78.24,108.23,96.61,110.39,219.11,33.87,,24.79,,,196.35,21.52,366.33,334.0,35.28,,,108.1,47.54,397.91,250.02,134.3,,60.07,295.15,326.26,,,,848.54,1100.83,,575.3,,313.82,379.5,112.22,1152.24,,,285.64,77.4,13.57,95.26,210.43,43.1,9.31,1363.43,183.92,,12.52,,128.81,,226.61,69.42,740.47,16.47,106.2,245.02,,1851.56,,,2211.0,,,,,281.13,,181.77,747.42,,,1078.65,,,,398.41,462.81,,,,71.61,57.59,24.61,26.0,,328.2,755.3,,117.09,,53.92,,86.45
2026-06-19 00:00:00+00:00,162.37,296.39,195.5,,628.5,535.69,242.07,1715.65,,429.23,1918.58,79.12,405.41,84.67,107.14,8.32,335.22,15.88,,,489.89,,116.72,,234.2,,386.61,163.64,949.58,79.58,270.0,153.6,679.63,115.43,119.05,409.23,102.93,26.56,76.77,105.02,95.66,110.86,214.61,33.89,,24.63,,,199.15,21.0,366.29,331.88,34.58,,,107.08,43.63,387.13,231.92,133.1,,59.76,293.58,324.99,,,,848.22,1090.8,,576.08,,301.92,377.86,111.97,1119.3,,,281.47,77.62,13.48,95.1,209.53,43.0,9.28,1392.8,182.6,,12.45,,128.77,,226.82,69.43,736.52,16.64,105.33,231.29,,1789.64,,,2182.72,,,,,272.25,,179.92,744.86,,,1079.84,,,,397.29,455.19,,,,71.07,57.59,24.51,25.51,,324.61,763.65,,116.85,,53.38,,85.77
2026-06-19 04:00:00+00:00,163.99,297.18,195.99,,624.58,535.61,243.52,1715.34,,430.49,1909.55,79.88,401.07,87.54,107.5,8.32,330.99,15.92,,,488.6,,119.91,,233.12,,389.19,163.0,952.56,78.85,269.6,151.79,678.15,116.76,119.51,411.44,103.16,26.46,77.56,105.59,96.0,109.62,216.22,34.01,,24.8,,,200.92,20.62,366.56,333.01,34.9,,,107.12,45.74,396.22,242.36,133.6,,59.9,299.74,326.16,,,,851.01,1097.07,,576.54,,306.27,380.96,112.23,1122.19,,,283.85,77.72,13.56,94.67,209.32,43.0,9.31,1387.04,183.15,,12.45,,128.18,,233.26,69.83,739.3,16.72,105.86,232.34,,1799.22,,,2191.82,,,,,273.99,,179.37,746.37,,,1084.76,,,,399.94,457.3,,,,71.01,57.89,24.97,26.18,,326.81,745.73,,117.11,,53.47,,86.66
2026-06-19 08:00:00+00:00,165.12,297.56,196.35,,624.42,535.37,242.86,1718.48,,432.24,1924.68,80.24,403.28,87.43,107.61,8.32,337.55,15.88,,,488.65,,120.88,,233.0,,387.85,163.15,952.36,79.05,268.5,151.92,675.33,115.9,119.31,412.45,103.34,26.43,76.74,106.24,96.03,109.92,214.37,33.88,,25.12,,,203.35,20.69,367.75,333.42,35.87,,,107.38,45.76,399.41,242.96,133.61,,60.44,296.5,324.89,,,,853.53,1099.88,,576.55,,307.32,380.66,111.86,1115.0,,,281.66,77.38,13.64,96.25,209.24,42.92,9.32,1385.74,184.01,,12.45,,128.39,,233.59,69.24,738.82,16.8,105.08,233.04,,1823.36,,,2192.47,,,,,269.1,,178.73,745.33,,,1089.0,,,,399.19,459.97,,,,71.24,57.82,25.08,25.92,,325.71,739.69,,117.08,,52.94,,86.04
2026-06-19 12:00:00+00:00,164.63,297.26,195.81,,618.72,535.34,243.48,1722.46,,436.37,1930.36,79.83,407.99,86.39,107.86,8.24,329.58,16.02,,,488.81,,121.86,,234.49,,388.77,165.28,952.9,79.93,267.82,152.51,675.87,116.08,119.13,409.91,104.36,26.41,77.68,107.4,95.44,108.64,214.98,33.76,,25.16,,,202.15,21.2,365.99,334.26,35.39,,,107.48,47.12,401.7,245.23,132.63,,60.79,296.39,324.34,,,,853.39,1099.8,,578.21,,309.3,381.49,112.83,1120.17,,,280.35,77.85,13.7,95.46,209.62,42.9,9.53,1394.31,184.03,,12.56,,128.62,,228.5,71.68,741.3,16.8,106.13,232.76,,1827.5,,,2197.87,,,,,273.83,,179.98,747.59,,,1100.74,,,,399.26,460.77,,,,71.39,58.06,24.86,25.74,,324.97,741.01,,116.99,,53.63,,86.0
2026-06-19 16:00:00+00:00,164.07,296.13,196.69,,619.11,537.55,243.38,1734.0,,435.19,1922.8,79.41,405.65,86.0,107.66,8.26,328.4,15.97,,,490.95,,122.05,,233.23,,387.84,164.4,952.43,79.94,266.61,153.06,675.39,114.96,119.54,408.55,104.25,26.31,77.13,107.62,95.28,109.08,214.12,33.36,,25.01,,,199.95,21.13,366.4,334.02,35.73,,,106.99,47.04,402.27,244.76,132.66,,60.24,295.6,325.69,,,,849.28,1092.62,,576.15,,310.0,381.27,112.97,1122.19,,,281.65,77.67,13.75,96.08,209.24,42.92,9.53,1383.3,183.67,,12.56,,128.41,,226.9,70.65,739.51,16.8,104.93,233.28,,1818.41,,,2199.75,,,,,274.14,,179.99,745.63,,,1092.76,,,,399.93,457.24,,,,71.56,58.22,24.83,25.7,,325.08,743.64,,117.01,,53.48,,85.99
2026-06-19 20:00:00+00:00,165.29,296.39,196.67,,621.03,538.73,243.68,1715.62,,435.89,1924.56,79.67,407.46,86.6,107.85,8.31,332.55,16.06,,,490.63,,121.9,,234.5,,389.8,166.0,952.41,80.4,269.4,153.45,675.94,115.5,119.92,410.53,104.6,26.31,77.63,107.59,95.4,109.05,216.06,33.59,,24.97,,,199.57,21.22,367.22,333.88,36.08,,,107.78,47.19,404.03,245.64,134.29,,60.56,295.59,324.97,,,,853.92,1093.51,,577.87,,312.0,382.29,114.46,1133.41,,,283.14,77.6,13.79,96.24,209.29,43.1,9.41,1395.21,185.56,,12.56,,128.99,,228.78,71.13,741.22,16.76,105.41,235.55,,1835.9,,,2212.42,,,,,275.33,,180.09,748.35,,,1103.6,,,,399.75,458.73,,,,71.55,58.48,24.97,25.64,,325.28,752.31,,117.19,,53.48,,86.13
2026-06-20 00:00:00+00:00,166.41,296.57,196.85,,619.24,540.66,243.75,1727.5,,439.2,1931.18,79.39,408.54,87.61,107.76,8.36,333.96,16.02,,,490.19,,121.97,,233.23,,391.54,166.09,953.22,80.21,268.79,154.38,678.83,115.75,120.18,409.0,104.47,26.47,79.33,107.13,95.65,109.0,216.92,33.6,,24.98,,,203.62,21.53,367.23,335.38,35.75,,,107.73,46.82,407.29,246.1,136.74,,60.76,295.94,324.15,,,,858.38,1096.84,,576.47,,313.96,381.89,114.36,1138.37,,,285.48,77.44,13.83,96.36,209.3,43.25,9.4,1391.94,185.63,,12.66,,128.98,,228.92,69.95,741.75,16.7,104.81,239.91,,1862.56,,,2213.28,,,,,276.47,,179.47,747.97,,,1106.66,,,,400.14,463.07,,,,71.43,58.6,24.88,25.83,,325.6,761.87,,117.07,,53.08,,86.29
2026-06-20 04:00:00+00:00,167.56,296.31,196.7,,628.77,544.06,243.48,1720.9,,440.92,1938.0,80.06,409.18,87.13,107.78,8.37,335.47,16.15,,,491.39,,122.9,,233.27,,391.32,165.8,951.19,80.29,269.83,154.64,687.02,118.32,120.42,411.57,104.43,26.42,80.22,107.22,95.66,109.42,217.53,33.55,,25.3,,,204.81,21.58,366.14,336.94,36.0,,,108.74,47.04,406.18,247.05,138.03,,60.46,297.29,324.08,,,,850.66,1096.75,,576.44,,314.2,381.8,114.24,1143.15,,,290.68,77.79,13.91,96.82,209.71,43.36,9.48,1378.85,185.23,,12.71,,129.51,,231.45,70.39,742.17,16.71,105.02,240.63,,1894.59,,,2227.63,,,,,279.35,,179.79,748.14,,,1123.74,,,,402.13,464.46,,,,71.55,59.08,24.8,25.99,,324.34,776.79,,117.11,,53.7,,86.45
2026-06-20 08:00:00+00:00,167.41,296.18,195.8,,625.92,540.9,243.78,1717.37,,437.03,1939.28,80.03,407.88,89.2,107.61,8.37,335.72,16.26,,,491.68,,122.51,,231.99,,392.7,166.23,953.09,80.23,267.97,154.16,682.48,118.3,120.25,407.9,104.11,26.43,79.97,107.68,95.53,108.8,216.86,33.45,,25.45,,,205.44,21.31,366.35,336.3,35.64,,,108.47,47.08,405.79,246.97,137.68,,60.42,298.47,324.18,,,,851.89,1095.29,,576.29,,314.05,381.5,115.96,1141.7,,,292.05,77.57,13.76,96.01,209.89,43.39,9.41,1386.33,185.18,,12.69,,129.26,,230.71,68.9,742.0,16.54,104.89,240.33,,1893.3,,,2226.48,,,,,277.35,,180.4,748.07,,,1116.47,,,,402.45,462.9,,,,71.56,59.22,24.58,25.84,,325.54,775.27,,117.41,,54.29,,86.12
2026-06-20 12:00:00+00:00,165.6,295.38,197.36,,628.77,537.28,244.25,1722.01,,433.68,1929.09,79.63,408.08,89.32,107.79,8.38,336.85,16.37,,,492.0,,121.42,,230.79,,391.91,166.48,952.48,80.8,267.4,154.68,686.39,118.45,120.2,409.32,104.21,26.58,79.85,107.4,95.65,108.61,217.52,33.57,,25.23,,,204.03,21.4,365.83,337.64,35.57,,,108.14,46.37,406.19,246.47,137.61,,60.6,297.71,324.69,,,,844.61,1092.69,,575.44,,312.12,380.76,117.05,1137.64,,,288.82,77.5,13.87,96.48,209.3,43.33,9.45,1380.11,185.37,,12.67,,129.04,,228.23,68.88,740.41,16.65,105.71,240.49,,1895.56,,,2225.79,,,,,279.71,,180.54,746.84,,,1123.72,,,,401.42,462.66,,,,71.39,59.28,24.64,25.83,,324.21,775.9,,117.42,,54.23,,86.99
2026-06-20 16:00:00+00:00,165.5,295.6,197.01,,630.69,538.38,243.78,1721.94,,432.87,1939.3,79.74,408.15,89.39,107.47,8.64,335.19,16.35,,,491.46,,121.26,,230.29,,389.82,166.02,950.38,80.75,268.58,153.76,686.95,118.07,120.11,409.61,104.09,26.52,79.66,107.47,95.32,108.53,217.46,33.52,,24.99,,,202.2,21.82,365.19,337.26,35.3,,,108.02,46.4,404.18,245.42,137.89,,60.1,296.77,324.73,,,,840.06,1092.75,,575.22,,312.02,379.92,116.85,1134.33,,,286.01,77.56,13.84,95.7,208.9,43.11,9.37,1375.24,185.13,,12.62,,129.05,,226.71,70.03,739.81,16.72,105.6,239.33,,1907.8,,,2220.44,,,,,277.73,,180.49,746.07,,,1117.32,,,,400.47,459.23,,,,71.27,58.76,24.5,25.79,,324.78,767.56,,117.61,,53.67,,86.75
2026-06-20 20:00:00+00:00,166.76,295.67,197.37,,629.79,541.53,243.56,1726.07,,432.91,1934.01,79.78,409.25,89.39,107.64,8.58,338.54,16.39,,,491.61,,121.33,,232.36,,391.67,167.0,952.6,80.59,270.09,153.63,690.42,118.31,120.16,408.03,104.08,26.83,80.11,107.11,95.3,108.74,218.72,33.85,,24.95,,,203.03,21.84,364.98,337.39,35.23,,,108.34,46.64,404.63,246.35,137.58,,60.49,294.2,324.3,,,,845.97,1097.6,,575.78,,312.54,380.52,117.96,1139.27,,,285.99,77.7,13.9,96.22,209.16,43.29,9.4,1372.87,185.3,,12.6,,128.71,,227.6,69.67,740.1,16.69,105.93,241.82,,1916.04,,,2228.75,,,,,280.31,,181.56,747.37,,,1116.95,,,,401.45,462.29,,,,71.49,58.92,24.48,25.82,,325.85,771.52,,117.74,,54.24,,86.74
2026-06-21 00:00:00+00:00,166.15,295.91,195.83,,634.58,540.78,243.63,1719.0,,434.35,1936.9,79.61,410.17,89.3,107.87,8.58,338.54,16.37,,,492.97,,121.84,,232.12,,395.76,167.61,952.89,81.84,270.4,154.11,692.43,119.29,120.18,407.57,103.63,26.61,80.83,106.94,95.44,108.84,218.75,34.04,,24.84,,,203.41,21.74,365.37,336.85,36.43,,,108.51,46.65,405.07,246.29,138.49,,60.71,294.61,324.96,,,,842.99,1101.07,,576.47,,314.28,380.84,118.68,1144.55,,,289.85,77.83,13.9,95.9,209.34,43.02,9.35,1392.8,185.02,,12.63,,128.78,,226.83,69.82,740.52,16.76,106.56,242.19,,1923.79,,,2228.1,,,,,281.02,,181.6,745.92,,,1114.25,,,,402.16,462.96,,,,71.54,58.78,24.49,25.86,,325.1,776.98,,117.84,,54.13,,86.59
2026-06-21 04:00:00+00:00,166.77,295.83,196.4,,634.06,543.12,243.74,1716.36,,433.18,1948.74,79.73,410.94,91.03,107.56,8.73,341.88,16.38,,,493.85,,122.34,,234.43,,395.68,167.03,953.71,81.78,270.43,154.38,695.38,119.55,120.38,408.79,103.65,26.7,81.03,106.81,95.72,110.17,219.21,34.0,,24.94,,,204.76,21.88,364.61,336.89,36.8,,,108.77,47.28,403.35,246.56,138.67,,60.7,294.31,324.97,,,,841.71,1103.67,,576.12,,316.7,380.82,117.45,1148.82,,,290.22,77.78,13.83,96.4,209.32,42.09,9.3,1378.0,185.39,,12.66,,128.86,,228.13,70.35,740.85,16.78,106.96,242.23,,1933.78,,,2228.4,,,,,285.12,,181.41,746.89,,,1124.35,,,,402.54,463.47,,,,71.43,59.15,24.83,26.01,,325.81,777.09,,118.06,,54.24,,86.67
2026-06-21 08:00:00+00:00,166.38,295.28,196.26,,636.25,542.37,243.31,1715.82,,433.46,1951.1,79.57,410.08,91.28,107.49,8.69,343.56,16.33,,,493.14,,122.51,,236.61,,393.88,166.13,953.53,81.35,272.19,153.78,705.14,119.99,120.19,407.04,103.25,26.72,80.86,106.67,95.78,110.32,218.05,33.73,,24.92,,,205.35,21.82,364.53,336.22,36.77,,,108.26,47.36,404.87,245.75,137.66,,60.77,294.51,324.0,,,,839.52,1102.77,,575.56,,313.98,381.5,116.87,1146.83,,,290.97,77.8,13.8,96.15,209.31,42.84,9.33,1381.3,185.16,,12.66,,128.59,,232.08,70.28,740.37,16.76,107.34,242.87,,1927.0,,,2228.7,,,,,286.37,,180.64,746.83,,,1130.53,,,,402.11,464.15,,,,71.83,58.89,24.77,25.85,,324.7,782.94,,118.05,,54.35,,86.31
2026-06-21 12:00:00+00:00,166.53,295.55,196.87,,635.52,542.39,243.35,1710.29,,431.96,1973.98,79.9,411.08,91.07,107.63,8.69,344.83,16.46,,,492.0,,123.72,,235.96,,392.93,166.13,953.69,81.86,271.0,154.38,700.71,118.99,120.21,406.3,103.25,26.81,80.22,107.0,95.69,110.5,218.18,34.02,,24.93,,,205.01,21.78,364.2,336.98,36.69,,,108.46,47.2,401.34,246.5,138.36,,60.42,293.9,325.04,,,,843.28,1100.82,,576.55,,315.46,381.14,117.16,1147.93,,,290.84,77.61,13.91,96.27,209.39,43.08,9.32,1384.23,185.29,,12.68,,128.87,,233.25,70.96,740.77,16.75,106.3,241.59,,1913.99,,,2227.0,,,,,282.63,,181.34,746.83,,,1131.0,,,,402.68,464.53,,,,71.67,59.0,24.69,25.96,,324.82,782.0,,118.04,,54.05,,86.45
2026-06-21 16:00:00+00:00,166.22,295.39,196.55,,630.7,540.51,243.06,1714.33,,430.08,1969.2,80.66,410.33,90.46,107.77,8.68,344.74,16.45,,,491.24,,123.33,,235.63,,393.83,166.55,953.39,81.87,270.21,154.39,702.9,118.21,120.12,406.2,103.58,26.91,80.36,106.97,95.58,110.37,218.49,33.95,,24.92,,,205.2,21.73,364.27,337.49,36.59,,,108.22,47.04,401.24,247.25,136.95,,60.54,293.7,325.21,,,,841.72,1100.48,,576.28,,317.27,381.07,116.72,1142.91,,,286.54,77.75,14.04,96.41,209.25,43.07,9.33,1379.67,185.11,,12.71,,128.68,,236.45,70.37,739.47,16.74,106.85,240.47,,1915.16,,,2215.82,,,,,281.0,,181.7,745.83,,,1135.05,,,,401.8,462.1,,,,71.5,59.61,24.53,25.84,,324.99,779.05,,118.06,,53.9,,86.42
2026-06-21 20:00:00+00:00,162.81,293.85,196.15,,626.81,533.96,241.43,1708.01,,428.07,1945.6,79.17,402.45,87.52,107.05,8.54,333.76,16.14,,,490.8,,123.1,,230.94,,388.46,164.18,951.82,80.82,268.3,154.07,691.09,116.52,119.4,405.69,103.43,26.67,77.22,105.89,94.35,109.26,215.39,33.78,,24.42,,,198.9,21.52,361.32,339.64,35.47,,,107.2,46.48,391.54,245.08,135.01,,59.66,293.48,323.51,,,,835.1,1099.75,,570.15,,310.38,378.41,114.29,1128.62,,,285.82,77.1,13.86,95.76,207.94,42.88,9.28,1375.79,183.07,,12.64,,126.39,,229.52,69.92,734.35,16.75,105.68,228.87,,1844.09,,,2193.6,,,,,273.84,,176.02,742.77,,,1096.82,,,,398.21,458.93,,,,71.29,57.99,24.76,26.26,,321.6,751.95,,118.07,,53.55,,86.01
2026-06-22 00:00:00+00:00,160.47,295.42,195.68,,614.89,531.68,241.98,1721.01,,432.25,1915.19,78.69,404.41,85.45,104.47,8.34,324.26,16.27,,,489.44,,123.3,,232.82,,393.11,163.92,951.16,80.1,266.64,152.0,680.36,116.5,118.82,406.35,103.92,26.3,78.87,106.38,96.45,110.34,214.64,33.77,,24.29,,,196.94,21.46,361.75,334.26,34.88,,,107.36,47.3,382.9,248.7,140.77,,59.07,293.62,323.6,,,,845.2,1098.9,,573.43,,312.69,377.66,113.44,1162.37,,,283.2,77.16,13.37,94.37,208.8,44.24,9.21,1391.5,181.64,,12.47,,126.7,,224.78,70.42,736.71,16.32,103.78,232.13,,1909.01,,,2249.22,,,,,275.64,,176.77,744.29,,,1078.49,,,,394.28,461.48,,,,71.46,56.99,24.84,26.25,,327.4,766.06,,117.18,,53.38,,85.6
2026-06-22 04:00:00+00:00,165.46,297.34,196.15,,622.43,539.68,243.02,1720.84,,436.43,1921.91,79.52,406.73,88.04,105.28,8.52,328.16,16.38,,,488.8,,123.67,,235.73,,394.78,164.63,952.39,80.86,273.25,151.85,686.41,117.84,118.98,409.24,103.81,26.2,79.04,107.06,96.4,111.0,215.09,33.68,,24.57,,,199.5,21.45,364.18,333.07,35.13,,,107.95,47.49,378.53,248.92,139.94,,59.65,294.78,324.54,,,,849.7,1101.45,,576.39,,317.21,380.35,114.06,1168.32,,,286.76,77.31,13.34,94.75,209.94,44.51,9.26,1390.39,182.51,,12.42,,127.27,,228.62,69.18,740.71,16.38,104.87,229.31,,1896.76,,,2262.84,,,,,285.83,,179.86,746.97,,,1085.85,,,,395.22,468.93,,,,71.63,57.24,24.94,25.87,,327.13,774.25,,116.94,,53.35,,85.53
2026-06-22 08:00:00+00:00,164.73,296.14,193.73,,629.27,540.18,242.88,1727.05,,435.17,1944.81,78.95,408.22,92.1,105.66,8.46,326.76,16.53,,,489.07,,123.58,,235.48,,393.84,165.06,950.13,81.17,284.94,150.66,682.0,118.39,118.71,408.93,103.54,26.33,79.84,108.28,96.82,111.75,216.94,33.96,,24.81,,,200.39,21.44,361.67,334.03,35.1,,,106.19,47.68,383.53,247.41,138.03,,60.33,296.4,325.92,,,,854.29,1101.6,,573.74,,311.7,378.19,115.22,1183.4,,,287.72,77.1,13.67,94.21,210.34,44.35,9.31,1391.49,182.51,,12.41,,126.92,,224.94,69.05,740.88,16.43,103.89,235.12,,1934.4,,,2264.86,,,,,291.42,,176.49,747.08,,,1109.05,,,,396.84,475.08,,,,71.61,57.12,25.56,25.64,,327.23,786.72,,116.59,,53.69,,86.09
2026-06-22 12:00:00+00:00,158.68,300.9,192.71,418.62,626.22,538.28,233.89,1658.5,,407.53,1904.98,75.19,396.95,88.23,105.86,8.97,339.07,16.09,,,489.66,,124.41,,228.41,440.03,400.99,166.41,952.25,80.77,291.15,148.79,687.25,108.63,120.61,422.0,102.81,25.97,79.69,106.4,97.01,111.9,217.64,34.3,,25.36,,,196.33,21.44,346.45,330.51,33.96,,,108.83,48.34,383.6,245.12,138.01,,58.39,297.88,331.27,266.14,1057.0,,832.82,1110.0,395.9,562.99,,299.49,370.88,112.01,1180.04,,,282.19,73.4,14.1,92.88,209.58,46.2,8.94,1367.53,177.2,,13.47,,122.25,,227.94,71.21,736.36,15.52,99.46,233.93,,1926.25,,35.23,2299.4,,,,19.76,289.1,,166.94,745.07,,,1088.3,,,,407.67,469.96,,,,72.29,56.56,24.87,25.75,,330.66,749.95,,117.73,,53.6,,83.56
2026-06-22 16:00:00+00:00,171.26,297.08,194.65,440.41,640.07,552.07,233.03,1656.0,,407.98,1932.37,73.2,392.62,92.29,105.04,8.8,345.8,15.86,,,489.21,,123.16,,224.22,461.18,426.11,165.01,951.49,79.92,302.48,150.04,676.37,111.12,121.58,419.38,102.43,25.66,80.76,104.96,96.94,111.66,218.58,34.32,,25.18,,,209.39,21.15,349.98,326.69,33.54,,,105.79,48.39,383.88,253.25,141.1,,56.77,298.14,332.0,269.76,1079.4,,893.6,1106.1,409.01,564.15,,308.16,367.64,109.55,1212.48,,,283.69,73.01,14.44,93.04,208.75,45.98,8.9,1336.4,175.61,,13.73,,119.55,,221.93,70.24,738.22,15.14,100.2,237.07,,1944.74,,35.7,2276.98,,,,19.51,301.14,,155.02,744.53,,,1095.58,,,,404.78,467.95,,,,71.49,56.24,24.1,25.87,,327.7,732.47,,117.27,,54.06,,84.33
2026-06-22 20:00:00+00:00,169.21,295.74,194.32,439.15,635.42,547.38,233.23,1640.76,,404.55,1924.68,73.4,392.94,91.74,105.21,8.85,343.84,15.95,,,489.37,,122.55,,225.34,456.63,425.32,164.99,951.33,79.66,302.32,150.35,675.48,110.2,121.15,419.73,102.56,25.59,80.5,104.53,97.22,111.46,216.26,34.32,,25.18,,,209.49,21.18,346.52,327.46,33.29,,,105.03,48.44,380.69,263.72,139.22,,56.93,298.0,331.8,268.99,1060.0,,890.05,1104.22,410.95,563.59,,303.77,368.83,110.33,1230.11,,,281.03,73.03,14.28,93.3,207.8,45.66,8.96,1342.0,175.66,,13.75,,119.5,,220.99,70.57,736.52,15.15,99.21,230.58,,1930.88,,36.45,2266.96,,,,19.83,297.9,,156.93,743.87,,,1092.76,,,,403.33,467.82,,,,71.43,56.15,24.08,26.23,,327.9,735.36,,117.1,,54.02,,84.32
2026-06-23 00:00:00+00:00,164.73,299.24,194.13,427.54,626.68,539.54,232.55,1613.26,,393.4,1887.8,71.85,388.26,88.85,102.13,8.91,333.14,15.85,,,487.8,,122.88,,218.97,450.11,414.55,163.06,959.05,78.67,295.31,150.04,672.64,107.12,122.5,409.76,102.3,25.54,75.71,104.69,95.01,109.36,205.16,34.03,,24.22,,,200.79,21.2,345.64,326.07,32.95,,,102.42,47.71,345.18,261.39,136.62,,55.38,296.6,330.46,265.92,884.23,,859.75,1101.35,399.43,566.17,,292.41,369.77,109.17,1175.2,,,267.99,73.41,13.8,92.36,206.07,45.27,8.84,1325.11,172.05,,13.5,,118.53,,219.08,68.06,732.43,15.09,97.12,220.79,,1801.97,,34.79,2186.92,,,,19.54,284.42,,152.88,741.76,,,1054.9,,,,399.25,458.41,,,,71.24,55.16,23.54,26.48,,327.09,695.9,,118.0,,53.78,,84.22
2026-06-23 04:00:00+00:00,161.15,295.21,195.02,414.53,601.06,518.96,229.87,1597.51,,385.57,1799.71,69.89,379.27,84.93,101.14,8.36,321.14,15.45,,,487.6,,122.0,,215.4,438.47,397.78,158.57,957.49,76.72,283.12,150.04,669.84,103.81,120.89,400.62,101.74,25.43,71.71,103.74,92.92,105.85,195.57,33.8,,23.3,,,197.93,20.84,340.92,325.18,32.03,,,99.63,46.51,332.37,260.25,130.8,,54.25,293.43,329.29,258.51,811.03,,845.36,1100.71,390.07,560.16,,284.2,366.84,106.42,1121.07,,,261.05,73.18,13.6,92.89,202.27,46.47,8.62,1319.2,170.21,,13.04,,117.77,,210.14,67.14,720.5,14.88,93.95,205.75,,1673.49,,33.12,2108.39,,,,19.55,257.25,,150.0,734.49,,,1040.54,,,,394.77,447.57,,,,70.93,54.99,22.95,27.36,,325.33,686.84,,118.06,,53.69,,83.42
2026-06-23 08:00:00+00:00,162.12,294.91,197.38,411.13,595.05,519.79,231.37,1662.88,,382.46,1795.5,72.1,377.37,85.04,102.26,8.54,324.51,15.37,,,490.66,,121.8,,217.75,437.97,400.2,159.91,957.47,77.36,284.79,152.52,670.11,104.93,119.45,399.71,102.42,25.5,71.83,105.42,92.9,106.39,197.17,33.9,,23.78,,,198.98,21.07,343.59,323.03,32.67,,,102.43,46.79,336.25,265.76,132.34,,54.28,294.6,331.57,254.15,763.04,,843.6,1109.61,383.7,560.05,,284.89,372.33,107.06,1134.23,,,262.94,73.57,13.67,94.51,204.0,46.7,8.72,1341.2,171.38,,13.38,,119.45,,208.7,68.88,720.24,14.99,96.82,207.41,,1710.59,,34.0,2098.05,,,,19.48,250.87,,155.2,736.33,,,1026.45,,,,395.95,447.12,,,,71.51,54.39,22.97,27.41,,328.08,685.47,,118.3,,54.18,,84.36
2026-06-23 12:00:00+00:00,152.0,298.18,197.83,403.24,583.22,522.53,234.81,1640.54,,369.63,1782.27,76.66,381.02,80.02,102.48,8.86,322.03,15.24,,,493.46,,120.79,,215.78,454.57,388.4,160.03,965.79,76.36,273.51,153.45,686.34,106.35,120.62,425.35,103.43,25.64,70.9,108.47,93.04,105.89,196.99,34.08,,22.14,,,189.0,21.25,346.65,325.89,34.19,,,105.08,48.45,337.57,264.94,135.45,,54.98,296.6,334.7,242.69,757.01,,826.76,1094.81,369.8,564.62,,279.49,373.53,106.49,1083.39,,,277.92,73.15,13.73,96.73,201.99,46.56,8.8,1329.5,169.6,,14.36,,118.87,,203.29,76.82,718.0,14.98,98.4,208.07,,1720.51,,33.89,1989.36,,,,19.58,234.86,,161.26,736.31,,,1022.15,,,,383.9,442.38,,,,70.28,56.31,23.72,27.65,,330.49,670.24,,119.86,,54.31,,85.66
2026-06-23 16:00:00+00:00,148.09,294.44,197.76,399.96,585.72,520.42,234.4,1641.99,,366.58,1782.93,72.97,380.48,77.97,102.67,8.82,321.78,15.18,,,493.52,,120.22,,227.03,458.56,381.8,158.29,956.99,75.66,272.49,153.89,681.49,105.83,121.17,428.36,103.61,25.17,69.54,109.02,92.71,105.3,192.26,34.13,,21.24,,,194.08,21.09,346.46,324.36,33.0,,,103.26,48.98,336.0,265.06,132.42,,54.7,295.45,334.9,244.8,716.64,,828.14,1109.6,371.81,562.58,,279.34,374.27,103.93,1052.44,,,275.71,72.89,13.72,96.06,200.24,47.39,8.54,1330.3,165.31,,14.65,,116.8,,204.34,77.56,714.31,14.91,95.21,205.63,,1695.62,,33.49,1963.25,,,,19.68,230.85,,156.33,734.48,,,1042.14,,,,381.8,436.93,,,,69.74,55.65,22.94,27.85,,329.12,671.89,,119.52,,54.44,,86.34
2026-06-23 20:00:00+00:00,149.26,294.63,198.16,401.39,589.03,522.37,233.91,1640.0,,367.41,1786.14,73.53,381.67,78.44,102.58,8.84,322.44,15.21,,,493.25,,119.9,,201.35,461.26,383.4,158.99,957.54,76.22,275.08,153.68,680.94,105.86,122.18,428.79,103.6,25.13,70.53,109.35,92.96,106.28,196.22,34.18,,21.51,,,195.27,21.19,348.55,324.5,33.01,,,103.26,49.13,337.85,264.42,132.92,,55.0,295.61,334.65,245.75,732.08,,830.16,1108.38,375.08,562.71,,280.98,374.52,104.85,1065.33,,,278.08,73.05,13.69,96.72,201.01,47.41,8.57,1336.3,165.85,,14.72,,116.16,,204.25,78.47,716.6,14.97,94.97,206.51,,1701.71,,33.6,1986.6,,,,19.68,233.92,,157.04,735.4,,,1045.34,,,,382.83,441.11,,,,69.76,56.35,23.13,27.64,,328.72,680.54,,119.41,,54.46,,86.44
2026-06-24 00:00:00+00:00,149.38,294.38,198.01,403.29,589.44,521.73,233.67,1640.01,,371.8,1789.68,73.85,381.99,79.02,100.82,8.93,322.86,15.21,,,492.37,,119.69,,204.38,459.61,386.4,159.1,956.41,75.99,276.92,154.07,679.33,106.35,121.87,427.14,103.41,25.12,70.49,109.77,92.35,105.54,195.53,34.12,,21.38,,,195.1,21.19,348.1,324.77,32.93,,,103.58,49.16,330.87,262.27,133.66,,55.32,295.59,334.36,246.25,725.0,,830.38,1112.31,374.08,562.87,,280.71,374.81,104.83,1076.58,,,279.74,72.93,13.92,96.18,201.17,47.31,8.62,1329.5,166.41,,14.62,,116.16,,205.46,79.59,716.47,15.01,95.14,213.16,,1644.46,,33.63,1978.35,,,,19.96,233.54,,155.2,735.39,,,1047.07,,,,383.44,443.42,,,,69.93,56.04,23.14,27.58,,328.94,676.87,,119.06,,54.15,,85.81
2026-06-24 04:00:00+00:00,151.31,294.09,197.51,407.72,589.41,527.59,233.58,1644.1,,378.73,1792.53,74.53,382.0,79.6,102.04,9.26,326.33,15.26,,,491.67,,120.1,,200.55,460.82,387.6,159.24,956.95,76.02,279.76,153.22,680.46,106.77,121.74,431.08,103.43,25.08,71.74,109.37,92.49,105.42,198.57,34.23,,21.58,,,197.12,21.32,348.6,323.72,33.12,,,103.78,49.04,330.17,264.42,134.87,,55.48,295.59,334.57,246.0,756.77,,834.41,1110.84,377.18,562.52,,284.35,373.23,105.06,1082.94,,,281.65,72.91,13.85,95.98,201.07,46.71,8.62,1336.26,165.71,,14.53,,116.59,,210.59,79.52,717.38,14.98,95.83,220.25,,1708.88,,33.78,2002.0,,,,20.1,237.0,,156.85,735.21,,,1051.06,,,,383.93,441.66,,,,69.86,56.05,23.15,27.5,,328.81,683.81,,118.95,,54.11,,86.12
2026-06-24 08:00:00+00:00,151.2,295.98,196.33,407.0,593.66,526.71,234.16,1641.0,,381.06,1787.33,74.14,382.38,79.33,101.36,9.16,329.48,15.34,,,492.72,,120.68,,203.18,463.64,390.34,159.92,957.08,76.96,280.04,152.73,681.53,106.69,121.65,430.08,103.87,25.19,72.65,109.39,92.95,105.38,201.01,34.17,,21.91,,,197.16,21.27,348.63,324.68,33.16,,,104.01,48.98,331.79,264.84,134.73,,55.39,296.62,334.35,247.62,781.73,,836.99,1115.17,377.5,564.21,,284.09,371.28,105.61,1102.61,,,282.18,73.0,13.95,94.9,201.75,46.66,8.7,1334.2,165.6,,14.56,,115.11,,206.81,80.16,719.69,15.01,95.36,221.9,,1738.48,,33.96,2026.53,,,,20.14,240.77,,155.33,737.33,,,1058.35,,,,384.35,437.44,,,,70.01,55.96,23.26,27.22,,329.12,684.5,,119.1,,53.94,,86.48
2026-06-24 12:00:00+00:00,145.75,299.45,199.33,405.03,590.4,521.02,242.06,1630.6,,356.41,1773.78,69.61,384.71,70.77,101.24,9.14,336.73,14.52,,,496.78,,116.27,,186.72,473.53,394.4,152.82,960.8,73.03,271.54,154.89,678.71,102.67,120.91,434.52,103.5,25.07,69.9,111.11,92.91,105.07,196.48,33.77,,20.2,,,215.06,21.56,350.25,340.87,33.32,,,100.07,49.54,327.14,262.09,134.87,,52.17,299.14,333.52,240.33,737.37,,847.89,1108.75,369.74,563.66,,271.48,374.49,96.36,1043.65,,,259.86,72.22,13.98,95.01,200.89,47.42,7.97,1325.4,159.06,,13.87,,114.3,,196.92,72.1,716.95,15.08,87.92,217.39,,1690.16,,33.05,1926.9,,,,20.19,230.53,,158.78,738.67,,,1005.03,,,,380.89,442.6,,,,74.46,54.7,22.04,27.09,,332.29,647.6,,119.9,,53.21,,86.39
2026-06-24 16:00:00+00:00,147.03,293.34,197.03,399.76,589.54,519.7,234.56,1619.3,,359.34,1765.98,68.03,382.32,70.21,99.78,8.64,326.11,14.08,,,495.38,,112.88,,182.68,463.44,392.92,150.26,960.95,71.01,268.96,152.82,672.09,100.95,119.72,434.22,101.28,24.56,70.06,109.7,92.68,104.69,197.07,33.8,,19.76,,,205.73,21.46,345.68,342.45,32.73,,,97.3,48.81,323.53,263.06,131.85,,50.34,296.61,333.21,240.43,741.48,,842.86,1118.7,373.77,558.12,,276.85,365.93,94.19,1049.42,,,259.85,71.92,13.83,93.87,199.13,47.43,7.7,1316.33,157.71,,13.91,,113.6,,197.58,71.24,710.76,14.62,85.5,217.89,,1684.65,,32.48,1919.34,,,,20.01,229.12,,154.59,733.25,,,993.75,,,,375.76,441.05,,,,73.75,54.35,21.43,27.71,,332.41,644.42,,119.09,,53.52,,85.41
2026-06-24 20:00:00+00:00,154.29,291.14,195.43,420.15,630.49,539.21,233.42,1636.6,,385.14,1865.69,69.52,389.89,75.14,100.29,9.53,344.55,14.35,,,494.02,,113.46,,187.96,483.06,409.4,153.22,956.56,72.78,283.63,152.34,672.93,105.22,118.72,443.56,100.93,24.53,80.25,109.14,93.94,108.62,211.96,33.97,,20.82,,,215.37,21.35,342.76,342.21,33.03,,,98.98,49.71,342.12,261.73,138.79,,52.58,298.25,335.19,255.26,907.08,,869.12,1113.16,400.13,559.5,,291.26,365.67,97.0,1214.51,,,275.92,71.65,14.26,93.48,200.8,47.33,8.06,1327.0,159.57,,13.83,,113.88,,223.03,73.09,724.64,14.89,86.76,234.55,,1845.6,,33.78,2151.84,,,,20.01,264.09,,154.29,737.92,,,1092.33,,,,378.45,457.28,,,,73.89,54.79,22.02,26.58,,330.96,723.53,,116.91,,53.45,,85.58
2026-06-25 00:00:00+00:00,153.28,291.38,195.83,415.73,623.92,534.95,234.01,1645.78,,384.07,1842.92,69.47,387.76,74.89,97.31,9.1,343.53,14.32,,,493.93,,110.92,,186.29,478.54,406.76,153.33,957.18,72.31,280.8,152.71,672.52,104.85,118.8,441.09,101.29,24.55,78.23,110.59,93.95,106.45,207.98,33.78,,20.53,,,216.96,21.41,343.06,343.96,32.86,,,98.33,49.47,328.7,261.72,137.82,,52.15,297.43,334.85,250.76,863.1,,864.4,1116.91,394.82,559.39,,288.38,366.08,95.76,1214.46,,,272.18,71.69,14.19,93.7,200.5,47.31,8.07,1326.27,159.55,,13.86,,113.63,,220.4,71.88,723.32,14.79,86.16,232.02,,1853.59,,33.56,2126.09,,,,19.91,253.94,,154.26,737.75,,,1081.85,,,,375.06,449.53,,,,74.15,54.76,21.9,26.84,,331.44,715.87,,117.17,,53.03,,85.34
2026-06-25 04:00:00+00:00,154.06,292.76,195.21,421.42,629.32,539.5,234.06,1670.74,,382.26,1852.25,69.51,391.26,75.51,96.86,9.31,344.81,14.59,,,493.64,,111.12,,185.79,479.49,411.39,154.64,957.5,73.09,282.19,151.66,673.63,104.9,119.51,442.43,101.48,24.54,78.8,110.23,94.12,107.15,207.86,33.9,,20.62,,,224.38,21.44,340.64,341.39,33.05,,,99.4,49.22,326.18,261.02,139.35,,52.17,297.86,334.82,252.88,863.09,,871.26,1118.56,400.06,557.6,,289.06,365.23,97.71,1237.99,,,270.49,71.62,14.19,92.73,201.27,47.64,8.0,1367.6,160.45,,13.85,,113.42,,223.64,71.75,726.91,14.81,87.56,232.32,,1900.2,,33.61,2146.91,,,,20.03,264.36,,155.69,739.68,,,1079.77,,,,378.74,453.82,,,,74.43,55.0,21.95,26.09,,331.71,719.57,,117.82,,53.25,,85.48
2026-06-25 08:00:00+00:00,151.65,291.22,193.96,416.34,631.33,540.15,233.28,1675.93,,383.11,1842.57,69.38,386.81,73.44,97.19,9.36,339.46,14.39,,,493.19,,112.71,,184.58,475.39,408.3,152.91,954.25,72.22,281.83,150.98,677.59,105.21,119.68,435.97,101.03,24.63,78.66,109.07,94.01,106.82,207.37,33.89,,20.42,,,219.4,21.44,341.3,341.45,32.9,,,98.95,49.25,327.68,269.36,138.56,,52.2,297.3,335.39,252.12,857.0,,874.94,1117.59,399.8,556.38,,287.65,364.39,96.06,1233.49,,,272.07,71.46,14.23,92.67,200.78,47.81,7.97,1365.5,159.07,,13.81,,112.4,,217.63,72.25,725.52,14.73,87.59,232.14,,1901.0,,33.42,2213.13,,,,19.84,262.68,,160.06,738.48,,,1095.23,,,,376.63,452.78,,,,74.22,54.3,21.87,26.24,,332.01,724.8,,117.57,,53.28,,85.03
2026-06-25 12:00:00+00:00,135.04,278.14,196.04,408.15,632.85,519.21,230.44,1669.5,,354.02,1822.68,64.58,383.03,66.97,95.75,10.38,305.46,13.49,,,492.68,,115.5,,168.54,475.15,393.46,146.13,948.42,69.79,270.39,151.51,678.98,100.5,119.36,406.87,100.43,23.9,76.25,107.88,93.75,105.34,203.19,34.36,,19.12,,,222.45,21.01,341.41,345.27,31.03,,,94.97,46.95,320.12,260.42,129.1,,48.46,298.43,339.01,253.14,810.5,,841.49,1143.08,384.41,550.41,,274.46,355.91,87.3,1194.26,,,257.02,72.21,13.86,90.75,195.88,47.76,7.61,1353.6,152.35,,13.91,,106.95,,208.69,69.59,714.46,14.45,80.57,226.7,,1884.3,,31.96,2217.64,,,,19.45,246.96,,152.21,734.55,,,1020.75,,,,375.73,440.8,,,,72.87,53.39,20.47,27.16,,337.73,682.2,,116.8,,53.92,,83.36
2026-06-25 16:00:00+00:00,138.89,275.52,194.1,400.66,667.92,532.93,227.29,1653.27,,348.14,1844.76,65.7,379.56,69.1,95.16,10.34,309.55,13.35,,,488.07,,114.07,,168.7,484.66,407.78,142.73,941.88,68.88,268.29,150.32,678.37,98.95,118.93,408.67,98.05,23.12,77.23,107.95,93.45,104.93,205.15,34.2,,19.4,,,228.23,21.03,343.87,344.7,32.69,,,93.58,46.66,320.53,258.48,133.1,,47.72,298.82,335.48,259.19,829.1,,862.47,1129.41,401.59,543.76,,281.92,353.1,85.36,1215.95,,,257.12,70.9,13.95,89.61,196.04,47.61,7.69,1354.17,152.81,,14.28,,107.38,,205.07,71.56,716.53,14.87,80.75,226.6,,1894.48,,31.75,2331.49,,,,19.36,253.72,,153.16,733.67,,,1023.5,,,,375.46,435.56,,,,72.22,53.3,20.66,26.97,,330.84,675.31,,115.77,,54.06,,82.62
2026-06-25 20:00:00+00:00,137.14,276.52,194.52,394.63,668.92,530.69,227.07,1670.35,,346.52,1840.49,66.15,379.7,68.79,95.27,10.39,307.57,13.4,,,489.31,,113.86,,169.12,485.29,404.2,143.32,944.99,69.3,267.06,150.92,681.29,99.09,119.42,406.31,98.43,23.17,76.52,108.77,93.64,105.01,204.54,34.32,,19.45,,,230.33,21.05,343.55,345.12,32.47,,,93.27,46.72,323.41,258.59,132.0,,47.75,298.51,337.63,258.5,816.52,,855.82,1135.27,399.19,545.7,,277.89,355.58,85.57,1189.8,,,256.4,71.45,13.96,90.11,194.94,47.58,7.76,1363.02,151.65,,14.08,,108.01,,203.83,71.02,715.66,14.83,82.91,229.76,,1851.99,,31.54,2318.11,,,,19.64,250.0,,152.95,733.21,,,1024.25,,,,374.78,436.18,,,,72.5,53.51,20.79,27.05,,332.59,674.43,,116.36,,54.19,,82.82
2026-06-26 00:00:00+00:00,130.02,275.36,193.44,383.44,653.86,516.07,226.68,1660.28,,330.08,1786.28,64.2,372.74,67.53,92.53,9.93,300.96,13.32,,,490.68,,116.2,,164.69,476.76,392.91,143.09,948.13,68.99,259.7,149.98,675.03,96.93,120.08,399.64,98.33,23.12,72.83,108.09,92.08,102.63,193.64,33.96,,18.83,,,219.05,21.04,339.15,346.37,31.81,,,92.27,46.0,303.71,252.56,128.18,,46.93,297.42,336.74,250.55,686.93,,828.36,1128.88,385.09,541.45,,270.27,352.8,85.43,1158.21,,,248.66,71.3,13.59,89.04,193.26,47.05,7.6,1351.6,149.38,,13.83,,106.88,,198.76,70.11,707.39,14.72,80.76,214.19,,1740.65,,30.63,2221.76,,,,19.6,233.05,,150.75,729.57,,,998.75,,,,370.15,429.71,,,,72.16,53.1,20.57,27.79,,331.72,647.18,,117.03,,53.91,,82.63
2026-06-26 04:00:00+00:00,132.45,275.65,194.83,389.45,658.01,519.38,228.23,1668.32,,339.06,1813.79,65.07,374.82,68.04,91.09,10.41,304.69,13.53,,,490.0,,114.81,,166.87,476.67,395.32,144.17,949.38,69.44,263.05,151.55,681.88,97.5,119.16,397.59,98.02,23.18,74.27,108.01,92.98,102.29,198.74,33.98,,19.02,,,222.47,21.08,342.45,346.75,32.18,,,92.91,46.2,315.18,258.87,129.06,,47.71,298.86,337.95,253.35,749.04,,838.26,1130.46,393.04,546.88,,273.26,356.89,86.69,1172.11,,,250.64,71.45,13.54,90.71,193.92,47.17,7.66,1353.4,150.04,,13.86,,108.49,,202.47,69.94,711.3,14.84,82.6,221.27,,1755.08,,30.95,2250.55,,,,19.54,238.48,,151.39,732.14,,,1006.5,,,,371.12,433.27,,,,72.39,52.93,20.67,27.8,,332.37,657.53,,116.59,,53.94,,84.06
2026-06-26 08:00:00+00:00,131.15,276.46,195.65,384.14,649.65,512.54,227.75,1657.59,,332.86,1790.56,64.1,372.0,66.68,91.92,10.1,294.68,13.11,,,489.27,,113.8,,165.8,470.21,391.55,141.39,947.17,68.11,257.79,151.47,677.02,96.53,118.01,398.99,98.3,23.59,73.03,107.56,92.37,101.06,196.38,34.05,,18.77,,,223.18,21.09,341.24,345.11,31.96,,,92.65,46.0,311.29,258.74,128.21,,46.2,297.16,336.48,249.91,721.46,,828.12,1128.41,388.69,545.1,,268.98,357.05,83.69,1154.56,,,247.8,71.4,13.44,90.49,193.58,46.74,7.56,1351.5,149.37,,13.88,,108.69,,201.06,69.21,707.23,14.78,81.3,218.62,,1764.18,,30.84,2218.14,,,,19.61,228.13,,151.18,729.62,,,983.76,,,,371.34,426.61,,,,72.34,52.43,20.28,27.94,,332.15,646.87,,116.47,,53.85,,82.94
2026-06-26 12:00:00+00:00,132.02,277.35,201.02,380.71,643.02,519.85,232.44,1664.27,,335.71,1795.52,72.01,370.96,67.2,95.53,11.27,271.32,13.72,,,496.41,,115.94,,173.27,474.71,378.87,148.58,959.05,73.26,253.08,157.47,702.03,95.56,115.35,387.24,99.1,24.52,73.59,108.99,93.13,103.02,200.48,34.78,,19.68,,,213.63,21.55,345.39,349.72,34.71,,,97.86,43.48,317.43,271.92,128.95,,47.73,299.57,333.05,246.7,769.86,,794.29,1204.83,381.47,556.08,,269.32,370.37,85.97,1165.42,,,240.8,75.02,12.97,97.12,194.51,48.17,7.84,1350.57,151.68,,14.24,,113.47,,200.48,76.31,713.67,15.41,85.88,222.8,,1770.42,,31.02,2158.64,,,,19.84,221.06,,156.27,735.82,,,948.0,,,,385.26,429.29,,,,75.46,53.86,20.6,27.16,,339.27,603.64,,116.82,,54.04,,85.41
2026-06-26 16:00:00+00:00,135.64,281.86,202.69,391.42,624.79,519.8,230.78,1650.25,,334.81,1795.98,71.4,364.7,69.93,94.96,11.38,253.43,13.54,,,497.62,,115.14,,182.8,481.18,380.06,149.02,951.55,73.5,240.59,158.44,699.6,96.47,113.3,394.28,98.81,25.73,71.97,107.76,92.77,102.75,197.34,34.67,,19.22,,,221.99,21.74,336.53,348.41,33.94,,,98.71,43.61,314.21,271.4,127.78,,47.25,298.14,328.28,247.53,734.35,,814.59,1204.64,379.05,549.51,,265.77,371.63,82.11,1126.83,,,240.28,73.69,12.97,98.5,191.88,48.01,7.79,1340.2,148.65,,14.37,,113.01,,188.94,75.61,706.27,15.64,84.55,222.49,,1744.6,,30.7,2092.39,,,,19.72,214.96,,152.64,728.87,,,897.63,,,,379.6,431.82,,,,76.04,53.04,20.48,27.03,,335.86,586.52,,115.45,,53.89,,86.45
2026-06-26 20:00:00+00:00,134.17,282.62,202.76,391.18,627.79,518.92,232.04,1655.62,,332.84,1792.41,71.57,366.7,69.64,95.11,11.43,258.04,13.57,,,496.62,,115.22,,181.56,479.64,379.14,149.06,951.57,73.15,237.95,158.34,701.73,96.3,113.75,395.68,98.96,25.51,72.32,108.75,93.04,102.9,197.48,34.63,,19.25,,,220.24,22.22,338.56,348.41,33.99,,,98.26,43.62,314.26,271.76,127.72,,46.97,299.23,329.29,248.31,735.04,,812.27,1213.58,379.87,551.77,,265.45,373.14,82.88,1134.84,,,239.38,73.88,12.94,98.72,192.9,48.1,7.84,1342.0,149.14,,14.3,,112.32,,189.01,75.41,706.82,15.65,84.88,226.59,,1758.33,,30.69,2111.64,,,,19.82,212.74,,152.81,731.88,,,899.58,,,,378.06,431.31,,,,75.97,53.27,20.57,27.22,,336.83,588.56,,115.76,,54.28,,86.25
2026-06-27 00:00:00+00:00,133.57,282.54,203.98,389.48,637.66,520.74,233.01,1659.9,,333.2,1797.36,71.44,367.63,70.26,95.16,11.46,263.32,13.72,,,495.73,,114.22,,181.94,480.03,377.21,150.56,952.5,73.81,238.71,156.99,705.08,96.44,113.8,394.38,98.83,25.45,72.51,108.86,93.29,102.9,197.88,34.69,,19.33,,,221.83,22.36,340.5,350.32,34.2,,,98.57,43.81,315.46,272.09,127.96,,47.26,297.6,329.34,249.62,736.5,,813.18,1212.66,378.11,554.43,,266.41,374.8,83.17,1137.4,,,239.66,73.86,12.94,99.05,193.74,47.97,7.85,1342.39,149.55,,14.3,,112.73,,190.56,74.67,707.54,15.56,85.48,224.59,,1754.6,,30.68,2104.28,,,,19.86,213.27,,154.07,731.43,,,911.56,,,,380.24,433.17,,,,76.14,52.93,20.69,26.96,,337.17,591.43,,115.72,,53.75,,87.34
2026-06-27 04:00:00+00:00,133.51,282.21,203.32,389.52,639.0,521.23,233.17,1650.18,,335.19,1798.24,72.03,368.59,71.57,95.06,11.42,263.22,13.61,,,495.05,,113.85,,191.2,481.88,378.05,151.23,951.55,73.92,238.15,157.18,725.5,96.36,113.83,393.9,98.59,25.32,72.77,110.18,93.28,102.96,199.03,34.84,,19.36,,,221.88,22.31,340.33,350.7,34.31,,,98.87,43.77,315.25,275.64,128.32,,47.29,298.25,329.36,252.44,747.1,,813.34,1213.32,377.8,554.43,,267.25,374.4,84.03,1140.49,,,241.77,73.83,13.07,99.26,193.8,47.94,7.88,1344.8,150.08,,14.49,,112.91,,192.23,75.17,708.39,15.57,85.83,225.67,,1762.8,,30.76,2106.93,,,,19.87,214.15,,154.01,731.82,,,909.74,,,,380.27,435.35,,,,76.12,53.01,20.71,26.82,,336.78,588.92,,115.99,,53.88,,87.3
2026-06-27 08:00:00+00:00,133.95,281.36,203.7,389.87,642.99,520.68,233.24,1655.0,,334.12,1797.67,72.77,370.26,71.56,94.98,11.32,263.62,13.63,,,495.25,,113.92,,190.89,483.46,379.07,150.99,952.49,73.87,237.12,156.26,720.97,96.18,113.85,393.72,98.4,25.5,72.41,110.36,93.15,103.81,199.0,34.8,,19.36,,,226.35,22.25,339.71,350.66,34.18,,,99.18,43.81,317.61,274.31,127.78,,47.2,299.23,329.74,255.89,746.95,,813.18,1211.55,379.45,553.63,,267.17,375.16,84.13,1139.38,,,243.29,73.76,13.02,99.31,193.7,47.76,7.86,1343.7,150.17,,14.44,,112.93,,192.99,74.43,706.52,15.58,85.2,225.83,,1762.42,,30.76,2096.34,,,,19.63,213.34,,154.03,731.41,,,898.0,,,,380.75,433.72,,,,76.02,53.16,20.71,26.94,,336.56,584.59,,116.03,,53.88,,87.01
2026-06-27 12:00:00+00:00,134.25,281.8,203.1,389.77,640.51,521.77,233.75,1658.01,,333.73,1798.63,72.44,367.72,71.33,95.06,11.4,264.97,13.89,,,495.1,,114.06,,192.48,482.68,379.25,151.55,952.82,74.32,236.75,155.91,718.61,96.75,113.95,396.31,98.11,25.42,72.61,110.35,93.05,104.01,199.71,34.65,,19.5,,,224.97,22.24,340.16,350.6,34.19,,,99.06,43.66,315.16,273.77,127.9,,47.61,299.02,330.72,247.5,749.56,,813.17,1211.61,381.14,554.3,,268.44,375.28,85.29,1140.46,,,241.69,73.76,12.97,99.72,193.82,48.0,7.87,1347.1,150.37,,14.37,,112.93,,193.6,74.13,709.05,15.67,85.41,226.79,,1768.85,,30.77,2103.77,,,,19.6,213.83,,154.74,732.05,,,907.81,,,,380.84,434.88,,,,76.34,53.3,20.73,27.01,,336.56,585.34,,116.2,,53.91,,86.96
2026-06-27 16:00:00+00:00,132.59,281.93,203.22,388.88,640.4,518.67,233.38,1656.36,,332.5,1793.63,71.1,366.73,70.94,94.99,11.28,263.08,13.68,,,495.43,,113.88,,191.13,484.02,377.77,150.97,951.56,73.76,235.12,155.77,715.74,96.34,113.96,394.37,97.75,25.33,72.28,110.53,92.96,103.78,198.02,34.46,,19.21,,,228.26,22.19,339.73,349.46,34.37,,,98.74,43.53,312.87,273.51,127.1,,47.06,298.42,329.56,248.39,748.43,,809.43,1210.16,379.62,553.82,,268.32,374.47,84.53,1128.49,,,240.32,73.77,12.92,99.78,193.53,48.11,7.81,1341.3,150.08,,14.33,,113.0,,191.71,74.14,706.8,15.56,84.62,223.61,,1765.4,,30.63,2082.35,,,,19.57,211.42,,152.6,731.58,,,906.92,,,,379.25,432.45,,,,76.38,53.16,20.64,26.78,,336.53,575.71,,116.19,,53.98,,86.63
2026-06-27 20:00:00+00:00,133.17,280.97,204.29,390.73,640.62,518.4,233.21,1653.01,,334.48,1794.67,71.95,366.9,71.35,95.08,11.3,265.48,13.59,,,495.3,,113.45,,195.0,483.54,379.36,150.13,952.18,73.49,236.71,155.36,714.96,96.51,113.95,394.32,97.83,25.34,72.26,109.88,93.13,103.77,198.0,34.43,,19.36,,,228.51,22.2,340.19,349.45,34.18,,,98.67,43.64,312.55,274.32,126.88,,47.31,297.68,329.54,250.11,738.29,,810.57,1211.65,380.78,553.46,,267.27,375.06,84.06,1131.19,,,241.28,73.7,12.95,100.39,193.44,48.16,7.79,1341.8,150.02,,14.17,,113.02,,190.86,74.41,707.63,15.72,85.21,223.3,,1760.77,,30.79,2095.74,,,,19.71,213.12,,153.73,731.51,,,909.3,,,,379.07,432.0,,,,76.23,52.93,20.65,27.05,,337.59,577.89,,116.04,,53.76,,86.27
2026-06-28 00:00:00+00:00,133.88,281.23,204.1,389.01,635.86,517.25,233.02,1644.0,,333.46,1793.38,72.73,366.93,70.96,95.07,11.37,263.95,13.6,,,495.11,,113.42,,195.68,483.81,379.59,150.06,951.5,73.8,237.03,155.58,723.36,96.44,113.98,394.42,97.75,25.47,72.2,110.33,93.17,104.15,196.55,34.46,,19.31,,,233.28,22.18,340.45,342.34,33.79,,,98.37,42.82,314.16,274.05,126.99,,47.84,296.58,330.23,251.28,736.45,,811.88,1213.89,378.93,552.67,,268.21,374.8,84.03,1129.72,,,240.51,73.65,12.94,99.43,193.38,48.45,7.79,1337.4,150.06,,14.13,,112.95,,192.47,74.55,706.66,15.64,84.91,223.21,,1751.76,,30.72,2094.66,,,,19.73,213.47,,154.09,730.84,,,911.6,,,,380.76,431.14,,,,76.79,53.01,20.5,27.02,,337.74,588.52,,116.25,,54.04,,85.52
2026-06-28 04:00:00+00:00,134.06,281.64,204.31,390.69,637.35,518.53,232.99,1645.53,,335.07,1792.65,72.64,367.21,71.69,95.21,11.58,264.42,13.67,,,496.7,,113.73,,194.87,484.93,380.03,150.5,952.5,73.66,239.46,157.1,718.31,96.92,113.25,393.1,97.46,25.45,72.87,109.79,93.08,104.1,197.7,34.44,,19.37,,,235.22,22.2,341.04,342.68,34.08,,,98.54,42.83,312.38,273.9,127.79,,47.86,295.88,328.81,249.28,744.99,,813.62,1211.8,379.06,553.66,,269.27,375.8,83.82,1131.95,,,240.81,73.81,12.94,100.45,193.89,47.37,7.81,1339.0,149.99,,14.09,,113.54,,192.18,74.4,707.88,15.52,84.98,224.68,,1764.93,,30.67,2092.24,,,,19.89,212.81,,154.15,731.44,,,913.64,,,,380.96,433.7,,,,76.18,52.71,20.57,26.98,,338.54,586.17,,116.13,,54.38,,85.51
2026-06-28 08:00:00+00:00,134.78,281.54,203.34,390.87,649.68,519.55,232.91,1644.03,,335.5,1797.01,71.73,367.37,71.03,95.24,11.33,263.57,13.74,,,497.88,,113.52,,194.68,485.93,380.2,151.45,951.51,74.28,240.7,156.99,707.83,96.99,113.18,392.96,97.82,25.56,73.49,109.72,93.2,104.18,198.92,34.53,,19.44,,,234.15,22.25,340.42,342.52,33.98,,,98.81,42.93,314.18,273.72,128.34,,48.4,295.83,328.16,252.76,756.45,,810.26,1211.68,388.37,552.45,,270.74,375.62,84.36,1139.19,,,242.5,73.74,12.98,100.28,193.7,48.4,7.83,1336.2,150.13,,14.03,,113.38,,191.25,74.78,708.3,15.59,85.7,225.98,,1794.84,,30.6,2103.32,,,,20.03,213.07,,154.28,731.54,,,914.05,,,,380.11,433.73,,,,75.92,52.54,20.61,27.12,,338.95,581.59,,116.05,,54.42,,85.21
2026-06-28 12:00:00+00:00,133.76,281.44,203.08,386.44,648.58,519.61,232.84,1643.71,,335.4,1799.37,71.56,367.19,69.88,95.22,11.27,260.69,13.7,,,505.37,,113.3,,191.7,483.86,379.69,150.27,951.86,74.02,239.7,157.35,701.65,97.13,113.01,392.26,97.99,25.55,73.8,109.83,93.21,104.67,199.07,34.48,,19.36,,,233.95,22.22,340.62,342.01,34.06,,,98.65,42.82,315.64,273.47,127.84,,48.21,296.16,327.66,257.26,766.49,,809.28,1213.49,390.32,552.82,,270.28,375.6,83.93,1144.86,,,243.42,73.71,12.94,99.83,193.33,48.46,7.79,1331.2,150.14,,13.97,,113.43,,191.12,75.31,707.03,15.63,85.3,227.25,,1806.36,,30.27,2105.67,,,,19.81,213.94,,154.6,731.59,,,904.58,,,,380.13,433.31,,,,76.8,52.55,20.57,26.88,,338.42,580.87,,115.56,,53.95,,85.12
2026-06-28 16:00:00+00:00,133.16,280.86,203.95,386.17,647.98,521.46,232.93,1640.2,,335.38,1796.85,71.23,367.12,69.63,95.32,11.45,262.5,13.57,,,503.0,,113.23,,191.28,486.76,379.87,148.97,952.49,73.75,241.18,156.3,698.97,96.83,113.14,392.38,97.56,25.53,73.74,109.7,93.19,104.57,199.65,34.51,,19.32,,,230.42,22.17,340.73,341.74,33.52,,,98.29,42.65,315.86,272.37,128.23,,48.01,296.17,328.32,258.33,776.2,,809.7,1214.21,388.38,548.99,,268.97,375.35,81.85,1143.84,,,244.4,73.68,12.92,100.5,193.31,46.99,7.74,1328.7,150.44,,13.88,,113.24,,192.96,75.0,706.68,15.57,84.87,225.83,,1802.27,,30.34,2116.75,,,,20.05,215.79,,155.34,730.85,,,907.04,,,,381.0,434.64,,,,76.63,52.45,20.49,26.87,,339.18,581.14,,115.28,,54.02,,85.13
2026-06-28 20:00:00+00:00,134.3,283.3,204.35,389.32,644.69,528.62,234.15,1645.23,,337.25,1796.97,72.02,368.51,70.38,95.48,11.79,265.33,13.63,,,500.87,,113.84,,192.52,487.06,377.7,149.05,950.32,74.17,243.9,156.08,721.88,98.26,113.5,394.13,97.59,25.52,72.72,110.32,93.64,105.53,198.46,34.57,,19.7,,,230.85,22.14,343.4,342.16,33.65,,,98.79,43.36,314.65,273.58,128.47,,47.89,298.29,328.56,255.69,766.08,,813.58,1227.04,389.15,552.77,,270.7,376.64,82.36,1153.68,,,247.49,74.05,13.15,101.11,195.01,47.45,7.84,1332.15,150.32,,14.14,,113.68,,194.25,75.29,713.33,15.52,86.25,220.0,,1750.31,,30.63,2119.05,,,,20.09,219.95,,156.56,735.93,,,914.09,,,,380.93,435.59,,,,76.19,52.69,20.79,26.71,,339.3,593.29,,115.41,,53.37,,86.18
2026-06-29 00:00:00+00:00,135.55,285.62,203.17,394.97,641.28,523.54,235.66,1647.0,,333.84,1806.2,73.58,369.01,70.52,96.95,11.71,264.22,13.73,,,499.2,,116.0,,187.06,482.94,379.74,149.63,952.17,74.39,242.13,159.03,707.67,98.25,114.11,400.87,99.2,25.86,70.79,108.57,92.3,103.02,195.22,34.64,,19.39,,,228.5,22.21,342.13,349.69,34.01,,,99.13,44.2,319.73,274.82,128.11,,48.19,298.7,330.99,251.17,708.6,,816.56,1259.69,386.6,559.17,,266.6,381.67,83.45,1139.17,,,244.64,74.49,12.91,101.11,193.79,48.38,7.93,1333.5,151.58,,14.19,,114.75,,191.11,75.84,713.1,15.68,86.49,210.07,,1686.62,,30.89,2092.94,,,,20.27,216.94,,155.73,736.29,,,908.48,,,,382.72,433.99,,,,76.72,53.05,20.89,27.05,,336.3,589.51,,115.68,,54.04,,87.88
2026-06-29 04:00:00+00:00,137.33,284.34,202.41,401.57,647.51,529.23,234.72,1652.28,,343.73,1821.41,73.55,369.27,70.95,95.1,11.81,266.75,13.61,,,496.92,,115.8,,187.48,486.11,384.47,150.37,950.94,74.37,243.3,157.76,698.5,98.73,114.11,402.07,99.24,25.79,71.84,108.28,92.43,104.13,197.78,34.96,,19.34,,,228.22,22.15,340.92,350.19,34.25,,,100.1,44.15,321.22,273.91,129.78,,48.44,298.87,329.15,256.05,737.12,,820.16,1228.0,392.89,556.37,,270.62,378.5,83.42,1157.81,,,246.83,74.25,12.97,99.56,194.77,47.68,7.95,1332.5,151.48,,14.19,,114.76,,192.94,77.35,714.56,15.62,87.07,209.5,,1695.71,,31.26,2121.68,,,,20.13,223.96,,155.62,736.33,,,908.54,,,,383.08,437.85,,,,75.79,53.07,20.88,26.54,,336.95,600.81,,115.5,,53.78,,87.56
2026-06-29 08:00:00+00:00,136.92,284.22,204.44,399.62,651.04,527.54,235.38,1659.23,,339.94,1818.15,77.54,373.93,69.84,95.68,11.44,266.59,13.67,,,497.87,,115.09,,187.61,482.39,382.97,149.66,952.17,74.85,241.87,159.68,714.63,98.82,114.34,397.98,99.14,25.81,70.9,108.04,92.86,104.48,196.63,35.0,,19.71,,,227.59,22.16,340.67,348.42,34.64,,,100.26,44.0,331.64,275.09,129.61,,48.8,299.63,329.2,254.32,727.87,,814.39,1234.22,392.58,562.12,,270.46,380.08,83.98,1128.28,,,248.06,74.46,12.87,101.34,194.6,48.0,8.17,1334.4,154.11,,14.23,,117.19,,192.98,79.5,715.74,15.7,94.74,211.88,,1706.93,,31.47,2086.25,,,,20.3,222.46,,157.18,737.67,,,909.46,,,,382.95,439.22,,,,76.69,53.47,21.18,26.21,,336.64,592.14,,115.65,,53.99,,87.61
2026-06-29 12:00:00+00:00,142.04,281.65,206.15,433.81,699.13,524.07,242.52,1641.24,,334.81,1855.84,81.72,371.55,68.53,95.12,12.06,273.54,13.39,,,497.68,,113.52,,201.01,474.34,372.69,148.24,953.76,73.87,240.37,159.08,746.75,93.84,117.75,395.28,98.89,25.43,69.78,110.62,92.89,104.8,193.41,34.42,,18.71,,,246.52,21.97,352.71,347.71,33.22,,,100.42,43.62,327.56,274.18,126.26,,45.53,296.3,331.73,272.01,691.24,,816.98,1210.71,411.38,565.31,,268.38,371.99,88.62,1093.54,,46.9,253.54,74.96,12.78,100.77,194.16,47.9,7.86,1338.48,149.12,,14.59,,115.59,,191.92,73.15,719.42,16.48,94.17,207.96,,1683.13,,30.28,1989.99,,,,20.4,226.64,,156.86,738.95,39.15,,936.53,,,75.82,400.73,447.95,,,,75.77,52.63,20.48,25.83,,341.81,635.61,,114.73,,53.83,,87.03
2026-06-29 16:00:00+00:00,150.2,281.78,206.87,456.7,695.25,539.56,240.42,1649.46,,343.98,1885.11,86.72,373.07,71.51,95.54,12.47,275.03,13.83,,,496.39,,114.85,,215.94,478.56,391.63,151.68,947.5,76.12,246.26,158.27,742.85,95.66,117.69,414.35,98.66,25.81,71.99,111.0,93.31,105.8,197.64,34.58,,19.17,,,256.1,22.04,353.88,350.57,33.41,,,101.92,44.47,327.56,278.28,131.78,,45.97,298.95,329.7,278.86,736.09,,852.0,1229.39,411.35,563.04,,277.7,368.8,92.71,1144.58,,50.4,261.53,73.78,13.02,100.05,195.05,48.37,8.06,1333.6,148.0,,14.61,,115.78,,188.94,72.51,724.29,16.82,98.19,212.19,,1727.84,,28.16,2050.3,,,,20.46,236.57,,164.34,741.15,38.26,,971.22,,,77.32,411.97,455.04,,,,75.38,53.08,21.04,25.74,,341.97,652.19,,114.56,,53.52,,86.22
2026-06-29 20:00:00+00:00,149.18,281.44,206.82,453.42,704.64,540.61,240.8,1649.02,,346.24,1883.8,87.29,373.68,71.13,96.04,12.56,277.12,13.77,,,495.14,,114.27,,214.84,476.03,388.87,151.37,947.49,76.07,245.25,158.32,745.71,95.78,116.92,414.05,98.78,25.82,71.76,110.73,93.39,105.91,197.78,34.62,,19.35,,,256.64,21.99,353.24,350.9,33.14,,,102.32,44.46,328.87,278.46,131.82,,46.2,298.55,329.77,280.21,738.31,,847.39,1232.75,412.7,564.02,,276.9,371.68,93.64,1138.94,,49.49,263.67,74.09,13.01,100.47,195.35,48.22,8.19,1334.0,148.8,,14.62,,116.76,,189.53,73.55,724.58,16.78,101.22,212.22,,1714.69,,28.6,2060.76,,,,20.51,237.69,,163.33,741.08,38.22,,967.4,,,77.25,408.88,454.5,,,,75.24,53.07,21.09,25.8,,342.02,650.75,,114.54,,53.53,,86.69
2026-06-30 00:00:00+00:00,150.25,281.24,206.71,455.48,729.08,541.35,241.07,1654.0,,347.84,1894.68,86.74,374.59,72.38,94.46,12.5,277.61,13.66,,,495.45,,114.51,,216.9,476.23,392.07,150.78,946.88,75.25,249.14,158.25,746.04,96.44,116.61,416.62,98.18,25.9,72.13,110.87,92.93,106.59,197.84,34.39,,19.27,,,260.01,21.97,353.79,350.93,32.86,,,102.26,44.48,322.66,278.42,132.17,,46.63,298.93,329.99,284.84,736.01,,848.42,1229.74,421.0,563.83,,279.28,371.05,91.41,1140.91,,50.8,265.6,74.01,12.94,100.36,195.43,48.25,8.21,1335.05,149.32,,14.53,,116.74,,190.94,72.9,725.55,16.76,100.66,214.61,,1706.12,,28.7,2078.89,,,,20.2,240.14,,163.62,741.79,38.01,,981.22,,,77.67,410.34,452.0,,,,75.59,53.04,21.16,25.78,,341.9,660.22,,114.5,,53.61,,86.47
2026-06-30 04:00:00+00:00,148.92,281.47,206.59,456.83,709.62,541.06,240.58,1640.72,,346.33,1897.05,89.56,373.6,71.77,95.32,12.51,278.56,13.7,,,495.75,,114.53,,214.72,480.75,391.97,150.26,946.87,75.28,248.96,158.28,747.91,96.21,117.4,417.59,98.31,25.76,72.36,111.22,92.96,106.72,197.37,34.46,,19.45,,,258.79,21.99,353.56,350.64,33.17,,,102.03,44.66,320.6,278.4,131.89,,46.52,298.99,329.51,281.62,733.51,,849.5,1228.01,416.43,563.5,,279.84,370.77,90.57,1149.77,,50.98,264.82,74.07,13.29,100.27,195.59,48.73,8.2,1323.1,149.6,,14.49,,116.73,,190.44,73.5,725.12,16.8,101.38,215.62,,1718.67,,28.68,2086.51,,,,20.19,239.58,,163.09,742.12,37.88,,974.29,,,77.57,409.47,453.06,,,,75.52,53.14,21.24,25.75,,342.9,655.02,,114.55,,53.49,,86.36
2026-06-30 08:00:00+00:00,147.91,281.64,205.38,453.62,714.45,543.62,239.86,1647.45,,347.12,1910.21,88.94,377.48,71.52,95.37,12.34,279.23,13.61,,,496.03,,114.61,,214.41,477.85,391.27,148.57,944.92,74.98,249.23,157.44,741.36,96.52,117.08,413.88,98.41,25.65,72.46,111.01,92.63,106.95,198.12,34.61,,20.39,,,257.51,21.98,355.48,350.85,33.06,,,102.09,44.62,319.66,277.11,132.21,,46.86,299.21,329.7,284.26,742.56,,847.35,1233.07,422.5,563.02,,279.04,369.76,89.07,1152.57,,50.45,263.35,73.73,13.33,99.48,197.63,48.8,8.68,1323.2,149.06,,14.38,,116.11,,190.97,72.68,726.49,16.79,100.9,216.21,,1722.36,,28.57,2116.01,,,,20.25,244.26,,164.21,742.71,37.8,,960.4,,,78.01,407.56,454.52,,,,75.45,53.14,21.37,25.62,,342.97,644.69,,114.27,,53.62,,86.65
2026-06-30 12:00:00+00:00,147.05,288.8,201.93,493.3,732.37,578.0,240.04,1644.58,,356.26,1963.17,84.56,376.73,70.29,96.28,12.53,293.62,12.99,,,497.04,,115.23,,208.83,480.89,386.99,145.15,937.3,65.7,271.69,154.74,757.73,97.51,118.35,421.87,96.83,25.07,73.11,110.78,93.2,108.47,200.45,34.38,,20.2,,,257.65,21.85,357.46,351.72,33.59,,,101.57,43.83,318.73,279.1,140.03,,45.3,299.39,328.09,295.13,766.04,,856.19,1208.51,427.24,557.72,,296.9,370.71,85.59,1147.5,,57.03,281.97,72.77,13.18,97.58,198.28,48.08,8.08,1328.6,145.67,,14.56,,116.76,,187.55,75.41,734.27,17.01,98.32,216.78,,1728.98,,29.48,2182.6,,,,20.12,262.04,,169.43,746.2,36.6,,955.0,,,80.57,415.91,468.85,,,,73.46,52.25,21.04,25.32,,342.98,639.96,,113.8,,53.68,,85.71
2026-06-30 16:00:00+00:00,148.41,289.2,205.49,482.15,724.81,581.25,238.49,1647.55,,354.92,1990.99,88.88,377.95,72.22,96.12,12.65,302.75,13.33,,,500.46,,117.43,,221.08,490.64,395.0,146.31,936.24,62.8,272.25,156.88,762.25,99.57,117.51,431.57,96.3,25.28,73.86,111.88,93.35,108.79,202.19,34.44,,19.91,,,255.91,22.08,357.42,352.24,34.66,,,100.35,45.17,320.84,281.51,139.61,,45.82,300.06,327.2,302.1,787.07,,858.33,1200.97,433.35,563.61,,297.74,373.25,87.01,1152.18,,57.38,276.45,71.46,13.25,99.5,199.9,47.98,8.27,1327.6,146.93,,14.38,,116.7,,185.01,81.75,735.69,17.36,101.72,219.62,,1753.1,,29.41,2267.53,,,,20.1,267.07,,170.72,746.55,36.3,,963.84,,,81.03,420.5,477.46,,,,71.98,52.71,21.59,24.86,,342.9,638.97,,113.34,,53.12,,86.33
2026-06-30 20:00:00+00:00,147.86,289.11,204.62,487.38,727.79,579.93,239.45,1647.13,,356.39,1990.13,87.86,378.84,71.77,96.38,12.6,330.93,13.28,,,500.09,,117.21,,218.61,491.99,393.46,145.6,937.37,63.13,274.9,156.93,763.07,101.44,117.47,430.97,96.45,25.07,73.5,111.49,93.77,108.78,200.73,34.63,,20.01,,,253.93,22.05,357.46,352.14,34.69,,,100.44,45.13,325.05,281.4,139.5,,46.26,299.94,327.02,305.68,772.62,,857.76,1201.17,433.41,562.45,,298.21,375.64,86.35,1156.88,,57.26,279.51,71.83,13.27,99.54,199.55,48.02,8.28,1324.6,147.05,,14.54,,117.41,,186.16,82.1,736.19,17.38,101.51,216.88,,1738.51,,29.43,2250.01,,,,20.09,269.08,,172.14,746.52,36.29,,964.18,,,81.14,416.07,477.04,,,,72.29,52.58,21.7,24.9,,342.96,642.83,,113.25,,53.28,,87.14
2026-07-01 00:00:00+00:00,147.23,289.63,205.77,484.07,724.37,580.47,239.31,1648.91,,351.4,1984.42,87.15,377.31,70.98,96.12,12.43,328.46,13.44,,,499.84,,117.7,,218.69,488.5,391.59,146.59,937.72,62.94,271.74,157.01,765.04,99.74,117.55,430.82,96.52,25.09,71.08,111.95,92.8,108.95,195.37,34.61,,20.04,,,251.59,22.07,355.91,352.18,34.54,,,100.33,45.28,315.06,280.68,138.74,,45.87,299.44,326.27,303.09,708.0,,854.49,1201.63,430.89,564.09,,295.47,375.83,88.17,1140.51,,56.4,277.48,71.93,13.18,100.09,198.79,47.96,8.24,1323.71,147.88,,14.46,,117.55,,185.01,82.0,734.73,17.34,100.6,207.63,,1682.46,,29.38,2219.04,,,,19.98,263.97,,170.58,745.46,36.5,,962.0,,,80.62,416.02,472.33,,,,72.1,53.2,21.54,25.06,,341.44,640.01,,113.5,,53.13,,85.84
2026-07-01 04:00:00+00:00,146.61,289.58,205.65,477.18,712.04,575.74,238.73,1651.79,,348.43,1962.57,86.81,375.92,70.77,96.22,12.44,329.53,13.29,,,500.4,,117.49,,217.25,488.8,388.2,145.58,939.05,62.25,268.93,157.32,764.26,99.2,117.55,428.61,96.45,25.1,69.75,112.2,92.82,107.97,193.36,34.42,,19.87,,,249.85,22.0,355.09,352.24,34.65,,,100.0,44.53,313.47,281.46,138.8,,45.81,299.09,326.25,298.83,683.45,,844.54,1203.65,424.77,561.79,,291.76,376.09,87.25,1121.81,,54.82,275.74,71.8,13.36,100.15,198.24,48.21,8.23,1332.52,147.21,,14.46,,117.87,,184.67,81.21,732.47,17.4,99.89,202.78,,1644.5,,29.16,2190.01,,,,19.99,259.35,,171.45,744.62,36.84,,955.0,,,79.93,418.04,474.88,,,,71.94,53.17,21.6,25.2,,342.42,632.27,,113.8,,53.02,,85.92
2026-07-01 08:00:00+00:00,145.36,288.94,208.02,476.45,708.85,573.67,239.89,1651.7,,348.63,1965.89,87.59,376.02,70.44,95.7,12.57,325.94,13.3,,,500.64,,117.43,,216.49,484.14,386.42,145.78,935.61,64.25,267.67,162.72,766.94,99.99,117.48,427.6,96.49,25.22,69.86,111.5,93.31,108.01,193.58,34.37,,20.25,,,247.38,22.02,357.01,352.68,34.98,,,100.27,44.85,314.23,282.14,137.72,,45.79,299.14,326.86,296.9,684.95,,844.12,1204.98,424.38,567.49,,292.04,379.66,87.0,1122.62,,55.04,277.71,72.37,13.23,104.28,198.85,48.05,8.3,1328.0,148.94,,14.45,,119.39,,184.12,80.79,732.18,17.28,100.79,203.8,,1655.42,,29.17,2188.59,,,,20.09,256.39,,172.23,745.18,36.88,,949.62,,,79.82,418.81,475.6,,,,72.5,52.83,21.57,24.96,,343.36,623.5,,111.06,,53.05,,87.26
2026-07-01 12:00:00+00:00,140.12,295.3,212.55,446.73,661.62,551.01,242.49,1655.28,,341.89,1866.91,89.57,371.04,65.86,98.94,13.31,308.6,14.5,,,503.45,,120.01,,218.33,470.8,366.43,163.29,927.19,65.91,261.39,165.41,786.05,86.94,116.58,431.9,97.01,25.96,66.96,113.39,93.57,106.45,188.31,34.36,,19.09,,,221.39,22.24,359.52,356.45,37.85,,,108.26,43.9,314.77,293.72,128.8,,43.41,302.1,334.56,271.04,628.4,,805.42,1192.04,394.9,617.74,,276.66,386.02,96.88,1051.14,,49.18,237.49,73.48,12.95,106.22,197.21,49.22,8.28,1332.14,145.51,,15.17,,127.52,,185.69,78.16,729.44,17.66,105.31,199.23,,1593.45,,28.1,2057.12,,,,20.16,226.27,,158.95,749.0,37.27,,920.94,,,78.94,428.45,447.24,,,,73.33,53.73,21.09,24.87,,352.81,603.02,,108.01,,53.08,,90.61
2026-07-01 16:00:00+00:00,139.13,294.3,210.95,430.95,652.9,541.05,242.0,1655.46,,337.71,1845.67,86.08,369.67,65.06,98.08,12.82,289.32,14.18,,,500.38,,119.37,,221.43,462.75,369.05,159.31,924.47,62.15,259.38,163.5,773.0,85.73,117.15,425.41,95.76,25.76,65.88,111.25,93.09,105.69,185.57,34.17,,18.37,,,220.72,22.65,361.58,351.31,37.52,,,108.7,44.01,316.26,286.56,127.17,,43.34,299.33,334.07,266.76,600.62,,801.53,1193.27,391.54,612.95,,272.33,384.62,93.41,1034.73,,47.76,229.52,74.19,12.91,105.86,197.75,48.7,7.95,1324.23,142.97,,14.64,,125.74,,182.04,78.47,725.31,17.2,100.09,195.78,,1577.21,,27.69,2034.31,,,,20.24,217.3,,157.69,746.06,37.88,,915.83,,,77.55,425.44,444.97,,,,72.64,52.42,20.01,25.17,,351.36,598.63,,108.85,,52.85,,90.19
2026-07-01 20:00:00+00:00,139.22,294.48,210.47,434.81,657.96,544.35,242.87,1655.65,,337.0,1855.93,86.72,369.24,64.48,98.22,12.63,294.44,14.21,,,499.62,,119.51,,215.71,463.22,367.18,159.7,925.22,62.37,257.78,162.29,774.62,86.56,116.7,421.72,95.93,25.78,64.87,111.49,93.04,106.51,184.8,34.21,,18.44,,,220.17,22.58,360.56,350.47,37.32,,,108.05,43.8,308.6,285.86,127.3,,43.27,298.83,333.54,268.02,591.99,,798.81,1191.49,395.2,611.67,,270.8,385.24,94.24,1020.53,,47.1,230.75,74.41,12.84,104.75,197.31,48.56,7.93,1332.9,143.51,,14.59,,125.47,,181.66,78.52,724.38,17.06,100.12,190.53,,1540.2,,27.95,2016.85,,,,20.29,219.14,,157.97,745.13,38.03,,910.15,,,77.19,423.06,448.64,,,,72.76,52.93,20.12,25.32,,350.33,596.36,,108.53,,52.81,,90.22
2026-07-02 00:00:00+00:00,138.23,296.51,211.73,438.44,666.61,547.01,243.06,1658.2,,338.98,1867.51,86.3,370.8,64.12,97.34,12.82,291.81,14.49,,,500.19,,119.76,,219.73,464.46,367.09,162.06,926.25,63.45,260.0,163.06,773.1,86.27,117.12,424.71,96.05,25.77,64.84,110.89,93.3,106.92,186.51,34.24,,18.39,,,223.54,22.63,360.61,350.55,37.46,,,109.19,43.91,319.11,287.17,128.01,,43.59,299.71,335.28,270.08,598.7,,798.43,1192.93,396.96,609.65,,274.42,385.64,97.13,1031.25,,48.08,233.86,74.89,12.77,105.59,198.18,48.69,7.94,1327.68,143.88,,14.56,,126.15,,182.02,77.93,727.62,17.15,100.15,190.54,,1529.3,,27.86,2022.44,,,,20.62,222.67,,159.03,747.4,37.54,,918.23,,,78.18,423.57,450.34,,,,72.75,52.68,20.21,25.13,,350.83,599.17,,108.86,,52.84,,90.16
2026-07-02 04:00:00+00:00,133.5,296.87,214.71,426.11,637.71,529.31,243.44,1654.26,,326.15,1820.22,84.8,366.75,62.44,96.33,12.49,282.8,14.21,,,502.09,,119.53,,214.77,453.79,358.21,159.24,930.94,62.5,250.57,163.63,773.1,84.14,117.17,412.3,96.04,25.87,62.65,110.17,92.65,105.61,181.37,34.27,,18.14,,,211.17,22.46,358.28,351.35,37.01,,,107.58,43.16,310.02,282.8,124.01,,42.36,299.11,334.89,261.07,552.38,,781.38,1190.78,385.6,608.38,,263.91,385.28,94.64,1001.58,,44.56,224.84,74.97,12.55,106.32,195.98,49.22,7.9,1317.01,143.39,,14.52,,125.53,,178.94,77.26,720.79,17.07,98.97,185.18,,1439.55,,27.53,1962.59,,,,20.43,206.51,,156.52,745.22,38.62,,894.54,,,76.06,423.66,441.6,,,,72.62,52.36,20.09,25.33,,351.41,576.82,,109.31,,52.92,,90.06
2026-07-02 08:00:00+00:00,136.39,294.8,215.62,434.81,654.02,537.91,242.02,1655.17,,333.3,1837.26,86.87,368.16,63.75,96.71,12.61,294.11,14.59,,,501.86,37.61,120.3,999.5,217.75,458.81,364.77,164.35,927.8,64.44,258.79,163.92,773.1,85.85,116.85,417.7,96.22,25.92,63.4,111.32,93.39,106.4,182.08,34.22,152.7,18.54,,,219.59,22.7,357.65,351.18,37.4,,,111.8,43.78,311.55,284.3,127.77,,42.78,300.31,336.07,268.23,558.93,28.82,791.38,1194.36,394.32,611.33,,269.58,386.0,98.8,1020.3,,46.43,231.43,74.66,12.68,105.84,196.98,48.88,7.97,1318.01,144.42,,14.69,,130.49,,181.26,77.68,724.5,17.2,100.78,188.46,,1477.28,,28.06,1993.56,,,,20.5,216.17,,158.64,746.58,38.03,89.85,898.52,,427.31,77.19,427.17,445.49,251.92,299.74,,73.21,52.33,20.19,25.27,,352.18,588.81,,109.16,,53.02,,90.78
2026-07-02 12:00:00+00:00,118.78,305.37,218.76,412.14,604.51,519.61,246.04,1646.75,,323.22,1807.04,85.17,364.75,57.51,95.88,11.67,270.13,14.53,,,505.45,36.39,121.53,972.44,212.87,431.45,340.59,165.68,943.13,66.01,245.61,166.07,196.22,82.73,112.67,396.65,97.38,25.44,61.52,113.97,93.37,106.14,181.1,34.42,141.48,16.75,,,202.73,22.77,356.2,356.07,37.35,,,113.51,41.7,309.55,286.57,123.71,,39.19,297.64,333.69,241.22,548.51,28.53,740.78,1211.5,363.18,587.5,,252.15,389.35,99.17,991.91,,40.29,212.63,77.11,12.24,105.25,194.62,50.62,7.69,1316.25,141.37,,14.71,,129.07,,175.3,77.76,716.31,18.99,100.43,185.66,,1437.69,,27.55,1812.48,,,,20.7,189.96,,159.2,744.69,39.42,87.6,855.16,,383.92,74.48,398.73,442.71,252.8,294.67,,73.67,53.37,19.3,25.18,,358.64,556.48,,111.69,,53.07,,88.14
2026-07-02 16:00:00+00:00,121.03,308.1,219.96,406.4,603.52,518.33,242.56,1651.89,,315.75,1774.97,85.22,360.7,56.67,96.28,11.52,271.08,14.38,,,507.44,36.91,122.61,959.31,205.23,423.5,333.75,165.56,951.44,64.74,241.87,166.24,194.2,81.85,112.75,394.46,99.42,25.91,60.81,114.7,93.2,104.83,180.27,34.45,137.54,17.02,,,196.67,22.82,359.71,357.69,36.78,,,112.77,41.32,312.0,289.35,120.46,,38.84,297.43,334.05,235.37,540.03,28.28,728.66,1211.2,351.57,583.15,,245.54,389.85,100.78,977.15,,37.89,215.65,77.65,12.07,106.28,194.64,50.47,7.44,1321.25,140.32,,14.72,,129.27,,176.45,74.79,713.16,18.65,100.61,184.39,,1430.89,,27.28,1744.0,,,,20.79,181.48,,161.88,745.01,39.92,87.83,821.92,,368.93,73.38,393.23,434.95,256.03,293.64,,74.41,52.83,19.17,24.84,,361.95,539.46,,111.9,,53.23,,87.21
2026-07-02 20:00:00+00:00,121.29,308.27,219.71,409.61,608.88,519.32,243.22,1652.75,,316.4,1780.12,85.53,362.12,59.66,96.46,11.35,271.83,14.46,,,507.06,35.15,122.43,961.77,204.55,423.09,333.62,165.64,948.77,65.01,243.82,166.2,195.11,83.02,112.47,394.86,99.26,25.92,61.18,115.4,93.69,104.76,180.84,34.53,137.56,17.19,,,198.24,22.84,359.3,357.15,37.02,,,112.05,41.2,310.05,287.9,121.0,,39.23,297.49,335.08,237.45,542.92,28.63,726.19,1214.38,355.27,585.09,,246.43,390.88,101.93,978.03,,38.24,216.17,77.66,12.06,105.87,194.52,50.3,7.48,1322.88,141.19,,14.83,,129.87,,177.25,74.42,714.68,18.59,100.3,188.27,,1436.94,,27.34,1763.6,,,,20.76,182.97,,160.99,745.82,39.71,87.83,826.87,,373.89,73.84,394.76,438.05,255.73,295.39,,74.37,53.13,19.39,24.88,,362.15,543.77,,111.68,,53.12,,87.33
2026-07-03 00:00:00+00:00,124.49,307.53,218.58,409.97,613.74,524.63,244.41,1651.32,,320.88,1786.83,85.72,364.16,58.96,96.71,11.41,276.28,14.61,,,507.49,35.8,121.99,947.57,204.0,423.3,335.75,165.31,947.4,65.61,246.73,166.51,189.01,83.64,112.57,395.05,98.45,26.05,62.35,114.89,95.38,105.77,183.85,34.67,140.09,17.23,,,206.82,22.99,359.76,357.78,37.09,,,112.43,41.48,315.68,288.18,121.81,,39.11,301.8,335.74,236.41,556.5,29.16,738.83,1214.46,357.16,587.28,,252.55,390.18,102.39,994.77,,38.82,220.38,77.86,12.23,104.59,195.57,49.25,7.51,1325.05,142.12,,14.86,,130.51,,180.28,75.6,719.03,18.86,100.6,198.95,,1493.14,,27.43,1798.52,,,,20.68,183.91,,160.84,747.35,39.5,87.87,842.98,,389.37,74.37,395.79,443.54,255.57,296.82,,74.39,53.18,19.54,25.03,,362.14,558.36,,111.41,,53.31,,86.65
2026-07-03 04:00:00+00:00,125.58,307.94,222.19,415.8,624.62,528.08,243.99,1646.15,,324.2,1806.18,86.0,366.14,59.04,96.63,11.9,276.5,14.8,,,507.51,35.9,122.07,955.43,202.69,426.47,346.62,165.85,948.34,66.34,249.93,166.4,188.69,84.52,112.72,396.16,98.6,26.09,63.49,115.26,96.45,106.5,185.19,34.82,138.59,17.36,,,205.93,23.22,360.12,357.81,37.5,,,111.75,41.04,322.49,288.59,122.72,,40.06,301.45,335.53,246.24,577.52,29.65,745.05,1213.87,363.11,589.03,,253.33,390.16,103.2,1007.18,,40.02,224.17,77.78,12.34,104.38,196.37,48.97,7.57,1321.15,141.3,,14.92,,129.7,,181.38,75.96,720.43,18.76,101.18,202.7,,1578.88,,27.67,1823.45,,,,20.65,187.84,,160.6,747.16,38.82,86.92,842.87,,379.64,75.1,397.86,443.84,254.6,298.55,,74.51,52.92,19.9,24.9,,362.0,565.88,,111.6,,53.44,,86.68
2026-07-03 08:00:00+00:00,128.15,308.28,220.6,417.01,629.26,528.2,243.78,1648.75,,324.25,1840.83,86.37,366.4,60.38,96.57,11.75,276.83,14.92,,,504.78,35.0,121.58,947.89,200.2,429.43,351.37,166.25,949.82,67.0,253.63,165.04,186.42,84.02,112.73,396.7,98.12,26.13,65.2,115.42,96.31,106.63,188.71,34.95,137.85,17.54,,,204.59,23.14,361.22,356.91,37.11,,,112.16,41.05,320.49,291.25,123.1,,40.9,301.65,336.14,251.1,608.9,29.58,754.3,1210.1,369.77,591.94,,257.14,389.24,104.4,1037.56,,41.34,224.29,77.69,12.35,104.88,196.64,49.13,7.69,1321.95,141.73,,14.9,,129.33,,181.92,76.3,722.26,18.65,102.27,205.42,,1594.93,,27.77,1847.07,,,,20.77,192.54,,160.71,747.15,38.55,87.54,846.82,,386.78,75.13,398.83,445.59,254.6,304.17,,74.42,53.11,19.86,24.79,,362.5,575.06,,111.31,,53.34,,87.01
2026-07-03 12:00:00+00:00,128.77,307.93,220.22,413.76,631.63,527.59,243.22,1649.16,,324.79,1855.18,85.46,368.53,60.03,96.53,11.61,279.2,14.98,,,503.7,35.85,120.94,942.75,200.36,429.4,347.88,166.62,950.01,66.72,251.59,165.12,188.26,84.14,112.8,395.92,98.11,26.09,65.19,114.97,96.08,106.97,188.02,35.33,137.0,17.44,,,204.48,22.86,360.41,355.44,36.26,,,112.12,41.12,318.93,290.23,123.44,,40.83,301.32,335.5,252.75,602.49,29.5,752.89,1203.29,370.98,591.02,,256.86,387.53,104.83,1029.47,,41.35,227.11,77.79,12.29,104.44,196.96,48.97,7.68,1322.88,141.83,,14.89,,128.91,,182.06,76.37,722.2,18.47,101.51,203.98,,1590.84,,27.84,1820.73,,,,20.7,190.89,,159.31,748.14,38.73,87.54,849.34,,383.4,75.07,400.12,446.25,255.2,300.99,,74.27,53.1,19.66,24.87,,362.78,572.06,,111.27,,53.06,,87.13
2026-07-03 16:00:00+00:00,129.43,308.92,221.2,417.27,633.42,528.23,243.42,1655.75,,324.16,1855.54,85.24,368.46,60.03,96.61,11.35,278.84,14.97,,,505.09,35.5,121.75,944.18,202.07,428.07,348.01,167.32,949.74,66.99,246.55,164.69,187.58,84.24,112.96,396.12,98.11,25.89,64.96,114.67,96.05,106.81,188.51,35.34,138.03,17.4,,,206.02,22.84,360.1,354.64,36.62,,,112.54,41.27,319.18,291.41,122.32,,40.59,300.65,335.96,253.59,604.72,29.4,758.36,1200.41,364.4,590.81,,256.65,390.82,106.02,1020.37,,41.47,225.31,77.86,12.32,104.72,196.48,49.07,7.66,1321.03,142.22,,14.91,,130.04,,182.62,76.74,721.15,18.54,102.09,203.59,,1604.59,,27.97,1817.82,,,,20.73,189.04,,159.22,745.55,38.63,87.88,849.71,,382.69,74.88,399.56,444.98,255.34,301.35,,74.28,53.4,19.6,24.94,,361.0,568.65,,111.25,,53.15,,87.71
2026-07-03 20:00:00+00:00,128.69,308.45,220.98,418.43,633.92,526.28,243.99,1655.75,,324.1,1856.04,86.09,368.01,60.23,96.66,11.43,276.69,15.0,,,505.59,35.25,122.2,960.0,201.35,429.88,347.87,168.56,949.24,66.82,244.98,164.55,187.25,84.09,112.64,396.4,98.19,25.86,65.34,114.68,95.58,106.9,189.27,35.31,139.15,17.29,,,206.9,23.03,360.36,354.36,36.67,,,112.51,41.17,319.49,292.19,122.77,,40.75,300.6,333.64,253.59,612.63,29.59,752.64,1196.27,362.32,589.82,,256.6,390.25,106.5,1027.4,,41.15,225.14,77.78,12.33,104.64,196.06,49.11,7.65,1320.76,141.99,,14.72,,130.41,,182.06,76.24,720.13,18.55,102.78,204.37,,1622.65,,27.85,1815.99,,,,20.75,192.86,,158.88,746.09,38.51,88.91,848.75,,387.05,74.94,398.22,443.04,255.55,301.69,,74.17,53.41,19.57,25.04,,361.65,565.61,,111.08,,53.04,,87.72
2026-07-04 00:00:00+00:00,128.99,307.99,221.24,417.85,633.74,530.73,243.89,1654.35,,326.06,1854.83,87.35,367.62,60.0,96.6,11.39,279.38,15.03,,,507.1,35.05,121.66,943.27,201.34,430.76,346.72,167.94,950.68,67.21,247.99,164.93,188.18,84.4,112.86,396.12,98.64,25.87,65.09,114.99,95.27,106.77,189.78,35.29,139.05,17.51,,,207.43,22.97,359.45,354.26,36.78,,,113.32,41.12,318.73,292.85,123.84,,40.88,301.1,332.8,252.79,620.08,29.38,755.99,1197.31,363.29,589.62,,257.62,391.51,105.99,1028.12,,41.67,226.53,77.77,12.36,104.44,196.53,49.08,7.65,1320.49,142.67,,14.68,,130.64,,185.18,76.23,720.91,18.78,103.65,204.83,,1619.01,,27.97,1823.72,,,,20.73,195.24,,159.39,745.88,38.47,89.27,850.68,,385.66,75.43,399.6,448.72,254.93,302.87,,74.3,53.3,19.69,24.91,,361.47,568.43,,111.26,,53.14,,87.7
2026-07-04 04:00:00+00:00,129.0,308.84,221.04,421.23,628.57,528.96,244.14,1653.45,,325.55,1852.67,87.13,368.74,59.95,96.62,11.5,278.05,15.2,,,506.87,35.19,122.28,956.3,203.34,430.8,347.54,168.02,950.24,67.17,247.33,164.54,187.52,84.13,112.77,396.02,98.74,25.88,64.98,114.83,95.17,106.46,189.11,35.38,136.54,17.56,,,209.15,22.97,359.78,354.16,36.89,,,112.93,41.02,318.88,293.69,124.69,,40.85,301.29,333.31,252.22,613.25,29.23,759.6,1197.89,365.68,590.53,,256.81,392.16,105.56,1030.24,,41.2,226.77,77.76,12.33,104.3,196.67,49.06,7.67,1323.54,142.71,,14.67,,130.78,,184.83,76.31,721.74,18.83,103.11,205.3,,1607.77,,27.95,1825.46,,,,20.76,196.79,,160.02,745.8,38.45,88.62,851.77,,381.97,75.64,400.18,446.84,257.95,301.16,,74.39,53.14,19.62,24.9,,361.0,573.74,,111.25,,53.1,,87.83
2026-07-04 08:00:00+00:00,129.25,308.28,221.75,421.34,633.15,531.15,243.93,1650.35,,325.2,1854.72,86.85,368.73,60.48,96.8,11.63,276.54,15.23,,,507.78,35.02,122.3,961.17,203.3,430.45,347.89,169.14,950.73,66.92,248.0,164.6,188.46,84.8,112.69,395.52,98.71,25.93,64.95,114.67,95.04,106.52,189.4,35.49,133.61,17.45,,,209.42,22.82,359.54,354.3,36.92,,,112.75,40.84,318.56,293.36,124.92,,40.69,299.48,333.31,251.6,614.49,29.07,759.41,1198.63,366.4,589.83,,259.02,391.4,104.72,1030.86,,41.68,227.07,77.94,12.33,104.32,196.84,49.1,7.66,1321.15,142.99,,14.63,,131.0,,184.9,76.48,721.93,18.84,101.94,205.76,,1604.8,,27.68,1827.25,,,,20.71,196.46,,159.85,747.9,38.41,88.28,853.33,,384.95,75.49,399.79,445.13,251.97,297.39,,74.41,53.1,19.58,24.93,,361.21,573.5,,111.41,,53.13,,88.2
2026-07-04 12:00:00+00:00,127.9,308.28,222.48,420.4,631.24,531.02,244.2,1648.75,,325.1,1848.7,86.84,368.69,60.22,96.97,11.71,276.5,15.3,,,507.18,35.56,122.47,959.0,203.31,430.09,346.87,170.74,949.25,67.42,248.12,164.38,188.39,84.74,112.69,395.7,98.32,26.0,64.98,114.99,95.02,106.57,189.55,35.46,135.32,17.36,,,207.95,22.86,359.52,354.57,36.94,,,113.14,40.92,318.51,293.07,123.84,,40.58,301.2,333.75,252.21,618.49,29.2,758.82,1197.22,366.8,589.4,,257.65,391.15,107.19,1029.44,,41.41,225.28,77.73,12.33,104.93,196.82,49.48,7.63,1322.25,143.16,,14.61,,131.21,,184.5,76.87,721.89,18.8,101.58,205.19,,1605.0,,28.03,1825.06,,,,20.73,195.7,,160.1,747.31,38.48,88.82,847.62,,383.44,75.55,398.94,444.39,253.28,299.81,,74.55,53.23,19.65,25.0,,359.39,571.36,,111.39,,53.28,,88.82
2026-07-04 16:00:00+00:00,126.76,307.83,220.03,420.97,631.56,531.87,244.53,1650.55,,325.14,1848.7,86.63,367.99,59.99,96.92,11.8,278.66,15.64,,,506.85,35.24,122.19,957.71,202.98,430.78,347.7,172.7,948.48,67.01,248.5,164.19,189.29,84.18,112.79,395.78,98.06,25.95,65.11,114.91,94.98,106.51,189.6,35.36,134.43,17.37,,,208.44,22.72,359.17,354.61,36.89,,,113.78,41.08,319.92,293.18,123.82,,40.7,300.71,334.12,253.34,618.41,29.07,761.32,1198.39,366.12,590.78,,257.41,390.9,108.05,1030.85,,41.57,225.88,77.98,12.32,104.7,196.89,49.52,7.65,1319.75,143.15,,14.61,,131.09,,184.78,76.7,721.63,18.72,101.56,205.99,,1598.44,,27.99,1825.69,,,,20.7,195.85,,160.04,747.49,38.72,88.59,851.32,,384.74,75.34,399.14,445.6,256.41,299.19,,74.47,53.52,19.64,24.97,,359.66,571.1,,111.29,,52.86,,88.88
2026-07-04 20:00:00+00:00,127.94,307.65,221.43,421.27,632.6,531.35,244.28,1650.15,,325.88,1848.93,86.98,367.39,60.25,96.92,11.72,279.41,15.38,,,508.48,35.4,122.72,960.17,204.17,431.35,348.22,172.98,948.47,67.64,249.02,164.39,192.83,84.32,112.73,396.16,98.02,26.03,65.22,114.38,95.16,106.68,189.79,35.28,137.3,17.57,,,208.78,22.82,359.64,354.64,36.99,,,114.16,40.91,320.2,293.42,124.23,,40.75,299.29,333.86,253.16,617.86,29.27,760.97,1199.82,371.67,590.66,,256.88,391.39,107.66,1033.08,,41.43,226.1,77.81,12.34,104.99,196.95,49.43,7.66,1319.7,143.35,,14.59,,131.34,,184.47,76.71,722.21,18.66,101.57,206.6,,1606.8,,28.0,1830.9,,,,20.74,196.85,,160.05,748.0,38.61,88.67,850.7,,385.22,75.5,400.1,444.36,255.02,295.6,,74.53,53.45,19.62,24.98,,359.87,572.68,,111.23,,53.17,,89.28
2026-07-05 00:00:00+00:00,128.92,307.26,221.59,421.31,631.71,533.04,244.8,1650.15,,325.32,1850.53,85.73,367.72,60.34,96.76,11.89,277.91,15.26,,,510.98,35.28,122.4,958.97,204.32,430.78,348.95,172.04,948.48,67.83,250.04,164.04,192.16,84.9,112.84,397.21,98.09,26.04,65.46,114.35,94.99,106.83,190.13,35.13,135.84,17.63,,,209.52,22.79,359.61,355.97,36.72,,,114.17,41.07,320.58,293.71,124.1,,40.67,299.2,333.83,253.05,619.99,28.9,761.37,1200.41,371.38,589.65,,258.38,390.96,106.64,1041.49,,41.63,228.06,77.78,12.35,105.27,197.13,49.24,7.63,1319.95,143.6,,14.59,,131.15,,184.74,76.54,721.76,18.58,101.52,208.22,,1618.47,,28.05,1835.61,,,,20.77,197.43,,160.26,747.61,38.58,88.85,853.72,,381.28,75.52,400.75,445.35,253.26,298.21,,74.58,53.52,19.76,24.95,,359.13,572.11,,111.09,,53.08,,89.49
2026-07-05 04:00:00+00:00,127.81,308.02,223.69,421.95,632.99,533.38,245.22,1648.35,,326.11,1851.62,85.59,368.78,60.83,96.99,11.83,275.96,15.33,,,510.53,35.45,122.12,955.69,204.36,431.59,348.66,173.04,946.99,68.36,251.36,164.7,192.4,84.92,112.63,397.6,98.07,25.93,65.57,114.49,94.89,107.19,190.85,35.28,136.82,17.54,,,210.57,22.77,360.58,355.86,36.76,,,114.47,41.08,320.49,294.56,124.15,,41.08,299.01,333.82,253.74,624.27,28.72,760.0,1201.8,371.65,590.15,,257.52,391.23,106.9,1033.5,,41.19,227.09,78.1,12.33,105.39,197.48,49.29,7.62,1320.25,143.78,,14.6,,131.71,,185.19,76.54,722.6,18.67,101.67,209.56,,1615.79,,28.05,1835.93,,,,20.73,199.02,,160.81,747.34,38.65,88.9,853.75,,383.55,75.55,400.47,446.92,253.26,299.23,,74.23,53.59,19.95,24.88,,359.83,573.32,,111.09,,53.13,,89.79
2026-07-05 08:00:00+00:00,127.52,307.41,222.64,422.54,632.58,535.09,244.87,1646.3,,325.99,1853.12,85.62,368.79,61.2,96.76,11.83,280.64,15.13,,,511.28,35.66,122.23,957.23,204.75,431.11,348.72,172.57,949.99,67.92,251.94,164.14,192.31,85.15,112.7,398.08,97.89,25.85,65.83,114.53,94.8,106.96,190.01,34.89,135.42,17.49,,,210.41,22.76,360.34,354.81,37.08,,,114.7,41.0,319.23,294.74,124.09,,41.42,299.49,333.68,253.35,624.52,28.79,759.47,1200.87,372.8,589.72,,257.26,391.02,104.19,1040.32,,41.48,229.11,78.13,12.3,105.44,197.47,49.16,7.68,1317.16,143.8,,14.6,,131.43,,185.28,76.49,722.13,18.67,101.33,212.04,,1628.7,,27.99,1843.66,,,,20.74,200.69,,160.53,748.0,38.55,88.6,853.7,,382.82,75.62,401.25,447.0,253.0,301.19,,74.27,53.49,19.94,24.92,,359.08,574.86,,111.23,,52.91,,89.38
2026-07-05 12:00:00+00:00,125.67,308.13,222.94,422.41,633.26,537.27,244.69,1638.78,,325.92,1852.85,86.35,368.95,60.98,96.72,11.74,281.88,15.2,,,511.26,35.96,122.45,962.94,204.65,430.12,347.76,172.32,948.27,68.26,252.99,164.27,190.33,84.87,112.99,399.05,98.1,25.89,65.47,114.82,94.77,107.09,190.07,34.99,136.42,17.42,,,209.48,22.78,360.56,354.72,37.03,,,114.75,41.06,318.24,293.44,124.13,,41.16,298.68,336.38,252.22,625.04,28.93,758.81,1205.96,372.4,590.57,,256.08,392.0,105.14,1035.2,,41.31,229.87,77.99,12.39,105.97,197.79,49.47,7.68,1317.65,144.09,,14.59,,131.21,,183.72,76.36,722.68,18.86,101.62,210.96,,1624.22,,28.02,1854.05,,,,20.74,201.58,,161.32,748.06,38.51,88.67,852.72,,387.37,75.62,399.69,448.98,253.57,301.59,,74.28,53.56,19.92,24.91,,359.21,577.1,,111.46,,53.05,,89.05
2026-07-05 16:00:00+00:00,124.12,308.83,224.05,423.37,634.83,538.37,244.82,1639.85,,325.97,1852.72,86.0,368.46,61.85,96.63,11.78,284.03,15.26,,,510.86,35.47,121.61,961.16,205.03,429.76,349.18,172.78,948.48,68.68,253.57,164.39,191.62,85.72,112.9,399.06,98.28,25.86,65.95,114.73,95.13,107.46,190.49,34.71,135.83,17.39,,,209.23,22.73,361.1,354.95,37.06,,,113.88,41.1,320.32,294.62,124.05,,41.38,299.17,336.03,251.12,628.49,29.05,758.81,1206.66,372.01,590.45,,257.36,391.85,107.24,1037.65,,41.5,228.08,77.63,12.46,106.05,197.93,49.42,7.7,1317.16,144.07,,14.6,,131.64,,184.0,76.39,723.05,18.96,101.84,210.63,,1615.22,,28.04,1859.66,,,,20.75,202.94,,161.46,748.44,38.58,88.77,857.79,,384.61,75.54,399.9,449.44,253.79,302.64,,74.35,53.57,19.91,24.9,,359.08,577.56,,111.43,,53.22,,88.86
2026-07-05 20:00:00+00:00,125.56,308.57,223.57,422.4,636.21,537.07,245.05,1640.76,,326.02,1856.37,86.54,369.28,61.58,96.96,11.75,286.37,15.49,,,509.83,35.56,122.2,964.48,203.48,430.88,347.87,174.48,949.03,69.21,252.45,164.2,192.58,85.63,112.79,401.24,98.07,25.83,65.39,114.31,95.01,107.43,191.02,35.0,138.04,17.45,,,208.78,22.72,361.32,353.79,37.1,,,114.53,41.3,324.5,294.92,122.94,,41.15,299.99,337.54,249.76,623.85,29.06,756.28,1208.47,371.83,592.07,,255.73,393.31,107.3,1025.59,,41.31,229.69,77.87,12.4,105.83,198.35,49.41,7.7,1317.65,144.05,,14.58,,131.73,,183.97,76.51,723.51,18.91,101.16,210.46,,1604.44,,27.92,1842.04,,,,20.76,199.53,,161.46,749.14,38.63,88.71,853.2,,386.26,76.07,399.4,451.16,254.51,305.28,,74.36,53.49,19.94,24.97,,359.26,576.99,,111.46,,53.28,,88.74
2026-07-06 00:00:00+00:00,122.7,306.21,220.12,415.36,618.7,528.19,244.15,1638.55,,320.65,1811.85,85.86,363.18,59.59,97.8,11.42,278.2,15.14,,,506.78,35.42,122.27,961.16,206.07,427.37,338.5,169.4,949.99,66.64,249.22,166.02,194.11,83.23,112.41,397.88,99.54,26.01,64.91,115.34,94.25,106.23,188.14,34.86,139.74,17.34,,,199.88,22.8,359.21,356.93,36.78,,,114.17,41.65,324.16,288.16,122.18,,40.33,296.86,333.64,240.62,609.06,28.82,736.51,1215.35,358.98,587.41,,249.99,390.18,105.38,1009.42,,39.23,221.02,77.79,12.28,106.09,195.19,50.25,7.5,1315.15,142.9,,14.83,,128.52,,177.99,74.93,717.84,18.6,100.72,203.3,,1533.85,,27.58,1836.7,,,,21.02,189.47,,162.3,746.66,39.17,88.74,848.61,,380.49,74.81,396.42,442.76,255.42,296.9,,74.46,54.12,19.4,24.39,,361.39,564.64,,112.0,,53.12,,87.61
2026-07-06 04:00:00+00:00,122.7,306.01,219.87,423.81,626.87,531.49,244.2,1635.75,,321.62,1840.77,86.18,366.27,59.33,97.73,11.54,282.34,15.15,,,508.0,34.92,122.21,972.45,207.21,428.4,340.44,169.56,950.39,67.52,252.33,166.18,193.84,83.97,112.99,399.36,99.38,25.98,65.19,115.18,94.88,106.44,190.61,34.94,139.66,17.47,,,200.05,22.79,360.22,357.33,36.96,,,114.86,41.65,326.09,288.6,123.84,,40.98,298.18,332.74,245.45,632.43,28.88,735.58,1217.54,363.64,591.28,,251.37,391.03,105.15,1006.86,,39.77,223.6,77.78,12.46,106.2,195.36,50.16,7.56,1311.88,143.9,,15.18,,129.1,,179.66,75.22,720.77,18.68,101.99,207.65,,1535.64,,27.69,1840.07,,,,21.08,194.62,,163.41,748.62,38.68,89.07,860.0,,382.92,75.81,399.18,447.23,255.76,296.0,,74.54,53.92,19.5,24.16,,360.93,569.86,,111.8,,53.14,,87.56
2026-07-06 08:00:00+00:00,120.97,306.91,218.15,421.6,631.22,535.97,244.37,1641.75,,324.14,1845.9,85.81,369.51,60.38,97.47,11.37,280.83,14.9,,,506.31,35.63,122.69,971.22,208.7,426.99,339.11,166.91,948.18,66.25,250.22,165.01,192.45,83.89,112.66,399.82,99.17,25.95,65.15,114.91,94.94,105.82,189.96,34.9,138.3,17.34,,,200.34,22.88,360.68,356.79,36.99,,,114.09,41.7,328.75,288.39,124.39,,41.45,297.7,332.79,246.82,625.02,28.79,736.53,1207.94,367.58,590.69,,255.3,388.81,102.41,1007.16,,40.94,220.9,77.25,12.53,105.23,195.58,49.32,7.46,1310.54,143.69,,14.98,,128.64,,178.66,75.23,721.3,18.75,101.46,207.56,,1549.68,,27.71,1831.95,,,,21.12,199.04,,163.75,748.09,38.59,89.13,852.65,,386.72,75.98,399.2,446.24,254.51,297.36,,74.57,53.85,19.47,24.07,,360.35,568.07,,111.54,,53.08,,86.79
2026-07-06 12:00:00+00:00,128.02,313.45,218.55,443.7,601.12,565.97,245.62,1634.66,,326.89,1860.15,81.77,374.6,67.74,97.81,11.55,295.54,15.69,,,505.4,33.18,123.83,974.89,195.1,442.05,345.5,169.4,943.44,69.1,273.82,166.78,203.41,86.95,114.84,415.75,97.64,25.65,65.56,113.33,95.09,107.56,191.53,34.66,141.61,18.23,,,200.07,22.63,363.7,349.38,39.04,,,118.38,43.37,331.56,299.97,124.6,,44.45,300.2,335.9,237.16,639.7,28.75,736.05,1196.0,359.1,592.94,,256.47,386.38,101.98,1012.78,,41.33,221.33,76.43,12.6,108.38,196.55,48.99,7.78,1311.25,142.63,,15.2,,133.76,,187.72,82.42,726.06,19.73,96.52,207.8,,1556.1,,27.49,1814.49,,,,21.12,204.85,,160.91,751.03,37.82,90.24,865.82,,392.21,77.36,414.2,458.09,258.04,304.16,,73.53,54.02,19.61,24.0,,354.0,577.93,,109.6,,53.27,,85.88
2026-07-06 16:00:00+00:00,123.31,312.51,218.17,432.44,593.83,552.43,244.45,1635.25,,322.25,1826.31,80.65,374.28,63.54,98.02,11.35,295.31,15.56,,,506.88,36.27,123.3,965.62,191.8,433.73,336.12,168.97,950.93,68.69,266.3,165.6,199.55,86.58,113.97,411.51,97.35,26.16,64.66,113.67,95.29,107.22,190.07,34.92,138.95,17.82,,,194.95,22.76,366.64,350.49,38.29,,,117.65,43.12,329.67,299.46,122.27,,43.94,298.82,337.81,233.6,626.48,28.62,731.82,1202.8,350.11,600.47,,249.54,387.16,100.95,984.94,,39.24,213.22,76.11,12.51,108.01,195.69,49.32,7.8,1311.75,143.93,,15.19,,132.59,,186.72,83.2,723.15,20.12,93.2,209.01,,1556.93,,27.23,1746.84,,,,21.2,194.86,,160.29,751.41,38.3,88.87,867.59,,380.52,76.42,419.79,452.43,257.64,303.84,,72.4,53.64,19.38,23.82,,357.0,577.77,,110.64,,53.22,,85.09
2026-07-06 20:00:00+00:00,121.64,312.62,218.07,429.35,589.67,548.93,244.73,1631.55,,318.54,1817.47,79.48,374.25,62.17,98.24,11.28,291.91,15.77,,,506.75,36.08,123.37,964.88,191.52,432.95,333.5,169.98,949.4,68.38,263.22,166.79,199.67,86.06,114.04,409.72,97.63,26.14,62.27,113.8,94.96,107.05,187.19,34.98,138.73,17.92,,,192.51,22.65,366.8,350.48,38.11,,,117.19,43.13,323.86,299.22,121.17,,43.69,299.15,338.55,230.28,597.19,28.72,724.65,1204.19,347.7,600.58,,246.03,386.6,102.0,960.8,,38.11,209.3,76.22,12.44,108.31,194.91,49.31,7.91,1310.21,143.6,,15.13,,132.81,,186.0,83.69,720.69,18.27,91.51,201.49,,1505.45,,27.13,1690.69,,,,21.16,190.31,,157.71,750.94,38.71,89.18,847.71,,377.21,75.64,416.98,450.61,257.79,302.66,,72.62,53.75,19.36,23.8,,348.48,562.2,,110.81,,53.22,,84.93
2026-07-07 00:00:00+00:00,118.41,313.92,219.02,419.1,571.55,540.85,244.03,1625.15,,310.88,1792.87,78.34,367.36,60.69,99.05,11.06,282.81,15.4,,,507.44,35.48,122.4,957.83,187.5,426.28,327.0,166.22,953.22,67.26,254.24,166.41,199.65,84.5,114.0,404.77,97.32,26.12,60.36,113.75,94.11,104.55,179.62,34.95,137.85,17.61,,,187.29,22.72,365.3,350.45,37.78,,,115.19,42.57,307.4,299.1,118.69,,43.54,298.4,338.73,225.28,523.7,28.76,711.13,1205.21,336.8,598.97,,238.38,387.81,98.41,933.08,,35.65,204.68,76.26,12.17,108.55,194.51,49.09,7.8,1303.85,143.48,,15.15,,132.41,,183.86,82.52,716.26,18.29,90.8,191.41,,1418.77,,26.87,1652.31,,,,21.55,178.26,,156.26,749.78,39.38,88.81,839.34,,367.68,74.27,413.75,443.1,256.55,300.2,,72.57,53.02,19.26,23.95,,354.21,547.92,,111.32,,53.52,,84.92
2026-07-07 04:00:00+00:00,119.76,312.7,219.71,421.59,571.12,538.1,244.5,1624.95,,313.85,1787.95,79.33,368.88,62.03,97.8,11.14,286.14,15.49,,,508.11,34.48,123.2,961.86,189.37,426.32,329.49,166.61,951.48,67.85,257.63,167.59,200.5,84.92,113.84,407.64,97.72,26.25,61.3,113.91,93.97,103.25,183.11,34.96,137.36,17.67,,,189.73,22.68,365.77,351.8,38.08,,,116.88,42.81,312.4,301.48,118.25,,43.58,298.78,338.99,224.35,557.71,28.75,715.04,1206.39,337.39,600.89,,240.75,389.25,99.61,939.7,,36.41,207.43,76.49,12.35,108.49,194.35,49.91,7.88,1302.25,143.83,,15.15,,133.39,,183.18,84.1,715.75,18.29,91.79,192.57,,1431.01,,26.78,1671.31,,,,21.45,178.3,,158.28,749.52,39.42,90.22,844.51,,366.93,74.2,413.78,443.36,257.97,297.52,,72.75,52.83,19.32,23.79,,357.41,551.85,,111.21,,53.63,,85.62
2026-07-07 08:00:00+00:00,119.64,314.83,219.05,416.5,559.33,530.38,245.97,1624.66,,308.45,1761.6,79.13,365.01,60.62,96.66,11.12,284.77,15.62,,,508.88,35.3,123.53,952.44,187.3,418.93,324.87,168.58,957.12,68.75,256.38,169.19,203.48,84.51,113.66,400.69,97.91,26.31,60.51,113.56,93.81,103.3,182.02,34.99,136.36,17.47,,,188.19,22.74,367.34,352.48,38.09,,,116.82,42.82,311.24,303.74,117.8,,43.48,299.97,341.81,221.52,547.56,28.5,705.82,1221.86,330.46,601.57,,237.31,392.77,101.05,930.76,,35.33,206.84,77.03,12.19,111.78,191.6,50.2,7.8,1301.95,145.45,,15.26,,135.37,,181.8,81.96,715.82,18.05,91.5,192.87,,1443.86,,26.66,1653.24,,,,21.49,172.4,,159.67,750.17,39.48,89.19,816.08,,361.13,74.12,417.94,442.86,259.99,295.82,,72.91,52.84,19.2,23.85,,349.47,535.24,,111.75,,53.68,,85.91
2026-07-07 12:00:00+00:00,115.59,314.26,230.36,380.78,543.57,515.72,243.91,1612.24,,302.86,1739.02,75.96,368.18,61.18,97.63,11.29,264.15,15.37,,,507.77,36.93,120.27,910.16,175.58,419.32,312.75,166.26,951.47,66.61,238.25,171.22,197.34,82.63,112.79,413.84,97.87,26.42,59.85,114.31,93.21,101.77,180.3,34.62,129.92,16.24,,,183.67,22.19,369.28,346.52,37.18,,,114.75,43.83,311.13,310.66,109.8,,40.7,296.55,338.36,217.83,529.54,28.41,696.24,1232.1,324.41,606.1,,229.12,393.91,100.41,918.4,,32.81,200.26,76.94,11.91,112.75,194.89,49.78,7.44,1281.45,140.12,,15.84,,135.46,,182.48,79.11,709.69,17.08,83.74,191.71,,1421.84,,26.06,1567.29,,,,21.42,160.62,,151.04,747.57,40.46,88.26,815.46,,338.11,72.2,407.31,432.78,259.67,290.7,,73.45,50.54,17.85,24.16,,350.94,525.61,,111.94,,54.06,,86.95
2026-07-07 16:00:00+00:00,114.69,310.75,221.59,382.83,555.02,516.57,246.21,1620.15,,300.76,1747.77,74.24,371.08,58.14,98.22,11.09,269.44,14.87,,,504.57,37.03,120.8,936.88,176.69,418.93,314.25,163.61,947.96,65.18,246.42,169.46,195.05,83.64,111.78,417.28,97.38,26.93,60.65,114.63,93.09,101.89,181.57,34.63,131.95,16.21,,,185.61,22.23,367.19,345.24,36.18,,,112.96,43.38,312.32,306.29,110.55,,39.92,296.16,338.8,216.55,543.46,28.46,699.55,1235.2,325.84,615.4,,231.04,389.04,97.44,939.68,,33.35,195.26,76.18,11.85,110.67,197.12,49.62,7.37,1283.01,141.73,,15.86,,134.54,,183.05,77.68,709.79,16.49,83.51,194.64,,1440.55,,26.25,1620.05,,,,21.39,165.32,,149.61,747.71,40.38,86.4,828.58,,342.01,72.25,403.29,432.95,257.49,293.27,,74.3,50.71,17.8,24.14,,352.52,532.44,,111.6,,54.82,,85.75
2026-07-07 20:00:00+00:00,112.68,311.48,221.78,377.02,545.48,512.61,245.45,1624.17,,295.21,1738.24,73.54,368.12,57.27,98.13,10.88,264.45,14.73,,,504.46,36.29,120.77,934.85,175.73,417.89,311.2,163.0,948.81,65.2,240.03,169.65,194.34,82.07,111.84,415.01,97.36,27.01,59.18,114.83,93.12,101.75,179.07,34.55,131.18,16.28,,,182.37,22.21,366.92,345.23,35.58,,,111.46,43.44,309.09,303.88,108.29,,39.41,295.71,338.53,214.75,520.02,28.49,689.29,1237.55,323.3,616.42,,226.65,388.4,95.45,915.41,,32.1,191.44,76.76,11.72,109.36,195.95,49.65,7.31,1283.27,140.4,,15.92,,134.07,,182.62,77.51,707.49,16.32,83.8,189.62,,1400.37,,25.97,1581.09,,,,21.47,159.55,,151.14,746.39,40.79,86.25,816.52,,341.93,71.59,403.65,430.85,258.08,293.03,,74.08,50.86,17.7,24.37,,351.5,525.57,,112.02,,54.94,,86.15
2026-07-08 00:00:00+00:00,114.5,310.75,221.47,391.0,563.13,521.51,245.73,1626.25,,302.54,1775.49,75.02,371.96,58.86,105.5,10.96,272.67,14.63,,,504.94,37.41,120.26,932.89,181.44,417.92,318.94,162.71,945.99,65.46,248.59,169.52,194.83,83.72,111.92,420.68,97.52,26.97,61.11,115.21,93.42,103.58,181.04,34.67,132.98,16.32,,,187.17,22.12,367.14,345.24,36.01,,,111.44,43.9,312.51,301.03,110.74,,40.23,296.33,338.96,220.51,537.23,28.78,704.17,1234.47,332.18,613.7,,233.06,388.41,95.74,938.43,,33.95,196.25,76.55,11.9,109.17,197.41,49.69,7.37,1288.92,142.05,,15.85,,132.78,,185.19,78.59,711.65,16.27,85.41,190.39,,1490.14,,26.32,1655.15,,,,21.45,169.21,,150.85,747.84,40.08,85.82,840.89,,351.39,72.79,403.61,438.18,258.5,295.1,,74.29,50.92,17.86,24.14,,351.53,541.26,,111.92,,54.86,,85.91
2026-07-08 04:00:00+00:00,113.85,311.43,221.88,383.46,554.86,518.73,245.71,1627.84,,297.97,1750.57,74.54,370.63,58.47,109.71,10.94,265.07,14.67,,,505.26,37.12,120.52,928.99,177.3,416.39,313.19,161.87,950.57,65.21,245.88,169.4,194.42,82.75,112.44,421.49,97.26,26.76,59.05,115.29,92.35,103.65,176.42,34.73,132.4,16.11,,,182.94,22.1,368.51,343.55,35.51,,,111.78,43.77,303.36,303.33,109.44,,39.72,295.11,338.82,216.49,496.84,29.86,692.84,1235.44,324.27,617.27,,229.15,389.2,96.49,911.48,,32.87,193.34,76.64,11.82,109.53,196.45,49.29,7.33,1291.82,141.55,,15.84,,133.55,,184.03,77.6,709.45,16.26,84.74,183.79,,1389.76,,26.4,1582.51,,,,21.4,164.05,,151.25,746.58,40.47,86.03,827.84,,344.97,72.14,402.77,436.79,258.46,293.74,,74.3,50.74,17.7,24.45,,352.58,523.96,,112.19,,55.04,,86.28
2026-07-08 08:00:00+00:00,110.72,309.73,219.59,369.01,540.78,507.3,242.94,1622.92,,291.83,1716.03,72.32,369.53,56.42,107.16,10.58,261.96,14.53,,,504.25,36.97,119.86,919.62,174.24,405.93,303.6,159.68,957.9,64.04,238.34,167.07,191.88,81.42,111.56,412.97,97.3,26.81,58.1,114.44,91.25,102.02,173.28,34.3,127.95,15.74,,,179.82,22.07,363.01,338.89,35.02,,,109.24,43.01,295.41,297.81,108.13,,39.15,293.63,336.93,211.4,467.96,28.41,681.48,1236.45,317.41,608.07,,225.25,384.06,94.73,902.63,,31.66,188.33,76.47,11.6,107.2,194.57,48.57,7.26,1282.65,139.19,,15.72,,130.41,,180.08,76.6,702.66,15.67,83.41,180.64,,1368.54,,25.93,1539.08,,,,21.26,155.13,,150.79,742.36,41.72,85.7,800.97,,334.21,69.93,398.31,430.93,255.58,290.55,,73.8,50.28,17.34,25.26,,351.64,513.05,,112.89,,55.66,,85.83
2026-07-08 12:00:00+00:00,111.87,310.11,220.08,379.28,561.92,502.72,241.27,1621.22,,291.71,1744.53,74.07,385.5,57.16,108.78,10.84,246.58,14.31,,,505.29,35.03,117.29,923.96,181.24,423.84,306.41,158.61,962.15,62.85,247.8,166.31,187.44,84.82,112.73,422.79,97.05,26.08,59.2,113.49,91.53,102.03,176.02,34.28,128.29,14.52,,,181.65,21.84,360.52,334.41,34.39,,,109.58,43.97,296.26,300.97,105.08,,40.98,290.87,332.94,216.26,491.24,28.63,687.02,1228.99,327.41,603.68,,226.17,382.81,93.33,921.48,,31.94,201.55,75.9,11.62,106.42,197.3,49.12,7.34,1280.65,138.03,,14.9,,128.46,,182.9,76.51,702.8,16.37,81.26,183.82,,1393.65,,26.54,1605.49,,,,21.09,162.9,,147.62,740.68,41.6,85.8,820.88,,338.02,70.09,393.25,431.83,251.93,300.29,,72.63,50.18,17.86,25.81,,348.45,529.47,,113.36,,56.0,,86.34
2026-07-08 16:00:00+00:00,114.63,313.26,221.35,394.22,570.62,517.84,243.71,1622.85,,300.25,1771.04,75.12,388.91,60.21,108.94,11.12,254.3,14.85,,,495.49,34.15,118.53,942.81,181.86,442.13,317.64,159.43,953.37,64.1,259.0,167.0,191.21,90.02,113.85,432.77,96.79,27.21,61.98,115.13,92.55,103.93,182.78,34.42,133.61,15.34,,,184.2,21.73,362.0,336.4,36.12,,,113.63,44.68,304.77,301.99,110.31,,43.04,293.6,330.65,221.25,553.65,28.78,707.07,1217.71,333.24,603.2,,231.93,383.2,93.9,949.9,,33.58,217.01,75.71,11.93,107.9,204.25,48.93,7.55,1282.15,140.66,,14.95,,132.29,,186.61,75.8,711.51,16.65,83.44,193.98,,1454.95,,28.19,1728.38,,,,21.18,174.87,,148.36,745.36,40.06,86.31,856.92,,352.57,72.79,394.22,436.67,251.76,301.32,,73.64,51.29,18.44,24.68,,347.5,550.88,,113.13,,55.58,,87.5
2026-07-08 20:00:00+00:00,115.5,313.25,220.27,397.08,577.56,516.91,243.23,1621.65,,300.69,1776.15,75.11,390.15,61.18,110.07,11.14,253.43,14.9,,,497.02,34.1,118.28,943.03,184.51,441.79,318.75,160.04,942.86,63.81,262.98,165.73,191.13,89.41,114.03,432.14,97.12,27.68,62.85,115.19,92.35,103.6,182.82,34.41,133.38,15.37,,,187.43,21.79,362.02,335.9,35.99,,,113.64,45.04,309.16,301.98,110.32,,43.21,293.18,331.41,222.79,557.39,28.95,709.63,1221.81,334.27,603.61,,234.88,384.2,94.25,957.66,,34.39,216.88,75.65,11.95,107.71,203.71,48.99,7.56,1282.15,141.34,,15.11,,131.55,,187.96,76.1,712.44,16.65,84.78,193.01,,1483.37,,28.02,1743.58,,,,21.21,177.87,,148.99,745.47,39.93,86.44,866.86,,352.9,73.0,394.22,438.8,252.3,304.42,,73.5,51.24,18.59,24.89,,347.47,553.44,,113.02,,55.78,,87.54
2026-07-09 00:00:00+00:00,114.5,313.98,221.34,396.31,573.95,515.78,243.68,1615.45,,302.11,1775.49,75.63,390.22,60.96,111.22,11.03,252.83,14.7,,,497.23,34.06,118.6,946.46,183.69,439.72,318.96,159.78,950.38,63.91,261.81,166.47,191.37,88.96,113.99,429.9,96.76,27.53,60.77,115.1,92.6,103.75,175.94,34.39,133.04,15.37,,,186.83,21.74,362.32,334.7,36.15,,,112.69,44.74,297.85,302.13,110.81,,43.48,293.98,331.63,221.86,489.09,29.08,707.94,1216.35,332.65,604.33,,234.1,384.7,94.07,945.14,,34.21,216.18,75.82,11.9,107.98,203.85,48.95,7.6,1277.55,141.35,,14.91,,132.3,,187.08,77.14,712.55,16.65,85.06,183.94,,1445.56,,28.11,1691.01,,,,21.01,175.51,,149.1,746.49,39.94,86.27,857.69,,352.61,73.06,395.17,437.85,253.67,300.3,,73.76,51.09,18.56,24.78,,347.97,547.41,,113.65,,55.89,,87.95
2026-07-09 04:00:00+00:00,119.08,312.98,220.76,407.09,587.16,527.27,243.92,1617.55,,309.92,1789.85,77.15,394.01,63.38,109.91,11.19,261.51,15.04,,,496.63,34.62,119.27,954.51,187.02,449.93,327.97,161.49,944.59,64.92,267.06,164.68,191.68,90.66,113.72,440.69,96.83,27.56,62.72,115.56,92.86,103.78,178.3,34.33,134.72,15.78,,,193.46,21.73,362.34,335.86,36.2,,,114.68,45.09,295.27,301.31,114.12,,44.04,294.83,331.64,226.49,512.08,31.59,726.7,1216.08,342.12,604.46,,241.33,383.75,95.9,984.9,,36.33,221.69,75.64,12.18,107.27,205.65,49.27,7.65,1279.75,142.55,,14.93,,131.92,,189.82,77.52,717.13,16.73,86.89,187.3,,1478.06,,28.46,1762.0,,,,21.04,185.5,,150.35,748.2,39.22,86.56,881.98,,361.24,74.41,398.15,442.9,252.4,303.14,,73.77,51.49,18.81,24.36,,348.12,567.17,,112.74,,55.36,,87.34
2026-07-09 08:00:00+00:00,119.75,312.3,214.18,410.29,599.51,536.37,241.04,1615.38,,312.3,1808.29,76.57,402.11,64.17,109.47,11.29,263.72,14.94,,,495.94,34.27,117.78,974.54,193.19,454.73,332.0,158.43,938.79,64.3,272.24,159.2,188.1,92.56,114.05,439.94,96.73,27.42,63.86,115.53,92.57,104.01,180.53,34.38,137.03,15.85,,,194.79,21.75,358.83,335.8,36.58,,,114.39,45.34,295.97,289.62,115.62,,44.77,294.4,331.48,232.03,533.26,31.27,737.31,1211.1,349.6,588.12,,244.53,376.87,94.53,998.09,,37.22,224.16,74.64,12.32,103.79,205.78,48.93,7.65,1277.85,141.71,,14.86,,129.47,,191.86,77.41,717.49,16.67,85.42,190.54,,1522.91,,28.92,1805.22,,,,20.94,194.43,,150.28,747.11,39.15,86.87,896.49,,371.26,74.48,395.22,443.57,251.55,309.33,,73.25,51.59,18.81,24.61,,346.8,578.05,,112.17,,55.52,,85.97
2026-07-09 12:00:00+00:00,122.5,314.7,220.98,428.11,607.44,555.91,241.8,1615.75,,333.55,1835.94,74.24,400.79,62.22,111.8,11.59,265.1,14.78,2.781,32.78,496.99,33.79,122.08,958.9,204.21,471.74,331.5,159.96,911.0,64.43,275.57,163.14,195.48,92.86,118.09,450.52,96.13,26.36,65.12,117.02,93.56,105.38,183.98,34.93,145.07,16.88,4.089,,198.05,21.75,353.2,340.41,35.99,,,117.21,47.62,301.05,296.18,113.27,32.52,43.32,296.92,335.79,235.65,563.6,31.52,792.0,1203.31,354.8,608.21,,247.88,380.37,95.71,1015.76,,38.22,216.35,74.48,12.77,107.38,201.85,48.91,7.79,1277.95,146.43,,15.7,,126.99,,194.53,75.1,722.07,17.83,84.89,194.8,,1534.52,,28.79,1869.39,,26.78,,20.99,201.02,,150.91,750.0,38.35,85.66,911.72,,374.42,75.91,399.57,444.5,252.83,313.57,,73.93,52.52,19.12,24.23,,347.63,587.5,7.46,112.3,164.19,55.01,,89.2
2026-07-09 16:00:00+00:00,122.34,316.21,222.66,418.19,589.0,547.01,247.01,1622.45,,328.12,1810.59,73.96,401.14,62.57,111.22,11.47,256.93,14.7,2.787,33.56,496.11,34.22,121.9,937.19,198.6,462.31,327.82,158.53,912.47,63.01,265.98,162.6,198.62,89.69,118.29,450.15,96.12,26.3,64.37,117.26,93.49,105.11,184.69,34.98,140.27,16.77,4.099,,192.57,21.97,358.96,338.58,35.54,,,115.15,49.14,301.4,295.25,112.53,32.07,41.8,296.92,335.69,229.66,570.29,31.51,786.25,1216.26,353.18,632.15,,243.53,384.52,93.92,992.32,,36.96,216.38,75.5,12.91,108.8,202.84,48.91,7.67,1280.45,144.36,,15.65,,129.09,,191.3,73.73,723.31,18.11,82.65,193.2,,1534.39,,28.26,1859.6,,26.52,,20.96,192.53,,151.99,751.67,38.14,85.89,890.3,,363.67,76.35,406.75,437.54,246.55,308.11,,74.33,52.23,18.9,24.02,,348.01,578.25,7.59,112.13,165.05,54.86,,89.73
2026-07-09 20:00:00+00:00,123.38,315.39,222.41,418.0,597.59,547.04,246.72,1625.44,,334.8,1819.01,74.12,401.05,63.75,111.86,11.41,256.91,14.77,2.815,33.62,495.33,34.13,122.39,936.86,200.06,464.96,328.68,158.86,915.66,63.19,266.67,162.01,197.83,89.97,118.28,450.23,96.07,26.35,65.17,117.3,93.69,104.69,185.05,35.12,140.73,17.12,4.074,,195.58,21.91,357.63,338.32,35.5,,,115.33,49.43,298.91,294.23,112.68,32.2,42.18,296.87,335.34,231.19,575.42,31.63,793.59,1218.45,356.44,640.74,,244.93,384.53,94.31,1002.4,,37.35,216.31,74.63,12.97,108.95,202.38,48.88,7.67,1285.05,144.91,,15.63,,128.88,,190.95,73.94,723.2,18.17,83.53,194.59,,1547.05,,28.36,1886.96,,27.3,,20.67,194.12,,152.19,751.57,38.15,86.1,898.34,,367.46,76.34,405.18,439.7,246.74,308.66,,74.37,52.59,19.11,24.14,,348.17,587.38,7.57,111.61,164.62,54.89,,90.05
2026-07-10 00:00:00+00:00,123.47,315.35,221.97,420.02,593.39,549.44,246.8,1630.15,,336.76,1813.71,74.39,401.55,63.51,114.22,11.46,259.42,15.02,2.772,33.78,495.92,34.36,122.08,944.91,201.97,466.04,334.67,160.8,914.15,63.99,267.23,162.32,197.57,90.24,118.3,451.46,96.33,26.38,64.06,116.83,94.15,106.78,184.87,35.17,141.12,17.09,4.155,,197.35,21.96,358.21,338.75,35.5,,,115.86,49.56,309.35,294.65,112.67,31.88,42.16,296.57,336.09,229.92,570.51,31.3,797.87,1218.61,356.8,640.44,,246.18,384.45,95.95,991.29,,37.76,218.47,74.78,12.9,108.97,203.16,48.85,7.66,1291.65,144.97,,15.83,,128.7,,192.53,73.86,723.04,18.25,83.75,196.78,,1501.11,,28.36,1874.31,,27.05,,20.61,194.19,,151.78,751.21,38.2,86.36,891.79,,365.46,76.31,406.01,442.11,247.2,307.9,,74.41,52.64,19.14,24.03,,348.01,582.5,7.61,111.88,164.62,54.93,,90.68
2026-07-10 04:00:00+00:00,119.65,315.4,223.71,415.79,578.65,541.58,246.95,1630.23,,328.75,1786.55,73.89,398.45,61.74,112.44,11.39,254.36,14.94,3.292,33.39,497.04,34.09,121.3,945.72,198.3,460.5,321.04,160.24,915.73,63.56,264.62,163.26,197.74,88.94,118.34,448.05,96.21,26.42,62.17,116.53,93.81,105.43,181.94,34.99,138.13,16.85,4.2,,190.27,21.95,356.85,337.8,35.37,,,115.71,48.9,305.23,295.23,109.72,30.42,41.96,296.99,335.9,226.11,543.2,30.11,773.48,1221.44,349.06,637.4,,239.98,385.35,95.72,967.76,,35.89,213.03,75.1,12.69,109.53,201.52,48.98,7.67,1291.25,144.6,,15.96,,128.96,,189.49,74.26,719.58,18.17,83.01,188.84,,1457.99,,28.2,1814.0,,25.37,,20.71,185.08,,149.99,750.05,38.8,86.7,878.77,,358.5,75.08,404.56,437.39,246.52,306.67,,74.58,52.47,18.99,24.05,,348.2,569.51,7.64,112.21,164.2,54.79,,90.22
2026-07-10 08:00:00+00:00,120.72,314.25,223.41,416.62,579.31,543.73,247.04,1631.65,524.4,325.18,1790.92,74.45,397.85,62.02,113.54,11.46,256.14,15.25,2.874,33.19,497.34,34.42,122.32,937.05,199.07,459.03,324.27,165.98,914.8,71.25,266.62,163.6,198.54,89.81,118.29,446.51,96.38,26.42,62.72,116.41,94.08,105.31,182.55,34.96,139.5,17.52,4.184,1075.19,191.21,21.97,357.36,339.3,35.47,,,118.32,48.76,306.89,295.86,109.6,30.4,42.46,297.04,337.13,225.73,548.17,29.99,774.64,1223.38,347.59,653.17,,240.22,386.85,98.65,981.56,,35.89,216.98,75.7,12.71,110.24,201.53,49.13,7.76,1290.85,145.93,,15.82,,130.16,,189.2,74.4,720.27,18.19,83.17,189.32,,1509.02,,28.19,1816.81,268.85,25.31,,20.85,184.8,,150.73,751.21,38.64,86.96,881.19,,356.21,75.39,407.13,438.06,248.0,304.04,,74.67,52.63,19.05,23.9,322.0,349.52,569.08,7.59,111.76,164.18,55.13,,90.52
2026-07-10 12:00:00+00:00,116.07,313.28,224.82,415.53,598.98,550.92,246.5,1626.52,517.06,324.08,1792.01,72.66,401.11,56.67,112.75,10.98,234.94,15.1,2.949,33.0,492.39,33.24,123.43,948.69,211.92,462.05,320.31,160.15,911.99,66.78,259.39,163.53,188.82,89.3,120.21,444.63,96.0,26.58,62.69,117.27,94.47,105.69,183.05,35.76,137.02,15.82,4.27,1082.48,189.21,21.86,354.8,343.24,33.67,,,112.97,49.38,308.02,290.99,109.29,30.18,40.75,295.24,336.5,228.0,553.45,29.93,769.68,1185.09,349.21,669.8,,236.59,384.33,94.58,970.2,,34.82,218.37,73.11,12.42,107.59,209.13,49.37,7.3,1294.15,141.43,,15.87,,127.09,,188.72,71.59,723.47,18.27,80.32,188.46,,1494.12,171.68,28.67,1873.19,262.1,26.88,,20.83,188.85,,148.89,752.99,38.16,86.57,902.77,,356.66,76.23,409.5,433.35,243.72,311.65,,75.21,52.76,18.4,23.56,321.2,346.47,572.33,7.64,113.7,157.49,54.64,,90.41
2026-07-10 16:00:00+00:00,120.07,315.43,223.54,412.24,602.89,558.21,245.56,1629.73,508.47,323.66,1800.01,73.41,399.94,57.33,112.37,10.98,244.8,14.97,2.931,33.14,493.99,32.96,122.76,951.5,214.97,462.0,324.87,159.14,915.88,66.2,257.8,163.38,187.22,88.97,121.22,435.52,95.72,26.49,63.08,117.2,94.63,106.2,183.56,35.95,135.98,16.18,4.282,1089.56,191.11,21.69,357.11,343.77,34.36,,,112.01,48.51,306.33,287.49,109.9,30.45,41.16,296.1,336.03,231.0,556.82,30.18,802.71,1188.79,350.08,669.11,,235.96,385.39,94.69,979.2,,34.61,219.71,73.49,12.45,107.78,211.08,49.45,7.27,1297.85,140.83,,15.52,,126.82,,189.24,70.37,725.82,17.48,81.15,191.49,,1477.82,168.36,28.37,1914.46,260.13,28.05,,20.84,192.0,,145.64,755.0,37.79,87.48,904.36,,359.92,77.01,407.98,434.61,243.37,311.63,,74.59,53.35,18.5,23.21,319.68,348.96,582.77,7.57,113.87,159.68,55.02,,89.89
2026-07-10 20:00:00+00:00,119.74,315.21,223.87,412.97,606.46,560.38,245.88,1633.43,509.89,324.82,1800.98,73.48,400.46,57.35,112.54,10.93,239.79,15.09,2.94,33.34,495.88,33.11,123.27,950.37,215.02,462.03,324.75,159.8,918.24,66.63,258.97,162.88,187.27,88.79,121.59,436.05,95.72,26.53,63.07,117.53,94.89,106.44,183.42,36.01,136.06,16.23,4.236,1092.71,191.33,21.71,357.17,342.14,34.21,,,111.53,48.7,307.55,287.92,109.69,30.35,40.97,295.88,337.43,231.34,553.5,30.22,805.01,1189.01,351.74,668.63,,236.88,385.53,94.84,982.88,,34.93,219.86,73.51,12.46,107.33,210.72,49.46,7.29,1295.25,140.92,,15.59,,126.67,,188.99,71.18,726.42,17.51,81.74,191.42,,1480.68,171.49,28.46,1932.15,261.87,28.6,,20.85,194.38,,146.1,755.78,37.69,87.8,908.97,,361.01,77.15,407.86,436.31,244.85,312.66,,74.81,53.61,18.59,23.29,320.35,349.31,583.29,7.56,113.64,159.31,54.84,,89.76
2026-07-11 00:00:00+00:00,121.34,316.04,223.9,414.66,600.42,562.54,245.96,1631.34,503.7,324.63,1793.95,74.07,400.56,57.7,112.64,10.86,239.57,15.08,2.971,33.29,496.04,32.85,123.64,953.7,214.05,463.99,323.91,159.47,915.29,66.64,259.6,162.31,188.41,89.05,121.93,437.7,95.88,26.45,63.03,117.44,94.9,106.66,183.31,36.2,135.57,16.37,4.12,1082.0,191.24,21.49,357.48,343.17,33.78,,,111.06,49.2,303.96,286.9,109.84,30.24,40.87,296.24,337.29,230.63,550.39,30.04,799.79,1191.96,350.42,669.71,,237.8,385.78,95.34,982.09,,35.1,220.22,73.5,12.46,107.03,210.24,49.3,7.31,1293.15,141.72,,15.66,,126.93,,188.4,71.37,727.09,17.49,81.47,191.29,,1477.0,171.03,28.28,1923.45,261.53,28.85,,20.83,193.46,,146.57,755.81,37.74,87.7,903.22,,361.3,77.18,407.86,436.76,243.88,314.4,,74.64,53.71,18.62,23.32,320.1,349.46,577.59,7.54,113.61,158.41,55.11,,89.8
2026-07-11 04:00:00+00:00,122.58,315.67,224.99,416.58,603.02,565.0,246.18,1630.95,503.93,325.95,1797.61,73.85,400.74,57.72,112.89,10.88,239.93,15.11,3.001,33.23,493.73,32.5,121.85,955.0,214.11,463.14,322.94,160.51,915.1,67.05,260.64,162.03,186.99,89.15,121.69,433.82,96.04,26.46,63.23,117.16,95.02,105.54,183.09,36.56,135.38,16.34,4.108,1087.86,191.34,21.54,358.35,342.38,33.96,,,111.55,49.18,304.84,286.83,112.03,31.57,40.79,295.9,336.27,231.99,548.07,30.26,798.49,1193.45,350.92,667.77,,238.38,386.23,95.63,984.27,,35.22,221.14,73.62,12.42,106.95,210.62,49.27,7.29,1294.36,142.11,,15.61,,127.06,,188.2,71.13,728.81,17.62,82.13,191.6,,1478.52,170.55,28.25,1925.69,264.83,28.48,,20.87,195.84,,146.11,756.75,37.28,87.69,903.8,,360.49,77.31,409.36,437.79,243.38,314.0,,74.63,53.63,18.71,23.06,315.77,350.56,579.35,7.56,113.96,160.88,55.19,,89.75
2026-07-11 08:00:00+00:00,123.54,315.24,225.48,416.38,604.77,563.86,246.37,1631.35,503.19,326.36,1796.59,73.07,401.11,57.56,112.75,10.94,241.4,15.22,2.936,32.49,493.51,32.35,122.18,954.63,213.49,463.49,321.72,160.59,913.19,67.19,261.05,162.01,186.08,89.29,121.49,436.63,95.26,26.54,63.42,117.08,95.32,105.46,183.48,36.52,135.9,16.46,4.13,1081.31,192.02,21.56,357.63,341.89,33.91,,,111.82,48.87,304.65,287.41,113.0,31.89,40.97,295.79,336.31,233.34,549.21,30.18,796.52,1194.32,351.6,673.04,,238.89,385.91,96.08,987.76,,35.36,220.64,73.61,12.39,106.88,210.65,49.24,7.3,1295.35,142.08,,15.69,,126.73,,188.29,71.06,728.54,17.63,81.24,192.09,,1482.33,170.49,28.21,1942.82,265.61,29.17,,20.96,197.04,,146.25,756.68,37.27,87.7,903.82,,362.04,77.39,408.6,440.0,243.32,314.0,,74.59,53.6,18.62,23.0,321.14,350.84,582.56,7.58,114.53,160.8,55.39,,90.05
2026-07-11 12:00:00+00:00,122.17,315.52,225.16,417.02,604.34,564.64,246.23,1631.53,503.95,325.55,1805.84,73.11,397.96,57.34,112.75,10.93,241.55,15.19,2.923,32.93,493.21,32.29,122.31,954.6,211.68,463.46,319.92,160.7,914.71,66.54,261.38,161.51,187.21,89.26,121.21,435.67,95.24,26.48,63.23,117.04,95.38,105.48,183.36,36.43,135.81,16.49,4.093,1083.01,190.09,21.58,357.96,343.15,33.91,,,111.93,49.15,304.57,286.19,111.5,31.2,40.97,295.63,336.16,233.25,548.93,30.16,794.23,1193.91,351.2,672.84,,237.9,386.41,95.88,982.97,,35.03,220.81,73.72,12.33,106.71,209.2,49.16,7.3,1295.68,141.12,,15.55,,126.38,,187.2,70.8,728.23,17.63,81.32,191.42,,1477.3,169.79,28.17,1943.73,263.74,28.93,,20.95,195.82,,145.78,757.33,37.31,87.7,901.11,,363.67,77.39,408.21,438.8,241.75,312.91,,74.33,53.56,18.66,22.91,315.65,350.85,579.05,7.53,114.34,160.53,54.91,,89.87
2026-07-11 16:00:00+00:00,122.52,315.78,224.35,418.95,605.08,567.57,245.92,1627.96,501.97,327.08,1807.52,73.14,398.33,57.23,112.92,11.05,241.79,15.3,2.93,32.94,493.26,32.51,121.82,955.01,211.64,461.0,320.07,161.55,910.95,66.93,263.17,161.83,188.13,89.9,121.1,434.81,95.26,26.64,63.61,117.22,95.33,106.13,183.55,36.81,136.23,16.62,4.117,1083.71,190.83,21.63,358.42,341.69,34.27,,,112.46,49.31,305.0,287.63,112.41,31.62,40.98,296.21,336.43,232.75,549.22,30.15,796.77,1194.02,350.4,671.39,,239.49,384.87,96.31,987.79,,35.39,222.85,73.41,12.39,106.74,209.93,49.21,7.36,1293.76,141.57,,15.52,,127.01,,186.89,70.77,728.96,17.67,81.28,192.62,,1487.6,171.0,28.25,1966.7,265.01,29.62,,20.96,198.4,,146.17,757.67,37.35,87.69,901.36,,362.1,77.34,408.61,439.57,243.45,312.83,,74.33,53.43,18.71,22.88,317.48,351.15,583.24,7.55,114.28,160.16,55.21,,89.85
2026-07-11 20:00:00+00:00,120.36,315.27,224.19,414.29,600.85,562.46,246.8,1628.25,501.17,325.17,1795.01,72.46,400.08,56.87,113.05,10.96,240.91,15.1,2.908,32.97,494.5,32.26,123.23,951.65,210.88,461.13,320.22,159.38,916.57,66.45,262.33,161.92,187.52,89.94,121.33,433.42,95.81,26.57,62.98,116.79,95.2,105.88,182.26,36.88,135.76,16.64,4.105,1082.95,190.43,21.64,358.99,341.82,34.4,,,111.72,48.58,305.1,287.92,111.35,31.34,40.85,295.9,336.14,232.85,542.46,30.15,794.44,1193.67,351.98,670.05,,236.79,384.39,94.99,978.42,,34.81,221.3,73.48,12.37,106.75,208.52,49.23,7.33,1297.05,141.91,,15.42,,126.55,,186.54,70.28,726.07,17.14,81.29,190.86,,1475.02,170.66,28.17,1944.61,266.87,28.87,,21.03,196.56,,145.74,755.7,37.57,87.61,905.47,,360.01,76.56,407.67,437.78,243.07,312.33,,74.37,53.2,18.54,22.95,318.12,351.16,577.42,7.53,113.82,160.48,55.99,,89.33
2026-07-12 00:00:00+00:00,122.13,314.02,223.73,416.27,601.54,560.24,246.01,1627.05,498.37,324.98,1794.38,72.51,400.94,57.09,113.25,10.95,240.4,15.23,2.938,32.98,493.11,32.56,125.24,952.01,211.81,459.59,320.25,160.1,917.39,67.29,261.45,161.27,188.4,89.63,121.14,433.88,94.93,26.57,63.16,116.42,94.64,106.11,182.41,36.94,135.54,16.68,4.097,1078.87,190.03,21.84,358.85,341.82,34.25,,,112.24,48.9,305.55,288.1,112.54,31.63,40.99,296.87,334.72,233.16,547.43,30.07,796.36,1191.62,351.33,669.5,,236.14,383.53,95.65,978.34,,34.78,221.66,73.48,12.37,106.75,209.54,49.56,7.34,1296.25,142.15,,15.31,,126.4,,186.78,70.12,726.62,17.21,81.45,190.97,,1479.88,171.12,28.21,1953.33,267.1,28.93,,20.94,195.01,,146.12,754.75,37.53,87.66,906.75,,357.34,76.77,408.69,436.81,240.85,311.36,,74.29,53.53,18.56,23.3,320.09,351.28,577.93,7.53,113.83,160.39,56.45,,89.08
2026-07-12 04:00:00+00:00,121.92,313.61,222.91,413.69,599.67,559.63,245.13,1626.45,499.16,323.5,1790.03,72.58,398.16,57.29,113.11,10.87,237.08,15.0,2.94,33.03,492.46,32.48,124.37,951.3,212.63,458.82,319.12,159.5,915.62,66.7,261.81,161.12,186.72,89.41,120.91,432.35,94.83,26.5,62.89,116.26,94.42,106.51,182.74,36.94,136.51,16.68,4.079,1083.06,188.45,21.76,358.83,341.86,33.96,,,111.98,48.79,303.49,287.25,112.18,30.97,40.79,296.77,334.36,235.29,547.06,30.05,793.73,1188.16,349.89,666.86,,236.43,382.55,95.19,975.74,,34.76,220.34,73.17,12.36,106.82,210.29,49.55,7.37,1294.21,142.24,,15.3,,126.25,,187.11,69.87,725.64,17.13,81.59,190.61,,1476.73,171.64,28.17,1948.98,263.25,28.98,,20.86,194.91,,145.82,754.13,37.57,87.66,902.67,,358.14,76.19,408.78,437.06,241.4,310.54,,74.29,53.53,18.48,23.33,320.62,351.38,575.74,7.49,113.7,160.49,55.78,,89.25
2026-07-12 08:00:00+00:00,121.76,314.56,223.81,413.76,603.98,562.72,245.71,1626.55,497.48,324.79,1803.09,72.8,400.8,57.25,113.14,10.86,238.59,15.15,2.911,33.0,493.33,32.54,122.58,947.92,213.17,458.42,319.39,159.76,917.39,67.04,262.48,160.86,185.9,89.69,121.54,432.4,95.01,26.38,63.3,116.66,94.37,106.76,183.3,36.88,137.26,16.56,4.073,1092.52,189.41,21.82,358.41,342.38,34.1,,,112.28,48.76,304.47,287.15,111.41,30.67,41.14,297.47,334.36,236.09,548.92,30.04,803.03,1189.8,351.22,671.87,,238.25,384.18,95.91,983.62,,35.17,218.75,73.22,12.39,107.34,210.66,49.33,7.37,1293.31,141.16,,15.29,,126.48,,186.94,70.34,726.6,17.16,81.87,192.15,,1483.08,171.14,28.19,1956.23,261.89,29.08,,20.89,195.42,,145.95,755.52,37.66,87.76,905.97,,359.09,76.55,408.95,437.36,242.01,311.0,,74.45,53.68,18.56,23.21,320.1,351.78,577.52,7.5,113.84,160.89,55.78,,89.4
2026-07-12 12:00:00+00:00,120.6,315.08,224.45,415.79,600.71,559.87,245.5,1626.15,498.0,327.35,1795.75,72.84,399.85,56.91,113.12,10.93,239.77,15.34,2.922,32.88,491.73,32.27,121.87,947.84,213.88,458.94,319.12,159.93,916.15,67.08,261.99,161.26,185.56,89.47,121.26,432.39,95.09,26.39,63.28,116.62,94.94,106.83,183.18,36.75,136.95,16.43,4.127,1094.17,188.96,21.83,358.28,342.63,33.86,,,112.7,48.47,303.87,287.45,111.13,30.39,41.24,297.65,334.51,235.4,545.52,30.03,796.01,1191.24,353.2,671.32,,238.59,383.64,96.24,981.88,,35.03,219.03,73.27,12.41,107.41,212.48,49.38,7.34,1293.95,141.76,,15.29,,126.27,,186.52,70.59,726.98,17.22,81.6,191.53,,1483.01,170.79,28.11,1954.15,262.26,28.54,,20.89,194.64,,145.87,755.26,37.81,88.37,900.69,,358.57,76.42,408.63,437.85,241.75,310.5,,74.66,53.63,18.56,23.15,318.72,351.49,577.79,7.56,113.63,160.83,55.78,,89.57
2026-07-12 16:00:00+00:00,121.72,315.04,223.71,416.65,603.68,559.52,245.29,1626.95,497.29,326.44,1794.77,72.68,398.15,57.03,112.96,10.93,240.61,15.33,2.92,33.08,492.61,32.4,123.04,944.31,213.63,458.61,318.89,159.94,913.57,67.16,262.06,161.16,184.97,90.16,121.65,432.69,94.83,26.39,63.52,117.83,94.93,106.71,184.13,36.81,137.59,16.42,4.147,1087.68,187.74,21.85,358.46,342.62,34.06,,,112.84,48.24,304.53,286.19,111.0,30.36,41.34,297.77,334.77,235.61,559.27,30.0,793.03,1191.98,352.8,670.11,,239.38,383.5,96.32,983.6,,35.44,220.94,73.41,12.36,106.81,212.36,49.35,7.27,1293.45,141.18,,15.28,,126.77,,186.18,70.21,726.64,17.22,81.63,192.79,,1495.7,170.52,28.13,1957.59,262.65,28.81,,20.79,195.39,,145.96,754.77,37.76,88.27,905.27,,359.88,76.6,407.99,438.0,241.87,310.93,,74.67,53.7,18.54,23.24,315.29,350.72,577.95,7.54,113.71,161.04,56.51,,89.52
2026-07-12 20:00:00+00:00,119.14,313.76,223.77,413.41,598.81,554.95,244.2,1627.35,498.68,323.77,1792.25,72.7,394.25,56.55,112.78,10.96,237.4,15.22,2.946,32.79,491.98,32.36,122.52,958.33,211.06,457.31,318.77,158.38,918.15,66.6,258.98,160.4,184.72,88.99,121.27,432.49,94.91,26.4,61.89,117.49,94.29,105.49,181.55,36.41,136.74,16.33,4.308,1085.44,186.89,21.83,356.46,341.39,34.05,,,112.1,48.27,308.74,286.18,109.88,30.1,41.09,293.53,335.75,233.5,536.04,29.95,789.18,1192.92,351.16,664.83,,236.38,381.87,95.12,967.62,,34.7,219.7,73.12,12.37,106.28,210.98,49.07,7.2,1292.55,140.69,,15.29,,126.04,,184.03,69.96,723.05,17.2,80.97,189.12,,1429.94,166.83,28.01,1929.25,262.5,28.37,,20.93,191.43,,145.7,753.24,37.9,88.35,901.9,,359.28,76.14,405.57,437.02,240.86,309.4,,74.54,53.36,18.48,23.58,314.99,351.42,569.58,7.55,113.58,161.47,56.34,,89.5
2026-07-13 00:00:00+00:00,115.75,314.91,223.34,399.32,580.85,546.34,244.38,1606.35,501.31,313.13,1762.27,71.5,391.06,54.81,113.41,10.83,233.13,14.98,2.888,32.49,495.05,32.12,122.49,943.34,204.19,450.77,312.41,156.28,917.33,64.72,250.65,162.64,185.52,86.61,120.88,424.62,95.64,26.32,57.62,117.32,92.59,104.4,169.12,35.95,133.19,15.68,4.183,1076.24,183.51,21.65,355.74,341.1,33.89,,,109.61,47.58,298.51,286.27,106.4,28.45,40.06,293.56,336.59,223.89,436.01,29.0,775.31,1187.66,339.03,660.38,,229.34,384.86,92.95,929.02,,32.64,210.23,73.62,11.99,107.38,207.86,49.42,7.16,1272.65,139.15,,15.64,,125.95,,183.6,68.41,717.9,17.45,79.23,175.18,,1293.1,159.09,27.81,1814.8,260.11,25.06,,20.53,176.32,,143.0,751.55,39.06,88.17,874.28,,348.55,74.46,401.0,434.79,244.28,305.13,,74.23,52.6,18.17,24.07,314.52,349.86,556.5,7.49,114.82,158.45,55.89,,88.03
2026-07-13 04:00:00+00:00,114.65,315.62,225.62,395.75,575.0,538.58,244.71,1608.8,507.36,312.98,1761.08,71.49,392.48,54.72,113.12,10.81,231.21,15.02,2.862,32.38,494.94,32.29,122.89,939.1,205.24,447.41,310.29,156.57,919.91,64.9,245.92,164.77,186.83,85.95,120.84,425.42,95.44,26.44,56.92,117.37,92.39,103.75,167.93,35.53,132.89,15.88,4.183,1071.18,182.64,21.62,356.23,342.04,34.12,,,110.4,47.59,296.33,288.04,105.74,28.01,39.95,295.29,337.69,221.28,421.95,29.49,767.24,1192.66,333.36,661.64,,227.22,387.39,93.45,919.62,,32.0,208.31,73.88,12.28,109.2,206.69,49.38,7.18,1274.59,139.67,,15.57,,127.5,,184.09,68.98,716.8,17.38,79.04,171.45,,1243.88,153.92,27.81,1780.73,260.72,24.16,,20.53,173.42,,143.16,752.04,39.25,88.08,869.77,,344.99,74.07,401.89,431.91,244.83,303.67,,74.64,52.46,18.23,23.79,309.58,350.29,549.77,7.47,114.59,158.96,56.12,,89.6
2026-07-13 08:00:00+00:00,116.4,315.79,225.89,400.52,578.99,545.64,244.94,1613.48,506.52,315.66,1766.0,72.18,394.37,55.39,112.76,10.82,235.78,14.85,2.887,32.65,494.94,33.49,122.91,938.55,208.6,446.91,313.68,157.23,918.24,65.24,250.97,164.8,187.26,87.06,120.89,428.15,95.93,26.73,57.62,117.83,93.04,103.72,169.29,35.89,133.03,15.74,4.179,1078.11,185.5,21.66,356.17,343.41,34.01,,,111.51,47.83,302.04,288.75,106.82,28.6,40.14,294.96,337.51,223.9,429.01,29.07,780.33,1184.22,338.0,663.91,,229.89,386.98,92.36,935.48,,32.75,213.21,73.9,12.29,108.88,208.3,49.26,7.18,1278.39,140.35,,15.46,,127.37,,185.29,69.34,718.66,17.18,80.33,174.34,,1273.44,153.82,27.77,1821.23,262.17,25.3,,20.62,177.09,,144.38,752.71,38.9,87.92,874.79,,346.67,74.9,404.74,434.31,243.72,306.69,,74.88,52.63,18.21,23.56,312.99,349.75,553.24,7.53,114.26,159.18,55.75,,89.98
2026-07-13 12:00:00+00:00,112.59,317.18,231.22,371.99,580.83,541.99,248.11,1611.24,451.01,302.39,1752.12,69.36,389.57,49.17,113.18,10.81,237.45,14.6,2.749,33.5,495.09,31.94,121.74,934.32,208.74,453.08,316.15,157.91,926.18,63.71,243.74,171.8,188.05,85.92,119.69,430.59,97.24,27.2,57.57,116.28,93.14,102.94,169.94,35.66,131.12,15.33,4.099,1066.44,186.72,22.28,355.85,338.15,34.63,,,110.98,47.75,301.64,293.03,104.25,27.34,39.66,294.0,333.44,221.7,433.6,28.65,787.28,1190.29,332.13,660.8,,221.17,390.71,92.45,932.39,,30.22,214.48,74.64,11.85,112.24,206.86,49.47,7.31,1274.15,135.45,,15.68,,129.74,,185.89,66.1,716.03,17.32,77.63,175.92,,1268.41,153.29,27.83,1713.14,271.06,22.12,,20.83,170.18,,139.8,751.64,39.39,87.18,864.53,,344.06,73.85,395.87,429.26,246.51,302.13,,75.32,51.14,17.74,23.66,310.5,354.68,548.35,7.52,114.47,155.51,56.45,,92.43
2026-07-13 16:00:00+00:00,112.03,317.33,231.02,362.62,575.59,534.09,247.49,1611.61,444.01,299.07,1728.28,67.72,384.0,50.47,112.5,10.77,233.47,14.61,2.823,32.38,496.82,31.79,121.73,931.47,204.85,445.45,307.5,157.47,926.84,63.1,237.16,171.17,188.23,83.33,119.31,427.34,96.0,26.48,57.26,115.13,92.8,101.99,168.28,35.44,129.74,15.17,4.105,1048.7,183.46,22.01,352.86,337.27,34.36,,,109.92,47.31,300.47,290.48,103.16,26.78,39.07,293.5,334.82,222.21,418.95,28.49,768.72,1184.75,330.27,657.02,,217.52,391.4,92.19,937.0,,29.24,210.39,73.93,11.69,111.49,203.66,49.36,6.98,1239.05,131.83,,15.29,,130.1,,183.68,64.16,712.37,17.31,76.86,172.17,,1254.44,153.49,27.64,1674.63,269.0,20.98,,20.68,165.42,,139.29,749.45,39.89,87.1,858.85,,341.5,72.76,395.06,422.0,244.66,298.52,,74.31,50.26,17.23,24.27,306.87,357.56,555.4,7.53,114.8,156.01,56.78,,91.92
2026-07-13 20:00:00+00:00,109.88,318.0,230.18,357.12,574.27,532.53,246.63,1611.05,445.48,297.16,1727.75,67.06,383.94,49.78,112.14,10.61,230.66,14.56,2.837,32.68,497.68,32.02,121.36,928.02,201.88,443.51,305.5,157.15,926.18,62.54,235.75,170.41,186.71,82.44,119.12,424.08,96.11,26.46,55.98,114.92,92.44,101.9,167.66,35.57,129.08,14.88,4.078,1043.81,180.32,21.98,353.24,336.68,34.12,,,108.77,47.05,293.11,288.22,102.44,26.32,38.65,292.82,334.84,221.06,412.0,28.43,764.16,1182.14,328.88,656.47,,214.25,390.17,91.92,920.78,,28.4,205.93,74.2,11.62,110.18,203.47,49.14,6.93,1233.47,131.46,,15.18,,129.09,,183.76,63.93,710.78,17.12,76.01,171.13,,1241.0,152.83,27.54,1637.16,266.39,20.0,,20.68,162.58,,137.99,748.37,40.08,87.46,850.44,,338.03,72.43,393.37,424.01,244.11,300.28,,74.12,50.48,17.18,24.46,306.03,357.56,545.43,7.51,114.85,155.28,57.05,,91.45
2026-07-14 00:00:00+00:00,110.08,316.22,229.82,362.76,576.68,536.06,246.55,1611.45,443.12,297.94,1727.76,67.7,384.99,49.73,110.84,10.56,234.17,14.62,2.827,32.52,497.32,31.67,121.79,926.69,198.82,444.97,305.54,157.25,927.36,62.4,237.58,170.79,187.77,82.45,119.58,423.55,96.24,26.33,56.18,115.66,92.57,99.2,164.45,35.59,128.99,15.02,4.128,1042.47,181.86,21.95,351.89,336.74,34.12,,,109.78,47.19,279.81,288.06,103.14,26.56,38.76,292.38,334.24,222.77,386.66,27.72,763.34,1183.3,332.0,655.6,,215.05,389.57,92.5,925.28,,28.54,207.68,74.08,11.6,109.91,204.01,49.18,6.94,1226.98,131.98,,15.15,,128.82,,184.06,64.05,711.42,17.27,76.53,173.78,,1213.16,154.06,27.56,1657.12,267.75,20.48,,20.83,165.02,,137.45,747.68,40.15,87.72,851.67,,339.04,72.4,394.18,423.87,243.94,301.66,,74.1,50.49,17.21,24.59,306.25,357.6,546.78,7.53,115.15,155.24,57.25,,91.12
2026-07-14 04:00:00+00:00,114.17,314.86,227.08,367.73,592.25,545.03,246.33,1608.81,444.05,306.63,1753.48,68.57,389.16,51.73,113.42,10.74,238.13,14.66,2.825,31.64,496.16,31.57,121.81,933.9,204.49,450.73,315.6,157.6,924.52,62.42,241.76,169.82,187.26,84.09,119.45,429.27,95.93,26.41,58.79,115.5,92.83,100.5,168.66,35.27,130.81,15.33,4.102,1045.56,187.27,21.92,351.92,335.74,34.2,,,110.66,47.38,285.11,288.53,105.4,27.78,39.55,292.82,334.81,228.39,420.46,28.76,789.77,1180.34,339.6,653.99,,221.5,387.26,92.66,957.29,,30.22,212.99,73.61,11.82,109.24,205.15,49.2,7.02,1240.06,132.89,,15.5,,128.32,,186.27,64.86,714.66,17.33,77.9,178.03,,1290.81,162.57,27.92,1729.4,267.83,22.37,,20.81,172.84,,138.46,749.07,39.47,87.51,884.85,,349.42,73.51,395.82,428.2,245.19,304.35,,74.16,50.48,17.32,24.38,308.16,357.13,567.57,7.52,114.52,155.59,57.22,,90.85
2026-07-14 08:00:00+00:00,117.65,314.53,218.22,372.28,603.19,551.97,246.42,1614.76,433.17,305.62,1767.95,68.6,394.65,54.13,112.28,10.63,238.78,14.7,2.799,32.98,496.83,31.57,121.37,944.82,206.98,457.99,319.6,156.42,925.31,61.71,247.55,160.89,185.62,84.82,119.93,435.03,95.94,26.21,59.56,115.41,93.47,101.17,170.06,35.54,131.83,15.38,4.136,1056.73,191.84,21.95,350.89,336.27,34.07,,,109.53,48.23,286.49,223.22,106.16,28.21,39.64,293.63,325.16,232.15,431.31,28.71,802.2,1179.74,343.46,649.23,,225.9,379.29,92.4,968.34,,31.38,216.77,73.32,11.86,102.26,206.38,48.75,7.0,1251.6,128.38,,15.39,,123.96,,188.02,64.74,716.33,17.24,77.91,179.82,,1300.72,162.41,27.92,1748.35,255.37,22.85,,20.79,180.9,,139.61,748.8,39.22,87.43,890.4,,357.78,73.94,396.7,428.86,238.63,309.91,,73.9,50.49,17.37,24.23,313.02,355.8,577.25,7.52,114.94,155.92,57.11,,88.64
2026-07-14 12:00:00+00:00,123.66,313.32,221.37,371.57,594.26,560.86,245.51,1608.75,447.87,281.03,1778.64,69.92,394.73,57.51,112.9,11.35,243.74,16.07,2.839,35.99,496.08,32.76,123.61,929.81,194.05,454.71,312.26,158.71,925.11,62.78,242.64,168.85,205.19,80.6,118.15,459.39,96.03,25.38,60.89,112.19,94.18,101.89,175.12,36.0,130.54,15.79,4.541,1064.87,188.45,22.39,356.43,337.9,34.93,,,109.83,49.57,291.79,216.13,106.73,28.44,38.35,294.75,341.38,230.69,468.79,28.95,815.72,1156.82,346.0,656.85,,223.93,384.84,97.03,981.94,,30.93,198.39,73.57,11.61,105.84,209.26,48.92,7.18,1256.65,128.83,,15.06,,131.81,,180.07,64.61,720.08,17.45,80.27,186.28,,1334.71,178.14,27.82,1764.63,275.2,23.23,,20.9,180.05,,142.49,751.43,38.67,88.59,879.21,,356.28,75.05,396.97,422.59,240.07,307.7,,72.62,51.64,18.24,23.85,303.88,357.79,567.13,7.46,114.67,155.77,56.79,,91.07
2026-07-14 16:00:00+00:00,125.56,314.98,220.81,362.09,596.21,547.88,247.61,1614.75,448.82,281.26,1782.88,68.89,389.35,57.69,112.43,11.03,243.75,16.33,2.899,36.78,492.03,32.5,124.4,932.48,203.82,447.35,311.25,161.58,921.99,63.23,236.27,167.92,210.61,79.98,117.1,457.99,95.86,25.24,61.27,112.48,93.97,101.91,177.03,36.07,132.48,15.62,4.527,1068.38,187.99,22.45,359.75,338.07,35.13,,,113.52,49.55,292.7,217.26,107.84,29.06,38.62,294.72,342.96,230.34,483.26,28.94,814.43,1155.1,345.82,661.36,,222.81,385.27,97.66,983.22,,30.59,194.14,73.59,11.69,105.02,211.93,49.17,7.39,1262.95,128.12,,15.0,,133.75,,178.18,66.7,720.12,17.51,78.86,186.33,,1387.55,193.56,27.7,1759.52,276.02,23.07,,20.82,176.71,,136.27,752.4,38.61,88.29,876.65,,353.67,75.08,396.37,421.06,237.41,305.88,,72.12,51.61,18.19,23.8,304.62,356.47,563.84,7.46,113.83,155.64,57.0,,91.45
2026-07-14 20:00:00+00:00,127.11,315.49,221.45,366.49,606.02,550.13,248.34,1616.34,450.16,282.16,1807.13,68.87,391.31,57.8,112.68,11.14,245.74,16.47,2.89,36.61,493.24,33.04,124.62,934.14,204.0,448.06,312.95,162.95,922.79,63.21,239.24,168.4,211.63,80.59,117.34,458.74,96.13,25.28,62.18,112.73,93.97,102.26,178.68,36.03,132.01,15.65,4.507,1070.54,188.67,22.44,359.24,337.7,35.31,,,114.44,49.82,294.62,219.75,108.91,29.46,39.21,294.45,343.06,232.6,497.44,29.28,818.46,1156.71,350.8,661.85,,223.68,386.91,98.79,989.91,,30.87,198.33,74.01,11.78,105.4,211.96,49.06,7.39,1276.67,129.1,,15.1,,134.34,,178.9,67.15,722.5,17.51,79.57,190.09,,1414.4,185.83,27.82,1768.97,275.81,23.36,,20.94,180.73,,137.2,753.54,38.27,88.72,879.96,,357.06,75.76,396.13,424.4,237.91,306.68,,72.27,51.88,18.3,23.68,306.07,356.99,568.54,7.48,113.87,156.05,56.92,,91.53
2026-07-15 00:00:00+00:00,129.66,315.38,220.84,370.81,612.12,557.71,248.35,1627.44,451.29,288.98,1827.01,69.98,394.57,58.45,116.47,11.17,248.9,16.37,2.861,36.47,492.85,33.14,124.48,937.64,204.14,452.15,318.12,162.76,919.9,64.2,243.84,168.36,213.26,81.17,117.23,464.22,95.8,25.25,62.72,112.47,93.97,103.89,181.2,36.2,131.8,15.74,4.647,1069.0,190.45,22.45,360.48,338.84,35.38,,,113.99,50.39,294.52,218.65,110.63,30.47,39.61,294.57,343.77,235.62,481.11,28.65,826.78,1157.2,355.53,661.63,,227.37,386.54,98.23,1000.3,,31.85,200.18,73.8,11.84,105.2,212.92,49.05,7.42,1284.35,129.1,,15.28,,133.25,,180.93,67.81,725.43,17.61,80.18,190.34,,1448.36,190.73,27.95,1794.51,277.23,23.99,,20.74,187.74,,138.06,754.18,37.78,87.5,890.41,,363.44,76.71,397.72,428.75,237.96,307.66,,72.29,51.85,18.34,23.55,307.5,356.84,579.08,7.48,113.86,157.03,56.88,,90.89
2026-07-15 04:00:00+00:00,128.32,314.96,219.94,371.71,622.51,557.35,247.98,1644.85,449.38,286.65,1876.08,69.82,395.49,58.43,115.77,11.06,249.13,16.29,2.834,35.61,492.27,33.14,124.05,936.99,204.23,452.18,316.51,162.53,919.88,63.41,242.35,166.77,212.12,80.8,117.45,464.51,95.68,25.25,61.34,112.53,94.22,103.65,177.22,36.1,133.46,15.76,4.577,1077.57,190.06,22.41,359.48,336.18,35.3,,,113.98,49.95,290.8,217.23,112.57,31.47,39.44,294.24,342.01,239.84,481.11,27.2,826.56,1154.24,361.45,659.7,,227.16,384.53,97.89,992.54,,31.7,199.65,73.49,11.9,104.4,212.37,49.09,7.4,1296.45,129.1,,15.06,,133.06,,180.8,67.19,724.99,17.61,80.71,185.82,,1384.23,184.92,28.0,1775.29,275.24,23.47,,20.75,187.64,,137.85,753.88,37.87,87.53,898.81,,365.67,76.5,397.46,429.36,238.01,309.04,,72.39,51.77,18.28,23.47,307.07,354.6,574.21,7.45,113.67,156.47,56.91,,90.91
2026-07-15 08:00:00+00:00,127.59,316.58,221.96,366.97,614.65,555.31,248.07,1646.75,450.57,284.41,1834.94,68.94,392.97,57.97,116.5,11.1,245.94,16.43,2.855,36.5,492.41,32.93,126.08,937.98,202.86,447.79,313.45,162.16,921.26,63.57,239.7,168.52,211.59,79.53,117.17,461.0,95.88,25.16,60.48,112.27,93.83,102.38,175.33,36.07,133.78,15.78,4.503,1078.16,188.33,22.43,357.53,338.65,35.37,,,113.51,50.02,289.49,220.02,110.31,30.45,39.12,294.55,343.51,235.68,23.36,27.59,816.35,1154.19,354.4,662.85,,223.9,386.28,97.96,976.76,,30.93,195.69,73.81,11.99,105.9,211.49,49.04,7.4,1291.25,129.22,,15.02,,133.97,,179.38,66.95,723.16,17.51,79.59,183.47,,1371.81,182.12,27.8,1720.73,276.61,22.07,,20.77,183.46,,137.12,753.46,38.17,88.06,877.53,,360.04,75.96,397.07,427.01,237.84,309.44,,72.47,51.87,18.26,23.46,306.56,356.41,562.87,7.45,113.69,155.56,56.91,,91.93
2026-07-15 12:00:00+00:00,110.44,326.08,226.05,343.23,570.67,518.32,254.93,1649.85,457.04,271.47,1760.66,66.26,389.14,53.4,118.76,10.72,228.51,16.06,2.938,32.29,490.74,33.1,129.73,902.21,185.43,412.79,289.62,163.72,924.91,64.43,222.76,168.91,208.49,76.63,110.55,404.08,97.41,26.08,56.58,113.0,93.38,101.42,169.52,35.91,126.92,15.14,4.341,1020.0,171.97,22.36,371.98,343.59,36.95,,,114.97,46.47,282.48,215.06,100.86,25.38,38.78,295.79,349.13,219.63,20.98,27.33,739.89,1149.67,329.51,684.03,,207.18,397.68,98.12,903.38,,26.36,194.4,74.37,11.08,106.1,208.7,50.76,6.97,1263.95,131.98,,15.64,,134.59,,176.17,61.57,715.09,18.1,76.89,174.0,,1318.32,171.12,26.83,1544.41,269.33,17.5,,20.8,157.84,,135.85,753.0,39.47,88.78,800.55,,335.84,73.54,395.37,416.88,244.78,299.02,,73.78,50.64,17.3,23.46,296.75,358.63,512.98,7.46,114.31,155.6,56.08,,92.42
2026-07-15 16:00:00+00:00,109.35,327.38,224.3,350.75,579.74,529.07,255.13,1640.81,454.38,277.3,1819.58,66.37,394.38,53.44,117.73,10.65,239.44,15.82,2.968,31.64,489.44,33.36,126.88,914.53,184.22,418.79,299.38,167.29,916.54,65.68,226.87,167.27,207.02,77.2,111.74,412.61,97.18,25.28,57.42,112.86,93.6,102.52,171.83,35.94,128.93,15.38,4.298,1056.07,174.62,22.27,371.06,341.46,37.15,,,115.57,47.47,288.01,211.47,103.01,26.54,38.3,295.74,346.8,224.4,21.9,27.43,752.64,1157.12,335.75,681.38,,206.32,395.85,97.45,904.36,,26.08,199.67,73.73,11.23,104.69,212.5,50.51,7.06,1270.23,132.62,,15.65,,133.77,,178.08,60.63,717.95,17.79,76.31,176.51,,1318.81,176.32,26.92,1615.06,272.04,19.26,,20.72,165.37,,135.41,755.0,39.02,87.87,827.91,,342.86,74.45,394.4,419.76,244.05,301.09,,72.73,50.92,17.33,22.77,305.62,355.51,513.98,7.43,112.5,156.52,56.53,,92.57
2026-07-15 20:00:00+00:00,108.45,327.42,224.8,347.45,580.2,528.42,255.54,1646.19,453.43,273.23,1812.08,58.1,393.73,53.08,118.79,10.63,235.95,15.78,2.982,32.91,489.48,33.4,127.08,912.73,184.6,417.96,293.75,166.5,917.38,65.86,227.21,167.34,207.56,76.83,112.05,408.09,97.07,25.27,56.57,113.01,93.3,102.24,170.79,35.86,128.52,15.33,4.303,1057.36,173.44,22.26,372.16,341.18,37.09,,,115.6,47.34,285.7,211.86,103.24,26.71,38.39,295.99,347.0,224.62,21.36,27.44,747.13,1156.65,335.86,680.12,,204.76,397.37,97.64,896.98,,25.7,195.9,74.07,11.23,104.99,211.22,50.68,7.08,1267.15,133.1,,15.47,,133.83,,178.26,60.67,717.67,17.77,75.5,176.73,,1287.15,170.04,26.85,1581.2,270.93,18.43,,20.72,163.16,,135.9,755.0,39.05,87.86,810.01,,342.76,74.3,394.74,423.64,244.03,300.89,,72.82,50.95,17.36,22.88,304.3,355.6,504.72,7.44,112.93,156.8,56.52,,92.9
2026-07-16 00:00:00+00:00,109.4,327.81,224.81,349.49,581.87,530.13,256.14,1640.05,454.43,272.19,1810.87,59.96,394.86,53.4,121.01,10.58,237.07,15.84,2.981,32.88,490.05,33.35,127.99,912.66,184.58,417.21,292.5,166.89,918.02,65.63,228.88,167.61,207.86,77.17,112.32,408.74,97.2,25.28,56.04,112.9,93.13,103.15,169.65,35.68,128.46,15.46,4.203,1055.23,173.18,22.31,372.81,342.64,37.15,,,115.6,47.15,284.39,212.2,104.76,27.35,38.52,296.33,347.09,223.52,21.02,27.18,750.2,1158.89,335.45,680.65,,206.69,397.8,97.69,900.17,,26.14,198.26,74.1,11.22,104.77,211.7,50.77,7.07,1258.45,133.35,,15.6,,133.83,,178.87,60.73,719.09,17.9,76.31,174.35,,1254.35,170.22,26.91,1589.54,270.77,18.65,,21.0,164.89,,135.98,755.87,38.89,87.81,814.72,,341.92,74.6,395.28,423.05,245.14,300.98,,72.88,50.98,17.31,22.87,303.77,356.0,502.2,7.44,113.13,156.04,56.49,,93.3
2026-07-16 04:00:00+00:00,107.49,327.34,225.97,341.85,578.29,518.84,255.69,1639.1,453.76,269.0,1801.56,59.03,391.21,52.74,119.32,10.58,231.67,15.63,2.939,32.49,489.86,32.96,127.82,908.27,181.55,415.94,289.5,165.12,918.23,64.53,221.97,168.25,206.79,76.12,111.22,403.94,97.16,25.27,55.1,112.59,92.12,101.53,168.15,35.67,128.6,15.23,4.278,1052.01,169.56,22.34,372.31,342.14,36.92,,,114.34,47.07,285.35,212.12,101.59,25.85,38.06,294.82,347.77,223.64,20.38,26.39,734.89,1157.57,334.05,680.03,,203.07,398.62,96.34,889.3,,25.21,195.05,73.98,11.0,105.8,210.64,51.34,7.02,1263.15,132.46,,15.57,,134.5,,175.62,60.41,714.84,17.92,75.14,170.23,,1238.44,166.54,26.66,1549.2,271.49,17.69,,20.97,157.74,,135.8,753.71,39.57,87.83,806.23,,340.31,73.34,393.87,410.7,244.46,298.16,,72.81,50.78,17.24,23.1,302.49,355.0,494.7,7.44,112.79,156.47,56.37,,92.58
2026-07-16 08:00:00+00:00,104.56,328.32,228.14,334.48,558.36,512.01,256.7,1643.15,452.69,264.93,1784.98,58.55,386.3,51.17,119.17,10.5,229.46,15.54,2.924,32.85,489.55,32.69,126.46,885.57,179.18,401.83,286.67,164.26,920.52,64.35,218.2,169.14,208.2,75.59,110.65,400.28,97.23,25.29,53.93,112.8,92.09,100.75,166.48,35.72,126.53,15.01,4.247,1032.87,166.7,22.23,374.71,341.26,36.76,,,114.09,46.34,284.24,211.93,100.01,24.98,37.36,294.49,347.26,217.03,19.76,26.29,728.94,1164.38,322.87,683.07,,198.2,400.65,96.04,862.37,28.22,24.0,191.88,74.42,10.71,106.41,209.3,50.93,6.88,1268.26,133.46,,15.35,,134.71,,174.36,59.51,711.97,17.74,73.97,169.9,,1231.05,163.76,26.34,1494.33,273.7,16.37,,21.01,148.29,50.54,135.13,753.16,40.0,87.89,776.75,,326.7,72.53,393.04,399.77,244.93,293.42,40.34,73.23,50.72,17.12,23.16,294.53,356.34,473.04,7.44,113.35,155.73,56.36,,93.41
2026-07-16 12:00:00+00:00,101.14,331.84,227.83,320.49,570.68,506.93,256.47,1638.9,443.29,256.9,1819.89,55.47,382.5,46.7,118.63,9.62,214.33,15.67,2.923,29.86,488.39,33.46,127.67,887.03,177.08,395.33,278.98,164.78,935.8,62.41,208.59,170.76,206.49,72.91,108.36,400.66,98.57,24.79,53.03,111.66,92.36,100.58,166.18,35.63,122.28,14.47,4.201,1032.56,157.97,22.45,371.51,347.6,34.6,,,110.72,45.65,282.09,213.27,98.23,24.0,35.27,296.5,345.4,220.88,19.71,26.16,702.71,1181.53,323.55,674.47,,190.69,400.65,94.86,854.65,27.65,22.13,177.97,73.76,10.45,103.1,207.73,51.52,6.61,1273.25,126.61,,15.53,,133.65,,172.86,57.3,710.71,17.04,67.41,168.52,,1218.31,161.61,25.26,1448.89,274.3,15.27,,21.25,145.6,51.0,134.48,753.93,40.22,86.63,759.75,,326.81,72.17,392.7,408.5,242.79,291.1,39.55,73.52,49.29,16.04,23.16,293.75,361.33,470.44,7.6,114.52,153.55,57.09,,93.11
2026-07-16 16:00:00+00:00,100.42,333.28,235.2,320.15,561.73,501.2,249.98,1636.26,436.14,262.16,1786.38,55.11,374.91,45.54,117.55,9.14,206.43,15.47,2.973,29.21,492.94,32.16,128.7,878.12,180.47,389.46,277.5,160.65,944.57,60.75,208.36,172.66,203.96,72.99,109.65,391.56,99.7,24.87,52.43,110.94,91.97,100.15,163.46,35.3,121.33,14.42,4.249,1036.66,158.67,21.94,354.43,347.76,33.67,,,106.15,45.21,279.85,219.17,97.09,23.41,34.85,295.49,343.08,219.35,18.66,26.14,706.85,1171.02,320.85,663.96,,188.58,401.28,94.11,854.49,27.73,21.58,171.94,74.57,10.4,104.1,207.47,51.42,6.65,1263.96,124.36,,15.45,,134.56,,170.84,56.77,706.39,17.08,67.4,164.98,,1190.7,153.08,24.69,1413.41,269.55,14.42,,21.37,142.7,51.93,131.22,751.02,40.87,85.63,745.29,,322.93,70.79,391.15,410.27,240.26,291.43,40.0,74.03,48.8,15.91,23.64,294.7,364.45,466.68,7.82,114.97,152.0,57.07,,92.99
2026-07-16 20:00:00+00:00,98.36,334.76,233.56,315.1,557.73,494.51,251.2,1628.48,434.54,257.65,1768.29,54.16,374.54,45.27,117.51,9.08,205.04,15.31,2.934,29.51,493.26,32.42,128.83,876.84,178.32,382.44,271.96,159.79,942.94,60.57,204.56,171.82,204.28,71.62,110.18,384.76,99.21,24.85,51.45,110.28,91.64,100.18,162.22,35.29,120.58,14.3,4.21,1028.62,155.79,21.96,357.83,347.28,33.41,,,104.7,45.11,277.86,216.26,95.28,22.43,34.58,295.45,342.8,217.64,18.29,26.47,695.09,1171.68,320.05,666.15,,185.66,400.69,92.9,833.16,26.22,20.89,167.49,67.71,10.22,103.03,205.99,51.49,6.57,1260.7,123.78,,15.42,,132.74,,169.83,55.93,703.62,17.0,66.23,164.11,,1188.03,153.13,24.66,1368.7,267.37,13.52,,21.28,138.73,53.2,126.87,749.37,41.42,85.78,728.99,,321.09,69.94,388.76,406.4,240.53,289.95,40.05,73.86,49.01,15.94,24.08,291.83,364.49,456.55,7.77,115.47,152.03,57.06,,92.65
2026-07-17 00:00:00+00:00,96.59,334.97,231.72,311.61,551.87,490.19,248.1,1616.62,434.07,255.83,1759.13,53.78,371.35,44.27,115.22,9.02,202.63,15.21,2.923,29.08,492.58,31.85,127.78,876.41,178.72,380.17,269.74,158.68,944.36,59.83,204.31,170.69,203.14,71.18,109.65,381.49,98.72,24.83,50.58,109.88,89.59,98.22,160.34,34.95,120.15,14.18,4.231,1029.97,152.94,21.93,352.63,348.92,33.2,,,104.46,44.69,271.03,214.16,93.9,21.96,34.17,294.39,341.08,217.34,17.52,25.32,691.99,1168.37,315.17,657.91,28.37,183.13,395.87,92.31,834.18,26.42,20.3,167.02,67.84,9.99,101.7,203.7,51.29,6.53,1235.32,122.74,,15.35,,131.44,,168.8,56.34,699.47,16.98,65.8,159.59,,1181.37,154.53,24.37,1374.86,270.67,13.67,,21.53,134.78,54.4,126.28,746.15,42.11,85.71,725.3,,316.93,68.67,387.43,403.5,240.02,289.99,40.59,73.57,48.82,15.75,24.61,290.11,364.13,449.09,7.76,115.74,150.89,57.0,155.32,92.06
2026-07-17 04:00:00+00:00,94.2,336.06,233.44,301.52,533.4,477.44,246.32,1602.64,429.35,249.31,1750.24,53.33,365.63,43.73,114.45,8.83,197.6,14.98,2.905,29.45,494.38,31.4,127.88,858.17,174.51,374.21,261.85,156.42,952.66,59.32,195.95,171.08,200.23,69.94,109.19,374.36,99.02,24.7,49.04,110.07,89.4,95.25,157.13,35.18,117.28,13.95,4.195,1012.6,149.36,21.82,350.49,348.38,33.08,,,102.64,44.25,264.02,214.06,92.54,21.17,33.69,293.66,342.03,209.87,16.46,24.49,672.35,1172.63,307.05,654.68,27.4,178.26,396.27,90.74,807.73,24.72,19.16,162.75,67.9,9.94,102.76,201.07,51.12,6.45,1215.91,121.89,,15.16,,131.84,,164.9,55.92,694.07,16.85,65.31,156.48,,1146.12,148.39,24.0,1319.53,266.17,12.57,,21.41,125.06,58.47,125.06,744.93,43.13,85.55,703.0,,307.91,67.04,384.46,395.67,238.84,285.23,40.77,73.36,47.98,15.71,24.87,284.6,364.78,436.79,7.79,116.54,149.95,57.2,140.43,91.78
2026-07-17 08:00:00+00:00,97.06,333.13,231.67,307.31,538.51,485.97,246.65,1620.05,428.55,253.99,1762.96,54.82,367.96,44.14,115.32,9.03,202.77,15.11,2.955,29.27,495.01,31.72,128.04,853.9,175.13,378.48,266.86,155.96,952.95,59.67,199.05,168.93,201.43,71.24,108.84,378.39,99.33,24.81,50.72,110.87,89.85,95.76,159.33,35.05,118.3,14.05,4.17,1018.15,153.41,21.83,349.48,348.28,33.09,,,103.0,44.25,270.39,215.33,93.87,21.93,34.22,294.06,342.98,212.8,17.21,24.47,687.05,1174.75,309.78,654.51,28.06,183.32,394.21,92.18,835.39,26.41,20.37,168.36,66.16,10.1,101.73,202.62,50.7,6.56,1238.53,122.05,,15.13,,131.35,,166.72,55.51,695.29,16.93,66.73,160.79,,1167.44,154.81,24.28,1393.67,262.68,14.07,,21.36,129.48,56.9,125.68,745.63,42.87,85.69,724.9,,312.2,67.39,384.66,397.2,239.52,284.37,40.59,73.89,48.21,15.75,24.89,282.71,363.04,451.17,7.85,116.48,151.93,57.82,146.39,91.26
2026-07-17 12:00:00+00:00,103.66,332.31,233.97,305.92,546.98,500.31,248.82,1619.2,420.05,266.01,1779.88,60.09,372.79,47.23,115.58,9.01,219.25,15.13,2.95,28.01,495.76,32.57,127.2,885.71,170.46,385.71,282.25,156.98,941.64,60.19,199.67,170.39,204.82,74.3,112.16,396.44,97.99,24.4,54.63,110.36,90.49,97.26,167.52,35.41,119.81,14.26,4.065,1059.95,157.22,21.92,347.85,345.03,32.67,,,102.24,46.05,278.32,211.9,95.5,22.59,34.0,294.26,345.0,216.2,19.93,24.86,735.77,1180.61,319.81,633.13,28.19,189.51,392.86,94.44,883.84,29.52,21.71,181.94,68.91,10.19,103.15,205.22,50.57,6.56,1215.28,126.93,,15.56,,131.61,,169.37,57.76,700.16,17.02,69.54,174.27,,1212.18,164.05,24.4,1481.62,265.97,15.88,,21.35,139.26,53.34,124.6,747.08,42.09,85.78,768.03,,322.2,68.79,382.66,402.5,237.88,286.08,40.53,72.37,48.47,15.85,24.79,295.0,358.77,475.48,7.93,115.32,154.42,57.4,146.59,90.14
2026-07-17 16:00:00+00:00,102.43,333.69,237.37,303.22,529.36,495.66,247.44,1619.7,423.83,267.28,1749.44,57.84,371.04,45.95,115.17,8.99,214.67,15.68,2.921,29.29,491.75,32.47,126.69,876.42,172.62,374.29,278.06,157.19,940.86,60.56,202.68,171.0,203.49,73.31,111.99,396.66,97.76,24.99,52.69,112.18,90.56,97.4,162.42,35.24,119.58,14.09,4.041,1057.87,154.79,21.95,346.85,339.24,32.94,,,100.04,45.84,272.76,212.78,95.06,22.36,33.63,294.01,341.4,212.13,18.29,24.85,733.06,1179.45,313.54,645.92,28.3,188.76,394.21,94.88,849.98,27.32,21.54,178.16,68.95,10.14,103.29,202.8,50.31,6.53,1208.5,126.46,,15.66,,132.39,,171.9,56.12,695.86,17.43,67.66,170.0,,1164.9,154.16,24.21,1356.5,268.86,13.23,,21.2,135.35,54.78,123.92,743.51,42.8,85.49,785.71,,322.65,67.58,381.14,398.38,237.01,284.02,40.58,72.53,48.34,15.66,25.35,289.25,358.65,477.05,7.75,114.3,154.5,57.75,149.12,91.23
2026-07-17 20:00:00+00:00,101.74,333.66,236.94,303.5,522.48,492.28,246.95,1615.77,424.25,266.35,1743.63,58.48,370.15,45.52,115.12,8.94,215.96,15.68,2.918,28.93,492.05,32.31,126.7,875.67,171.9,372.0,277.11,157.17,940.0,60.33,201.25,170.82,202.96,73.32,111.63,396.25,97.64,24.92,52.15,112.35,90.63,97.72,161.64,35.28,118.93,14.12,4.064,1054.0,153.99,21.93,346.52,339.55,32.79,,,99.8,45.9,272.52,212.46,94.05,21.95,33.76,293.61,341.66,211.72,17.89,24.79,727.73,1174.73,311.44,640.28,28.16,186.93,394.28,95.02,844.57,26.93,21.16,178.06,69.18,10.12,103.23,202.6,50.26,6.47,1204.0,126.56,,15.63,,131.67,,171.82,56.63,694.42,17.42,68.25,168.78,,1156.65,153.75,24.18,1351.7,268.37,12.86,,21.08,134.08,54.88,124.23,742.73,43.0,85.5,785.33,,321.11,67.15,380.41,398.16,237.0,283.5,40.67,72.49,48.81,15.75,25.39,288.21,358.51,475.64,7.77,114.32,154.26,57.92,147.46,90.39
2026-07-18 00:00:00+00:00,102.73,332.78,238.58,306.17,522.22,493.21,247.11,1613.25,423.4,267.33,1737.18,58.24,370.69,45.62,115.56,8.93,212.98,15.68,2.905,28.67,493.23,32.39,125.9,873.4,171.54,372.15,276.21,157.16,940.8,60.69,200.62,170.69,200.69,73.49,111.87,396.13,97.43,24.78,52.56,112.6,90.94,98.25,164.44,35.49,119.04,14.17,4.386,1053.98,153.51,22.02,346.94,338.16,33.01,,,99.85,46.03,271.19,212.26,93.98,21.99,33.7,295.02,341.36,211.6,18.92,24.76,729.97,1178.24,312.09,638.87,28.35,185.99,393.79,95.25,846.98,27.12,21.01,178.61,69.03,10.25,104.29,202.71,50.31,6.46,1205.03,126.56,,15.65,,131.64,,171.11,56.23,695.57,17.46,68.2,170.12,,1164.14,154.49,24.23,1359.59,266.5,13.01,,21.03,135.13,54.59,125.07,743.34,42.9,85.53,779.73,,321.49,67.54,382.13,400.82,238.06,283.63,40.17,72.51,48.66,15.76,25.14,287.26,359.8,475.74,7.71,114.25,154.53,58.15,146.51,90.95
2026-07-18 04:00:00+00:00,101.05,333.24,238.01,305.17,522.68,493.17,247.36,1610.36,425.97,266.79,1734.75,58.12,369.81,45.67,115.63,8.91,211.47,15.65,2.9,29.49,493.14,32.34,126.96,869.46,172.52,372.08,276.14,157.39,942.48,60.8,199.54,170.69,198.39,73.4,111.66,394.53,97.16,24.73,52.46,112.55,90.9,98.67,163.73,35.33,118.96,14.19,4.463,1053.9,152.05,22.05,346.54,338.97,32.9,,,99.67,45.13,271.08,211.99,93.99,21.9,33.7,294.87,343.64,211.72,18.57,24.86,728.54,1175.16,311.22,640.52,28.33,185.15,394.22,94.93,845.7,27.03,20.82,176.29,68.97,10.3,104.56,202.47,50.35,6.45,1183.01,126.35,,15.69,,131.86,,170.7,55.92,695.15,17.44,67.9,169.22,,1161.58,153.82,24.1,1352.85,266.15,12.61,,20.94,133.7,54.77,125.31,743.73,43.02,85.55,779.77,,322.71,67.41,381.22,400.47,236.78,282.7,40.49,72.64,48.38,15.74,25.21,287.44,358.27,476.91,7.7,114.12,157.21,58.22,146.76,91.58
2026-07-18 08:00:00+00:00,100.3,333.17,237.98,306.09,521.03,491.54,247.35,1609.45,426.26,266.48,1735.31,58.1,369.12,45.65,115.75,8.93,212.39,15.7,2.88,29.23,491.68,32.11,125.22,867.8,172.32,370.94,275.6,157.62,942.48,60.65,198.62,170.66,197.47,73.64,111.63,395.23,96.77,24.74,52.29,112.49,90.99,97.28,162.68,35.21,118.76,14.2,4.728,1047.35,151.19,22.06,346.91,339.05,32.84,,,99.58,45.04,271.57,211.6,93.78,21.87,33.51,296.67,343.2,211.95,18.26,24.88,725.19,1177.51,310.9,636.73,28.23,184.72,394.09,95.12,842.51,26.87,20.71,177.08,69.04,10.26,104.45,202.3,50.25,6.43,1183.38,126.29,,15.68,,131.83,,171.35,55.3,695.04,17.49,67.62,167.53,,1161.13,153.75,24.13,1346.89,266.34,12.67,,20.91,132.55,55.26,126.31,743.53,43.14,85.53,778.62,,321.89,67.11,381.83,398.94,235.98,282.02,39.65,72.72,48.47,15.73,25.26,288.19,357.8,475.43,7.69,114.21,157.47,58.21,145.55,91.99
2026-07-18 12:00:00+00:00,98.66,332.6,237.42,305.47,522.04,490.97,247.74,1609.0,425.64,264.84,1734.81,57.89,369.1,44.95,115.85,8.86,213.31,15.7,2.847,29.17,492.73,32.08,125.33,870.43,170.52,371.17,274.36,157.19,942.91,60.54,198.35,170.55,197.05,73.51,111.62,393.02,96.05,24.79,51.98,112.8,91.11,96.38,162.24,35.23,118.91,14.15,4.113,1045.69,150.98,22.08,347.04,337.54,32.39,,,99.56,45.13,271.12,210.55,93.66,21.85,33.44,295.91,344.2,210.85,18.2,24.88,724.55,1180.2,310.31,638.02,28.3,184.32,395.97,95.24,840.48,26.74,20.59,173.59,69.17,10.18,103.86,202.31,50.05,6.43,1178.19,126.53,,15.55,,131.77,,171.37,55.05,694.86,17.6,68.29,166.22,,1150.58,152.15,24.1,1343.19,268.03,12.6,,20.94,132.81,55.29,126.2,743.24,43.11,85.45,775.78,,322.6,67.04,382.03,397.89,236.22,281.48,39.66,72.56,48.61,15.72,25.44,287.66,358.11,474.19,7.66,114.41,155.92,58.06,145.35,90.99
2026-07-18 16:00:00+00:00,98.51,332.85,237.28,306.17,520.21,490.93,247.54,1599.81,427.02,264.99,1733.59,57.54,369.13,44.76,115.72,8.82,211.37,15.86,2.847,30.22,491.67,32.15,124.79,867.69,169.09,371.42,274.57,157.9,937.48,60.4,197.63,170.18,197.29,74.29,111.57,393.21,95.55,24.65,51.72,113.31,91.44,95.97,161.55,35.2,119.1,14.13,4.152,1056.03,150.13,22.01,346.86,337.3,32.21,,,99.63,44.91,271.38,210.42,93.34,21.8,33.45,295.99,343.44,210.1,17.97,25.39,715.7,1180.25,309.04,640.28,28.25,184.59,396.32,95.92,838.07,26.6,20.69,172.58,69.15,10.2,103.89,202.21,50.13,6.43,1179.07,126.14,,15.53,,132.02,,171.46,54.99,694.29,17.63,68.57,165.46,,1149.35,152.7,24.12,1345.14,268.3,12.71,,20.88,131.14,55.6,127.91,742.77,43.3,85.26,775.84,,321.79,66.94,381.78,397.74,236.72,280.8,39.91,72.65,48.54,15.69,25.67,287.81,359.14,473.69,7.63,114.25,155.38,58.12,146.04,90.23
2026-07-18 20:00:00+00:00,98.92,334.11,237.26,305.65,517.99,490.52,247.47,1575.68,427.4,265.14,1734.49,57.69,369.41,44.73,115.8,8.67,210.05,15.89,2.846,29.84,491.38,32.15,124.06,866.16,168.59,371.57,274.61,158.42,942.91,60.66,198.27,170.02,197.45,74.16,111.59,393.56,95.58,24.47,51.85,112.66,90.7,96.08,162.15,36.11,119.14,14.2,4.222,1055.79,150.52,22.08,345.88,337.63,32.36,,,99.71,45.0,272.01,210.75,92.81,21.75,33.54,296.11,343.79,210.65,18.15,25.08,710.43,1180.59,311.18,639.66,28.53,184.57,396.04,95.95,839.23,26.68,20.79,171.63,69.17,10.22,103.87,202.33,50.17,6.42,1182.71,125.99,,15.58,,132.11,,171.56,54.99,693.97,17.45,68.43,165.58,,1154.84,152.57,24.16,1344.79,265.55,12.81,,20.89,133.5,55.09,127.98,743.06,43.4,85.34,775.89,,322.87,66.86,381.63,399.32,236.5,279.39,39.83,72.6,48.58,15.74,25.61,287.53,360.16,474.32,7.65,114.12,155.8,58.21,145.25,90.26
2026-07-19 00:00:00+00:00,101.55,333.48,238.56,306.75,521.46,490.31,247.42,1557.35,426.7,265.93,1735.11,57.63,369.89,44.85,116.02,8.64,213.24,15.85,2.836,29.81,491.43,32.11,124.2,867.17,170.74,372.55,275.01,158.6,936.47,60.75,198.07,170.43,196.67,72.38,111.52,394.45,95.59,24.58,52.36,112.61,90.5,97.09,162.64,36.01,119.66,14.23,4.143,1057.41,155.71,22.08,346.34,337.13,32.33,,,99.82,45.11,272.11,210.35,93.28,21.64,33.72,297.44,343.9,211.26,18.37,25.45,709.76,1179.46,312.03,640.9,28.44,186.84,396.59,95.96,844.66,27.03,21.15,171.26,69.24,10.34,103.83,202.11,50.17,6.44,1175.0,126.09,,15.55,,131.98,,171.49,55.38,694.92,17.55,68.54,167.1,,1167.52,153.8,24.11,1354.57,269.49,12.82,,20.87,134.7,54.92,128.42,743.06,42.98,85.25,777.4,,323.43,67.38,381.96,401.16,236.27,279.66,39.2,72.63,48.48,15.8,25.38,288.27,359.15,476.14,7.69,113.91,154.85,57.97,145.47,90.31
2026-07-19 04:00:00+00:00,101.59,333.54,236.84,308.34,519.19,491.06,247.4,1565.18,424.8,266.37,1737.3,57.99,369.68,45.08,116.65,8.57,214.09,15.84,2.871,29.8,491.77,32.23,124.98,868.09,172.51,372.88,275.23,158.46,936.55,60.91,197.94,170.67,196.77,72.81,111.47,394.59,95.56,24.56,52.83,112.48,90.16,97.06,163.47,36.07,119.66,14.28,4.091,1058.78,158.32,22.09,347.53,336.65,32.31,,,99.96,45.19,274.02,210.4,93.84,21.89,33.65,297.0,344.53,212.88,18.57,25.09,717.98,1178.38,311.47,640.56,28.34,188.32,397.83,96.11,846.62,27.08,21.51,171.3,69.24,10.33,103.87,201.94,50.24,6.47,1182.6,126.51,,15.56,,131.93,,172.34,55.03,695.8,17.52,68.74,168.96,,1186.28,155.2,24.13,1366.48,269.36,13.08,,20.85,134.94,54.69,129.12,743.33,43.03,85.4,774.77,,323.96,67.35,382.51,400.93,236.28,279.88,39.6,72.66,48.42,15.82,25.38,287.76,357.73,478.06,7.69,113.85,154.54,58.33,145.88,90.97
2026-07-19 08:00:00+00:00,100.75,333.22,237.07,304.27,519.0,489.23,247.18,1558.48,423.79,265.56,1733.07,57.88,369.0,44.22,118.78,8.64,211.0,15.84,2.851,29.62,492.74,32.45,125.74,868.96,172.58,374.19,275.93,158.58,937.45,60.73,198.36,170.64,199.86,72.88,111.47,392.01,96.47,24.43,52.69,112.39,89.83,97.69,163.84,35.83,120.04,14.22,4.048,1061.6,158.39,22.16,347.04,336.01,32.39,,,99.77,45.05,276.38,213.5,94.11,21.94,33.54,295.81,345.29,211.06,18.71,25.41,721.6,1176.45,309.74,642.72,28.28,188.72,397.1,95.75,847.41,27.18,21.61,174.1,69.22,10.21,103.67,202.65,50.35,6.47,1187.42,126.94,,15.62,,131.95,,170.99,55.57,694.72,17.55,68.31,168.02,,1182.19,153.91,24.07,1359.87,268.99,12.96,,20.85,132.25,55.22,127.46,743.87,43.24,85.83,776.76,,322.96,67.19,381.53,400.24,236.56,281.34,39.78,72.53,48.44,15.85,25.58,285.87,358.47,476.71,7.69,113.87,154.69,58.25,144.74,91.16
2026-07-19 12:00:00+00:00,101.05,333.71,236.7,302.01,519.5,489.15,247.11,1557.97,418.02,264.59,1734.19,57.78,369.05,44.42,119.31,8.67,215.86,16.0,2.879,29.58,491.26,32.4,124.06,865.52,169.23,371.05,274.6,158.33,936.2,60.97,197.09,170.95,200.06,72.4,111.5,392.27,95.51,24.36,52.87,112.61,89.75,98.28,163.02,35.83,118.09,14.29,4.094,1056.86,159.55,22.02,347.95,335.2,32.35,,,99.49,44.55,282.03,214.6,93.77,22.11,33.4,295.14,345.29,210.66,18.45,25.95,728.7,1177.41,309.72,640.52,28.28,187.15,396.31,95.37,850.17,27.29,21.28,174.89,69.15,10.19,103.14,203.03,50.21,6.45,1204.2,127.05,,15.56,,131.87,,170.4,56.4,694.42,17.5,67.94,167.62,,1183.2,154.12,24.01,1356.42,268.16,13.05,,20.82,131.18,55.79,127.55,743.22,43.17,85.5,775.47,,321.22,67.01,382.06,399.45,236.46,280.71,40.23,72.49,48.35,15.85,25.56,285.16,357.15,476.99,7.74,113.99,154.01,58.27,143.86,91.44
2026-07-19 16:00:00+00:00,103.39,333.59,236.63,299.96,521.68,492.39,247.44,1551.9,424.01,264.77,1729.7,57.73,369.74,44.43,122.26,8.66,217.81,15.89,2.861,28.61,490.51,32.5,124.21,869.02,169.52,369.59,276.65,158.08,936.07,61.1,197.33,171.29,198.15,73.01,111.43,390.8,95.55,24.26,53.0,112.59,89.72,98.79,163.43,35.93,118.19,14.34,4.131,1059.57,158.58,21.96,347.42,334.85,32.35,,,99.5,44.56,279.16,214.97,93.74,22.11,33.41,293.21,345.59,210.09,18.6,26.32,732.78,1177.78,310.52,637.85,28.55,187.02,396.37,94.67,855.28,27.57,21.13,176.59,69.07,10.25,103.25,202.97,50.32,6.44,1187.78,126.86,,15.56,,131.92,,171.5,56.61,694.62,17.29,67.83,167.95,,1193.6,154.21,24.03,1367.04,267.99,13.17,,20.81,130.15,56.4,128.1,742.63,43.08,85.12,776.04,,320.34,67.22,381.72,400.41,236.21,281.07,41.1,72.49,48.24,15.84,25.48,284.93,358.8,480.6,7.69,114.5,153.84,58.24,144.21,92.09
2026-07-19 20:00:00+00:00,103.54,334.65,236.4,303.76,523.68,495.14,247.67,1547.77,427.21,267.44,1741.72,58.15,372.53,45.51,119.5,8.79,219.46,15.91,2.856,28.91,491.56,32.58,125.09,866.05,171.23,370.34,277.49,159.86,934.54,61.6,198.07,171.23,199.25,74.2,111.43,393.31,95.61,24.45,52.46,112.83,90.39,96.64,162.75,35.72,118.32,14.49,4.175,1060.75,158.01,22.03,349.33,334.31,32.47,,,100.53,45.22,274.08,215.15,94.88,22.45,33.73,290.48,345.95,212.45,18.54,25.67,739.64,1177.67,312.25,643.67,29.26,189.76,397.69,95.85,861.4,28.0,21.82,180.06,69.3,10.26,104.44,204.23,50.25,6.48,1178.5,127.15,,15.56,,132.07,,171.57,56.81,698.31,17.26,67.95,163.35,,1174.78,153.36,23.93,1376.25,269.98,13.25,,20.77,134.84,54.43,127.62,744.39,42.43,85.25,782.19,,323.32,68.25,384.48,400.87,236.92,282.84,41.57,72.66,48.21,15.91,25.39,285.8,359.02,480.25,7.7,114.41,154.25,58.02,145.25,92.57
2026-07-20 00:00:00+00:00,103.73,334.41,238.25,306.75,535.34,503.5,247.55,1515.47,423.66,268.87,1771.61,58.27,375.09,46.11,120.79,8.94,214.17,15.95,2.889,29.34,491.97,32.67,125.91,874.2,173.36,375.55,280.91,158.81,939.55,61.05,204.84,170.96,203.86,74.35,111.63,397.6,97.47,25.02,52.98,112.33,90.52,95.67,162.46,35.34,120.62,14.16,4.198,1057.53,156.86,21.91,348.59,342.21,32.95,,,100.64,45.84,268.85,212.54,96.24,23.0,34.2,293.97,340.09,215.8,18.18,24.87,730.99,1182.54,317.73,644.45,26.27,190.32,394.75,95.88,863.26,28.25,21.92,181.29,68.97,10.18,103.09,203.65,50.2,6.55,1164.51,127.28,,15.52,,131.71,,174.33,57.43,699.04,17.41,68.36,165.05,,1209.26,157.43,24.4,1360.56,269.38,13.34,,21.0,139.23,53.03,125.71,744.59,42.26,85.94,799.33,,327.52,68.5,382.03,402.29,237.43,286.8,40.66,72.63,48.3,15.74,24.99,290.72,358.84,485.13,7.76,114.43,154.0,58.21,124.69,91.97
2026-07-20 04:00:00+00:00,103.5,333.22,238.27,306.72,535.49,501.4,248.17,1396.72,425.86,268.75,1777.11,58.79,374.28,46.19,119.27,8.86,215.12,15.8,2.924,29.52,492.23,32.59,127.3,877.96,176.13,376.87,281.68,158.12,940.4,60.64,205.61,170.84,203.47,74.61,112.0,397.37,97.55,24.9,52.98,112.73,90.64,95.66,162.48,35.17,119.24,14.12,4.162,1064.9,156.78,21.92,348.46,341.84,32.79,,,100.48,46.22,268.82,212.95,96.1,22.88,34.28,295.18,341.03,214.59,18.2,24.63,750.91,1183.15,316.43,644.87,24.8,190.6,394.91,95.08,867.66,28.51,21.96,181.4,68.94,10.27,103.3,203.81,50.63,6.56,1119.82,127.7,,15.42,,132.01,,172.51,57.0,699.25,17.36,68.72,165.88,,1206.45,158.2,24.35,1374.35,268.76,13.59,,20.99,138.52,53.3,126.03,745.54,42.19,85.87,799.26,,326.31,68.58,382.04,402.8,237.38,287.36,40.31,72.74,48.55,15.74,24.49,290.8,358.4,484.19,7.78,114.28,153.4,58.14,113.28,91.54
2026-07-20 08:00:00+00:00,106.77,331.85,234.87,314.78,546.29,514.45,248.3,1399.22,425.38,274.25,1780.56,59.72,377.19,47.38,119.07,9.05,215.74,16.09,2.92,29.47,491.79,33.13,127.34,891.72,176.91,384.63,288.35,160.03,938.31,61.59,213.23,168.87,202.8,76.26,112.72,402.9,97.91,25.01,54.76,112.93,91.15,97.0,166.27,35.45,122.48,14.37,4.125,1082.35,159.84,21.95,349.06,340.88,33.41,,,102.54,46.66,274.37,212.11,98.31,23.99,36.82,295.81,341.97,219.98,19.48,24.88,762.64,1180.18,324.66,648.51,25.37,195.4,391.46,96.67,895.65,30.24,23.05,186.03,68.89,10.38,101.53,205.89,50.79,6.74,1092.88,126.27,,15.47,,131.01,,175.41,58.09,703.45,17.63,70.12,171.31,,1243.47,163.45,24.78,1423.09,268.93,14.54,,21.46,146.31,50.2,125.94,747.46,41.42,85.92,821.24,,334.24,69.74,385.83,409.2,237.13,291.98,39.86,72.67,48.94,16.19,24.03,298.89,358.89,500.69,7.79,113.61,155.21,57.47,114.32,90.95
2026-07-20 12:00:00+00:00,104.74,326.25,231.61,317.59,534.33,514.46,251.92,1392.23,428.89,272.78,1741.68,57.77,382.32,49.3,121.24,8.85,204.68,16.72,2.893,27.35,491.06,33.14,124.1,867.6,174.84,387.15,294.9,162.44,938.71,65.16,219.52,171.12,203.8,75.19,112.09,387.96,96.71,24.85,54.38,114.06,91.06,96.69,165.61,35.71,121.09,14.16,4.179,1059.84,155.71,21.83,356.82,333.63,33.22,,,101.33,45.84,271.72,211.6,98.69,23.89,39.81,293.81,340.18,211.28,19.3,24.77,790.05,1166.38,310.97,647.6,25.86,200.98,399.25,99.34,893.41,30.04,24.24,185.59,67.71,10.16,102.3,205.98,50.07,6.84,1066.87,122.0,,15.1,,133.86,,173.57,57.94,702.94,17.52,67.04,171.06,,1227.36,158.24,24.25,1431.23,274.76,14.7,,21.16,144.52,50.93,123.48,746.76,41.54,88.01,812.88,,340.52,69.58,374.36,404.91,241.96,290.3,40.79,72.89,48.31,15.04,23.98,295.34,362.41,500.73,7.78,113.02,152.98,58.26,114.4,91.07
2026-07-20 16:00:00+00:00,103.06,326.69,234.9,308.88,526.24,503.77,250.32,1398.33,424.63,270.05,1740.74,57.47,378.46,48.97,120.42,8.84,197.31,16.63,2.924,27.17,491.35,33.44,123.52,862.66,176.87,379.55,285.75,160.59,936.62,65.45,212.44,173.93,198.6,73.1,110.94,381.85,96.28,24.33,53.09,114.21,90.52,96.07,162.8,35.53,120.09,14.3,4.159,1078.97,153.3,21.76,352.39,332.92,32.73,,,99.4,44.58,271.62,213.24,97.12,23.24,40.29,292.41,338.94,207.0,18.41,24.57,765.6,1147.6,307.59,645.99,25.87,195.11,402.82,97.87,866.53,28.34,22.95,182.87,67.66,10.11,104.78,203.38,49.69,6.88,1063.59,121.48,,15.04,,134.89,,170.33,57.32,696.54,17.27,65.8,168.66,,1196.79,151.37,23.86,1391.68,275.13,13.89,,21.18,136.87,53.97,119.94,742.8,42.72,87.23,801.32,,333.83,67.71,370.05,402.97,239.22,284.17,41.27,72.28,48.35,15.26,24.71,291.43,361.2,487.43,7.86,112.31,151.27,58.02,115.57,90.92
2026-07-20 20:00:00+00:00,103.28,326.02,233.99,310.13,524.43,505.33,249.6,1389.3,423.86,269.59,1740.43,57.72,379.68,48.82,120.95,8.78,199.49,16.66,2.875,27.24,491.27,33.62,123.23,862.66,177.09,378.48,286.62,161.12,935.74,66.36,212.71,173.66,198.79,74.24,110.77,383.48,96.54,24.3,53.25,113.94,90.59,96.15,162.82,35.61,119.9,14.3,4.157,1079.14,153.7,21.72,353.64,332.97,32.68,,,99.34,44.61,268.93,213.7,97.64,23.53,41.08,292.55,338.84,206.93,18.38,24.63,772.24,1147.61,305.54,643.39,25.89,194.92,401.27,98.26,872.99,28.8,22.9,189.29,67.62,10.11,104.55,203.1,49.54,6.96,1061.85,121.83,,15.02,,134.4,,171.02,57.65,696.21,17.25,66.1,167.98,,1202.28,153.79,23.93,1408.0,273.44,14.24,,21.17,137.01,53.9,120.46,742.55,42.71,87.71,804.24,,334.12,67.68,370.85,403.95,239.55,284.25,41.36,72.28,48.27,15.28,24.87,292.61,360.06,489.98,7.84,112.26,151.37,58.14,115.65,90.96
2026-07-21 00:00:00+00:00,107.05,326.27,233.74,322.35,543.75,519.1,250.38,1463.22,426.96,277.94,1773.26,58.71,384.03,51.53,121.31,8.96,204.59,16.91,2.922,27.44,491.67,34.13,123.42,870.28,180.81,386.14,294.51,162.77,937.06,67.14,221.47,173.81,200.27,75.6,111.28,390.95,96.42,24.36,55.99,114.41,91.84,98.93,169.3,35.67,123.05,14.64,4.178,1085.5,158.25,21.81,355.28,334.19,32.83,,,100.58,45.48,272.18,213.81,101.07,25.25,42.26,293.86,339.07,213.93,20.47,25.89,792.88,1147.92,317.38,645.96,27.52,202.79,401.69,99.41,904.45,30.89,24.75,194.31,67.67,10.36,104.34,204.7,49.68,7.02,1048.95,123.29,,15.07,,134.56,,173.76,58.02,703.43,17.27,66.89,177.84,,1274.36,159.43,24.32,1478.4,274.26,15.67,,21.39,147.99,49.64,121.32,745.24,41.46,87.92,826.26,,343.73,69.69,373.25,409.8,239.61,289.34,40.66,72.46,48.25,15.5,24.33,296.54,361.06,508.86,7.82,112.22,151.68,57.9,141.54,90.99
2026-07-21 04:00:00+00:00,108.2,325.87,227.88,322.59,550.05,522.43,250.56,1472.62,426.66,280.15,1788.76,59.08,385.08,51.35,119.85,9.01,207.06,16.99,2.921,27.7,491.78,34.13,123.73,878.27,180.17,393.65,298.6,164.58,932.02,67.7,222.41,169.42,199.56,75.53,111.83,391.61,96.43,24.34,55.92,114.62,92.01,99.95,168.58,35.61,122.86,14.71,4.208,1104.65,159.44,21.78,356.43,334.1,33.13,,,101.08,45.33,271.86,212.3,101.54,25.31,42.33,294.42,339.54,216.45,20.29,26.81,797.22,1148.58,320.41,648.71,28.32,206.62,399.91,100.72,911.4,31.28,25.73,193.72,67.44,10.44,102.97,205.03,49.66,7.06,1103.71,123.09,,15.16,,133.78,,173.82,59.38,704.26,17.31,67.7,176.61,,1261.83,160.18,24.45,1488.52,274.67,15.86,,21.19,150.83,48.54,121.68,745.79,41.26,87.9,841.47,,348.41,70.03,374.31,413.99,240.02,291.65,40.4,72.37,48.91,15.66,24.06,298.51,360.4,511.93,7.81,112.03,152.27,57.84,154.83,90.71
2026-07-21 08:00:00+00:00,107.38,325.04,224.06,325.54,553.91,524.25,249.78,1467.66,425.56,282.57,1799.3,58.79,389.25,52.1,119.09,9.06,207.65,17.04,2.979,27.89,491.58,33.47,124.1,878.08,181.68,396.92,305.74,165.42,931.02,68.37,224.56,166.87,200.44,76.67,111.58,390.91,96.67,24.27,56.57,114.36,91.91,99.92,169.45,35.62,123.61,14.68,4.202,1104.13,162.06,21.79,352.91,333.77,32.91,,,101.79,45.54,273.13,211.52,102.51,25.85,41.73,293.5,338.94,217.25,20.58,27.16,810.11,1142.84,324.01,646.07,28.22,206.58,398.49,100.87,918.46,31.74,25.67,194.84,67.43,10.47,101.88,206.05,49.38,7.05,1105.33,122.44,353.59,15.17,55.93,133.6,,174.51,59.46,705.55,17.32,67.25,179.34,63.69,1262.86,160.27,24.5,1497.44,273.27,16.02,17.27,21.17,154.35,47.1,121.64,745.58,41.09,88.12,846.3,,354.13,70.29,373.03,417.43,239.7,293.14,40.78,72.23,48.92,15.51,24.0,300.23,359.08,523.25,7.86,111.85,152.02,58.03,149.89,90.06
2026-07-21 12:00:00+00:00,115.16,328.79,228.25,327.38,564.14,531.81,247.87,1468.61,428.07,289.47,1812.04,64.24,385.87,55.25,118.42,8.94,223.68,17.03,3.105,28.1,489.16,34.6,124.2,886.62,197.45,407.9,312.99,180.66,929.53,71.27,222.33,170.06,193.02,77.89,111.14,403.43,96.52,24.13,58.09,112.83,92.88,100.5,171.99,35.42,126.28,15.03,4.408,1086.64,161.49,21.69,349.69,330.66,33.0,,,107.72,46.83,273.75,210.81,103.72,26.44,41.78,295.32,343.86,216.51,21.43,27.2,825.2,1163.23,320.38,647.6,28.02,208.79,398.93,102.51,952.05,33.92,26.17,207.47,67.44,10.66,102.34,205.89,49.42,7.79,1090.79,125.23,344.53,15.21,57.24,134.34,,173.66,58.23,707.99,17.64,69.05,183.08,69.46,1290.73,164.83,25.16,1539.12,272.27,16.86,17.45,21.11,156.15,46.2,128.27,747.65,40.61,88.11,883.83,,372.85,70.99,381.16,419.87,236.45,293.66,40.06,71.86,49.91,15.88,23.56,303.38,358.19,544.22,7.79,110.52,153.69,58.39,150.49,89.81
2026-07-21 16:00:00+00:00,119.3,327.72,227.25,319.8,565.13,544.27,247.59,1474.23,427.81,289.78,1803.22,63.36,386.62,56.57,118.02,9.01,226.55,17.23,3.038,28.45,489.82,34.09,123.99,886.78,208.44,407.8,317.27,176.02,929.95,71.03,223.98,170.02,191.75,79.63,112.16,404.1,96.21,23.9,58.86,113.05,92.76,100.55,172.96,35.66,127.33,15.28,4.305,1081.23,162.28,21.76,347.43,331.61,32.78,,,106.4,46.82,275.13,210.75,105.51,27.25,41.35,296.48,345.21,217.82,21.76,27.26,837.61,1175.42,322.49,643.84,28.91,208.08,397.89,101.92,970.43,35.13,26.03,217.1,68.74,10.66,102.06,207.21,49.41,7.68,1105.56,127.16,341.86,15.38,57.9,132.71,,173.47,58.65,709.35,17.74,69.18,183.63,70.99,1323.7,171.82,25.55,1588.42,272.38,17.87,17.67,21.07,158.45,45.21,123.49,748.51,40.35,88.26,889.67,,374.42,71.39,379.1,424.84,236.28,291.46,39.59,71.59,50.16,15.82,23.58,304.18,356.47,548.59,7.66,110.4,154.85,58.4,158.65,89.86
2026-07-21 20:00:00+00:00,123.48,324.85,227.27,323.27,566.39,545.66,247.04,1517.02,427.86,292.54,1803.58,64.87,384.74,57.67,118.45,9.19,229.13,17.24,3.066,28.97,492.09,34.24,123.8,885.43,207.87,409.36,320.46,177.76,929.27,70.87,227.87,169.59,192.01,81.79,111.85,428.27,96.31,23.87,59.94,112.88,93.0,100.98,174.58,35.63,127.52,15.3,4.559,1092.93,164.17,21.77,349.23,331.26,32.75,,,107.14,48.97,279.28,211.44,106.11,27.58,41.51,296.8,345.35,217.09,22.38,27.34,844.07,1174.32,320.85,642.13,29.16,211.87,396.38,102.12,986.42,36.35,26.95,219.86,68.26,11.06,101.72,206.54,49.39,7.84,1125.47,128.04,341.13,15.4,59.58,131.95,,172.75,60.48,709.0,17.8,73.97,185.13,69.82,1335.89,173.06,30.73,1631.76,272.49,18.86,17.75,21.06,159.55,44.91,125.14,748.41,40.42,88.12,905.51,,374.16,71.25,379.7,425.44,235.89,291.58,39.57,71.71,50.53,16.02,23.63,305.26,356.13,559.92,7.64,109.98,154.69,58.55,157.59,89.63
2026-07-22 00:00:00+00:00,118.95,326.31,226.95,315.39,552.61,539.07,247.13,1511.83,428.82,287.84,1788.06,64.32,382.83,56.22,117.13,9.08,225.18,17.32,2.993,27.28,490.43,34.03,124.02,886.99,205.38,407.53,315.86,175.87,929.11,69.88,221.45,169.99,191.56,80.62,111.76,420.56,96.47,23.84,58.82,113.04,92.89,101.23,173.86,35.59,127.35,15.24,4.239,1089.66,161.73,21.79,349.52,331.56,32.66,448.88,27.39,106.56,48.23,289.33,211.73,104.92,27.01,40.94,296.06,344.64,212.7,22.11,27.08,829.25,1173.66,316.45,642.28,26.2,207.02,397.42,101.46,964.8,34.76,25.75,214.74,68.66,10.91,102.16,206.12,49.31,7.73,1113.6,127.96,341.2,15.45,58.32,132.11,,171.16,57.56,706.72,17.75,72.66,183.48,70.87,1313.97,168.88,29.94,1588.92,270.53,17.77,17.71,21.0,153.0,46.81,124.25,747.77,40.76,87.9,885.61,57.72,367.03,70.62,379.07,419.0,236.49,289.09,39.86,71.6,50.64,15.85,23.68,304.16,356.61,546.22,7.59,110.41,154.58,58.66,150.95,89.87
2026-07-22 04:00:00+00:00,116.2,326.93,228.47,308.85,545.78,532.75,247.24,1538.01,428.49,283.22,1783.62,63.15,379.33,54.85,116.24,8.98,217.32,17.0,2.99,27.79,491.06,33.96,123.03,879.66,201.59,400.79,307.12,173.84,931.93,68.99,217.4,170.43,193.64,80.22,111.44,418.74,96.03,23.82,56.87,112.7,92.16,100.85,168.21,35.71,126.36,15.03,4.019,1057.0,158.2,21.79,348.34,330.69,32.44,441.37,26.62,105.37,47.79,281.84,211.37,102.29,25.67,40.24,295.01,344.54,210.36,20.01,26.42,814.74,1174.24,311.88,642.88,24.83,203.0,398.99,100.46,946.43,33.42,24.75,210.68,69.0,10.47,102.44,205.6,49.42,7.64,1125.37,126.73,344.57,15.39,57.2,132.66,,170.16,58.73,703.11,17.72,71.86,176.78,69.6,1250.86,162.6,29.71,1553.96,270.88,17.01,17.55,21.0,147.6,48.49,123.84,745.79,41.39,87.96,857.82,56.26,362.69,69.59,377.34,415.4,236.11,285.95,40.22,71.52,50.31,15.83,24.01,300.49,356.01,528.18,7.57,110.78,153.43,59.32,149.42,90.13
2026-07-22 08:00:00+00:00,115.53,327.73,228.2,305.98,544.48,531.82,247.95,1535.11,425.64,281.1,1770.73,63.49,379.32,54.72,116.38,8.91,215.44,17.11,3.02,28.04,489.79,33.85,123.08,870.37,200.9,398.59,308.07,173.77,930.79,69.0,217.03,170.84,192.91,79.5,111.62,416.42,96.09,23.86,56.26,113.14,92.06,100.54,167.08,35.6,124.47,16.15,4.252,1016.85,157.5,21.8,348.84,330.09,32.61,445.41,26.6,104.82,48.03,280.23,211.83,101.84,25.42,40.19,295.04,344.5,210.17,19.52,26.47,814.16,1172.2,310.43,646.11,25.44,202.36,399.48,100.83,934.46,32.5,24.55,209.67,69.02,10.38,102.32,205.01,49.22,7.71,1112.95,126.31,344.25,15.29,56.9,132.56,,169.8,57.69,703.3,17.73,71.37,175.64,68.62,1236.67,160.91,29.35,1539.11,272.29,16.71,17.52,21.04,146.23,48.76,124.05,745.94,41.41,87.89,861.86,57.19,360.25,69.54,377.01,414.6,236.92,286.56,40.18,71.47,50.47,15.79,23.97,297.19,356.12,528.22,7.62,110.11,154.31,59.24,150.21,90.2
2026-07-22 12:00:00+00:00,115.43,325.27,221.49,334.76,561.02,556.0,244.16,1542.37,413.86,286.46,1808.11,63.42,393.9,54.72,116.56,9.02,228.73,17.75,3.037,28.49,489.08,35.48,122.7,896.22,220.65,407.54,318.95,169.94,922.88,68.06,228.34,164.43,187.31,83.75,112.91,443.05,96.79,23.12,58.38,112.19,92.49,102.07,171.74,36.24,128.66,15.14,4.374,1004.15,158.38,21.75,348.54,332.96,32.66,448.54,26.78,105.75,48.86,282.64,210.08,105.86,27.52,42.62,294.81,348.3,216.34,21.29,26.72,846.88,1165.99,318.92,629.33,25.69,213.64,389.78,99.75,973.75,35.34,27.42,224.28,70.3,10.42,96.98,213.28,48.77,8.51,1113.04,125.99,334.74,15.87,60.26,127.19,,177.42,58.38,709.92,17.46,72.78,181.05,74.24,1272.49,169.08,31.79,1598.89,267.66,18.09,17.32,21.01,164.18,43.61,124.53,749.98,40.25,88.03,916.92,57.24,371.08,71.47,378.47,423.92,233.6,296.21,40.37,70.87,51.72,16.2,23.76,299.46,355.76,561.72,7.6,109.07,153.3,59.1,155.13,86.45
2026-07-22 16:00:00+00:00,110.67,325.98,218.52,330.82,554.08,552.35,244.9,1541.1,413.47,283.56,1802.19,61.98,397.12,52.99,116.53,8.96,218.49,17.75,2.963,27.43,489.37,33.91,122.77,888.65,209.7,398.03,312.75,166.25,927.56,66.24,228.61,163.15,188.69,82.68,112.24,441.78,95.98,22.82,57.76,111.04,92.31,101.7,170.53,36.65,127.18,14.67,4.339,990.04,154.12,21.63,342.49,331.65,31.69,451.51,26.77,104.52,48.21,280.41,206.16,102.66,25.91,41.32,293.85,348.48,214.79,20.83,26.69,830.39,1163.43,320.05,627.63,25.87,211.12,390.38,100.08,960.71,34.28,26.76,218.37,68.61,10.33,95.44,212.11,48.2,8.02,1129.9,125.97,336.25,15.93,59.23,124.6,,175.7,54.8,705.73,17.24,69.78,179.64,70.99,1260.78,165.28,30.57,1601.12,267.94,18.1,17.14,20.98,161.17,44.52,115.44,747.91,40.94,87.45,905.38,57.4,369.65,70.27,374.38,421.31,233.96,294.04,40.62,70.34,51.11,15.84,23.8,301.32,353.54,556.68,7.42,109.39,152.35,59.26,156.8,85.89
2026-07-22 20:00:00+00:00,113.42,325.96,219.16,334.15,559.36,554.24,242.01,1447.42,413.3,283.58,1810.13,62.3,397.88,53.67,116.28,8.93,222.77,17.75,2.956,27.21,488.81,33.98,123.07,888.03,211.06,401.81,317.28,167.41,926.72,66.24,231.73,164.39,188.9,85.15,112.52,441.52,96.0,22.79,59.06,111.61,92.15,101.73,172.87,36.62,127.65,14.67,4.378,1004.9,155.72,21.59,331.23,332.46,31.47,449.36,26.58,103.73,48.27,284.27,205.18,103.9,26.48,42.15,293.49,348.77,215.11,21.61,26.76,847.7,1164.37,320.91,620.35,25.91,215.05,388.65,100.18,983.79,35.98,27.75,226.73,68.62,10.97,100.06,212.14,48.16,8.01,1097.02,126.11,337.29,15.82,59.74,125.22,,177.15,54.95,705.41,17.16,69.49,182.57,72.43,1299.78,169.64,31.02,1621.66,268.46,18.59,17.12,20.9,163.36,43.82,116.19,747.07,41.05,87.68,913.02,57.52,370.79,70.14,359.05,423.48,234.23,285.5,40.78,70.73,51.29,15.89,23.95,301.45,353.66,561.78,7.42,109.5,152.52,59.5,153.06,86.01
2026-07-23 00:00:00+00:00,113.07,325.62,219.23,331.77,555.87,556.79,242.34,1453.35,414.68,284.11,1807.34,62.22,396.31,54.42,116.99,8.93,223.34,17.7,2.939,27.39,490.32,33.43,122.62,894.36,210.8,402.92,317.3,167.65,928.28,66.92,231.09,163.94,188.09,85.14,112.22,439.6,95.92,22.69,58.68,111.28,92.94,101.37,175.13,36.62,127.58,14.71,4.331,1003.55,155.39,21.65,334.07,334.26,31.66,452.1,27.03,104.06,48.41,291.44,205.98,103.43,26.22,42.25,293.71,348.97,214.71,22.47,25.87,844.14,1163.96,319.56,621.72,25.66,214.73,388.94,99.47,974.12,35.36,27.71,227.9,68.62,11.01,100.24,211.73,48.05,8.04,1094.26,126.58,339.34,15.92,59.69,125.28,20.92,176.04,55.31,704.52,17.15,70.03,183.65,71.73,1297.34,169.2,30.81,1606.85,268.72,18.23,17.11,20.91,161.2,44.41,116.3,746.72,41.15,87.42,911.29,57.83,369.88,69.97,358.06,419.31,234.45,284.82,40.7,70.53,51.36,15.96,24.09,301.49,353.2,563.81,7.39,109.53,152.75,59.82,144.04,85.9
2026-07-23 04:00:00+00:00,112.99,324.61,220.12,329.09,548.7,550.28,242.03,1459.19,412.59,282.4,1797.93,61.78,396.07,54.0,116.91,8.93,221.49,17.52,2.937,27.29,489.55,33.7,122.46,888.68,209.33,403.58,315.99,167.09,928.28,66.85,228.25,164.28,187.39,84.3,111.93,439.76,95.71,22.84,58.44,110.76,92.11,101.2,175.64,36.68,127.49,14.72,4.367,991.4,156.85,21.7,331.67,330.18,31.45,443.87,27.03,104.19,47.99,291.34,205.68,102.75,25.87,42.06,292.75,348.84,212.75,22.63,25.64,845.07,1160.12,316.53,619.74,25.3,214.18,387.58,98.97,972.76,35.27,27.52,224.25,68.82,10.66,100.63,210.81,47.65,7.97,1121.85,125.79,335.5,16.05,58.93,124.79,20.59,174.98,55.89,701.65,17.15,69.5,183.26,71.31,1304.88,172.81,30.67,1601.09,268.23,18.09,17.08,21.02,157.33,45.48,116.47,744.63,41.71,87.43,913.36,56.73,365.77,69.07,357.41,420.16,233.34,281.4,41.16,70.27,51.38,15.86,24.56,301.13,352.7,558.48,7.41,109.46,152.43,59.83,149.9,85.86
2026-07-23 08:00:00+00:00,113.07,323.22,220.01,332.04,552.52,551.7,239.86,1511.85,413.39,281.7,1795.98,61.45,396.37,54.57,116.4,8.95,223.77,17.53,2.931,27.44,488.94,34.27,122.41,886.54,210.34,402.22,317.12,166.72,923.73,66.36,229.5,164.69,189.24,83.65,112.51,438.76,95.67,22.85,58.69,110.92,92.22,100.93,174.88,36.62,126.96,14.6,4.272,996.94,155.87,21.71,325.62,331.66,31.75,446.23,26.99,103.71,48.09,294.93,202.95,103.84,26.41,42.12,292.77,349.6,213.62,22.39,25.72,848.0,1159.64,318.78,613.97,25.61,212.2,388.53,98.92,977.94,35.68,27.02,222.49,68.7,10.33,100.39,210.65,47.92,8.0,1149.77,125.73,337.95,16.42,59.09,125.82,20.82,174.68,54.9,701.04,17.12,68.83,183.65,71.23,1293.05,173.5,30.93,1602.88,271.6,18.16,17.08,21.02,158.48,45.24,116.12,744.28,41.78,87.48,924.61,57.01,368.09,69.0,347.94,420.7,233.8,282.86,41.1,70.97,51.24,15.85,24.54,301.64,353.58,568.21,7.4,108.76,152.06,60.23,152.03,86.21
2026-07-23 12:00:00+00:00,113.12,321.2,213.39,325.78,565.74,541.7,233.88,1504.8,400.15,278.07,1799.94,59.03,389.41,53.76,114.13,8.54,221.66,16.54,2.914,26.26,490.48,33.54,121.88,902.83,212.34,404.57,315.25,160.71,921.09,62.19,233.13,156.61,183.46,82.16,112.69,443.61,92.91,22.49,58.29,108.27,90.91,99.5,172.22,36.18,128.49,14.47,4.191,1014.15,157.04,21.25,320.19,324.97,32.04,441.85,26.84,100.61,47.92,292.35,207.14,101.4,25.19,41.53,291.15,347.4,215.05,21.37,25.39,834.99,1185.89,320.45,601.86,25.0,207.92,380.05,93.32,990.88,36.5,25.93,221.88,68.54,9.93,94.26,208.2,48.45,7.99,1156.35,120.69,326.63,15.77,58.92,121.62,20.91,169.33,55.42,692.37,16.66,68.82,181.28,69.54,1286.26,172.63,31.24,1642.26,263.78,19.08,16.66,20.65,155.15,46.15,114.75,738.65,43.35,85.11,924.72,56.42,371.55,66.24,324.88,415.66,229.35,284.03,41.81,68.89,50.89,15.13,25.97,302.53,350.34,562.63,7.2,108.09,152.3,59.9,147.62,84.1
2026-07-23 16:00:00+00:00,112.26,321.72,212.4,327.14,563.29,539.89,233.9,1594.4,399.04,283.41,1804.41,59.27,393.07,53.08,114.12,8.63,217.4,16.62,2.879,25.96,490.6,33.41,124.33,891.51,219.98,407.63,313.37,161.33,925.85,62.25,236.67,156.97,183.73,81.21,112.82,439.15,92.95,22.79,58.47,109.4,91.17,99.9,173.95,36.2,128.0,14.44,4.278,1033.4,156.3,21.34,318.13,324.86,32.79,440.56,26.73,101.62,47.66,291.67,206.75,100.25,24.5,40.65,291.95,349.86,219.18,22.04,25.44,834.45,1185.82,319.8,606.61,24.83,209.5,381.86,93.75,990.44,36.47,26.34,221.25,68.95,9.74,92.13,208.75,48.23,7.95,1155.98,120.16,326.25,15.66,58.42,123.38,20.98,171.44,56.48,692.76,16.48,70.1,182.21,70.37,1286.76,169.48,31.25,1613.12,264.99,18.36,16.69,20.7,157.58,45.59,118.37,738.85,43.28,85.23,913.61,56.24,373.77,66.36,319.79,416.02,230.59,285.22,41.42,69.03,51.31,15.18,25.59,304.62,351.68,558.69,7.18,108.49,152.13,59.49,144.19,84.2
2026-07-23 20:00:00+00:00,112.55,321.6,212.78,326.87,574.85,548.42,234.54,1561.89,398.8,291.78,1827.63,59.17,392.34,53.24,114.31,8.59,218.89,16.6,2.92,25.99,490.25,33.08,124.4,891.71,218.63,407.47,314.0,162.09,924.93,62.51,236.78,156.81,183.72,80.9,112.62,440.24,93.12,22.75,58.17,109.83,91.45,99.51,173.07,36.27,128.12,14.52,4.271,1029.05,156.27,21.36,319.48,324.36,32.93,443.16,26.83,101.55,47.75,284.62,205.93,104.71,26.74,40.79,291.53,349.55,222.49,21.68,25.56,832.54,1185.74,324.69,607.6,24.89,210.31,382.72,94.11,987.71,36.28,26.52,219.74,68.72,9.65,92.29,207.99,48.12,7.94,1148.82,122.51,324.13,15.83,58.23,122.81,20.79,171.4,56.56,694.2,16.47,69.71,181.35,69.75,1283.53,169.91,31.26,1617.71,264.56,18.46,16.68,20.73,159.45,44.94,116.24,739.4,43.0,85.69,912.39,56.54,374.74,66.78,324.24,414.97,231.29,283.8,41.61,69.12,51.29,15.17,25.56,304.97,351.44,560.67,7.18,108.17,151.71,59.61,145.14,84.5
2026-07-24 00:00:00+00:00,110.96,321.1,212.38,317.7,554.34,542.18,233.79,1549.96,400.4,282.1,1809.64,58.36,387.53,51.98,111.34,8.66,213.44,16.67,2.918,26.13,491.5,32.57,124.72,893.73,213.15,403.24,308.62,162.49,927.0,62.82,229.71,156.95,183.41,79.38,112.77,434.45,93.38,22.78,55.66,109.72,90.91,99.1,167.11,36.09,127.36,14.35,4.218,1020.48,153.57,21.29,317.85,324.68,32.72,433.89,26.65,101.0,47.57,269.1,205.67,103.32,26.01,40.02,291.58,350.52,215.95,19.39,25.44,816.06,1190.78,314.33,606.86,24.58,204.4,381.57,94.79,962.68,34.49,25.01,215.25,68.93,9.55,92.12,206.68,48.16,7.91,1145.85,121.64,324.3,15.66,57.64,122.69,20.48,169.25,56.12,689.56,16.48,69.13,170.13,68.13,1210.66,162.53,30.65,1569.96,263.54,17.36,16.61,20.77,150.61,47.59,116.03,738.35,43.88,85.49,893.03,55.58,366.79,65.49,321.57,412.14,230.98,282.52,41.69,69.05,51.28,15.12,25.87,302.54,351.43,541.11,7.16,108.83,152.37,59.74,159.51,84.44
2026-07-24 04:00:00+00:00,111.97,321.59,215.18,324.7,560.88,541.45,234.35,1554.1,402.6,286.42,1811.11,59.18,391.65,52.64,112.21,8.66,217.65,16.91,2.912,25.97,492.09,33.05,124.64,893.39,220.69,403.61,312.0,163.26,927.81,63.36,234.46,158.3,183.82,80.6,112.9,437.47,93.25,22.81,56.43,109.16,91.48,100.01,169.36,36.24,128.05,14.46,4.265,1026.4,155.24,21.38,319.31,326.02,33.04,436.08,26.79,101.79,47.68,273.99,207.79,105.2,27.02,40.57,292.56,350.99,218.71,20.23,25.63,829.98,1188.89,319.68,608.11,24.76,207.32,384.46,95.39,978.06,35.56,25.76,219.55,69.04,9.57,93.79,207.57,48.51,7.96,1150.0,122.48,329.17,15.51,58.25,124.19,20.49,171.17,56.59,692.8,16.49,70.09,172.68,68.95,1222.0,165.24,31.0,1579.24,267.08,17.61,16.69,20.77,155.16,46.25,116.49,740.33,43.27,85.5,902.82,55.71,371.18,66.37,324.9,413.69,232.92,283.13,41.23,69.28,50.96,15.16,25.25,303.05,352.36,551.0,7.16,108.69,152.39,59.44,157.31,84.49
2026-07-24 08:00:00+00:00,112.14,322.59,215.03,326.48,564.2,545.2,234.86,1546.3,401.63,286.56,1802.3,59.79,391.77,52.91,112.53,8.7,219.72,16.73,2.913,26.45,491.09,33.82,125.0,897.05,220.0,407.87,312.5,162.96,924.94,62.94,233.32,159.1,184.68,80.8,112.82,442.85,93.31,22.96,56.7,106.41,91.68,99.99,170.58,36.29,127.28,14.54,4.202,1031.85,155.96,21.35,319.8,325.78,33.06,434.83,26.82,101.92,48.43,274.25,208.31,103.65,26.24,40.61,293.66,351.01,218.66,20.63,25.48,828.39,1182.44,319.28,606.4,24.53,208.16,386.48,94.74,975.6,35.34,25.94,222.04,69.18,9.67,93.85,208.61,48.67,7.96,1145.83,122.73,328.84,15.8,58.15,124.82,20.55,171.62,57.02,694.44,16.58,70.21,174.79,70.41,1229.77,165.75,31.38,1570.44,267.0,17.39,16.77,20.75,156.79,45.78,117.75,741.33,43.01,85.27,895.59,55.6,373.48,66.92,323.25,415.88,231.73,283.84,40.69,69.36,50.93,15.25,24.89,303.74,353.97,549.24,7.19,108.46,153.1,59.36,157.4,85.09
2026-07-24 12:00:00+00:00,104.45,333.04,221.53,302.42,553.38,536.98,233.44,1536.0,392.36,272.72,1794.32,57.25,386.33,50.01,113.2,8.59,203.25,15.98,2.839,25.67,496.7,34.3,127.76,893.37,201.25,396.62,290.75,157.84,933.07,62.8,219.03,162.16,183.48,75.71,114.11,444.49,95.78,23.04,55.02,108.93,91.94,99.27,167.61,36.08,122.94,13.96,4.021,1023.69,152.13,21.48,320.53,331.03,29.36,436.57,26.61,95.31,48.94,274.26,214.18,97.09,23.05,39.74,293.35,353.2,216.27,19.52,25.59,786.8,1201.75,316.33,606.07,24.39,199.21,384.36,92.9,946.37,33.23,23.72,206.49,69.83,9.24,97.04,210.35,48.91,8.02,1121.49,118.1,326.04,15.8,55.07,123.49,20.51,168.83,54.81,692.11,16.01,65.77,170.67,68.03,1195.42,158.95,30.94,1515.72,269.21,16.18,16.65,21.08,146.54,48.77,113.46,743.65,43.48,86.5,885.91,55.75,364.43,66.14,311.29,407.97,231.97,281.37,40.87,69.48,50.03,14.5,24.37,299.99,354.86,536.66,7.23,109.24,151.61,59.77,160.04,86.86
2026-07-24 16:00:00+00:00,100.28,333.11,225.07,292.09,537.08,522.44,232.32,1531.13,393.45,260.14,1760.22,56.33,382.22,47.32,112.31,8.53,185.5,15.83,2.808,25.47,495.26,34.13,129.82,885.64,199.15,390.84,282.63,158.43,935.64,62.47,213.95,163.5,183.29,71.92,114.18,437.56,94.78,22.99,53.39,109.31,91.29,98.05,163.18,35.75,118.61,13.45,3.882,1015.49,146.73,21.18,320.14,332.7,28.12,432.05,26.19,94.98,47.74,273.9,214.27,92.36,20.78,37.11,290.82,353.04,210.9,17.88,25.41,763.89,1196.6,305.6,595.85,24.04,194.49,382.32,91.76,921.71,31.3,22.51,188.07,70.19,9.08,98.9,207.07,48.73,7.82,1112.75,115.14,323.92,15.51,53.87,122.98,20.46,167.17,52.42,685.43,15.85,64.01,166.07,64.8,1171.75,154.72,30.15,1436.99,267.75,14.37,16.46,21.02,136.65,51.65,115.16,739.88,44.78,87.0,851.0,55.03,350.39,64.06,313.36,404.2,232.02,279.92,41.84,65.93,49.52,14.19,25.08,290.83,355.5,519.84,7.01,109.52,150.99,59.65,158.01,87.98
2026-07-24 20:00:00+00:00,99.32,333.69,225.09,289.33,537.77,521.84,231.75,1521.64,392.54,260.17,1758.48,56.31,381.83,47.13,112.34,8.53,186.26,15.81,2.83,25.57,495.8,33.85,129.59,884.85,198.09,389.61,282.45,157.95,934.64,62.05,214.74,163.12,183.44,72.15,113.93,435.78,95.02,23.15,52.85,108.98,91.54,98.36,162.94,35.66,119.83,13.44,4.034,1012.21,145.46,21.23,319.17,333.16,28.01,429.93,26.3,94.71,47.63,275.5,213.02,91.58,20.42,37.02,291.56,353.07,211.75,17.67,25.39,765.83,1197.09,305.19,594.96,24.13,192.9,381.9,91.35,912.04,30.58,22.17,189.58,70.25,8.99,97.93,206.86,48.8,7.85,1129.06,114.95,324.58,15.5,53.9,122.59,20.6,167.14,52.77,684.68,15.86,63.62,164.93,65.65,1168.91,154.49,30.12,1435.23,268.02,14.34,16.46,21.13,136.61,51.37,113.61,739.58,44.87,86.99,838.5,54.76,348.96,63.91,311.57,402.82,233.47,279.45,41.67,66.43,50.12,14.22,25.14,291.73,355.18,513.62,7.03,109.68,150.72,59.87,159.11,87.83
2026-07-25 00:00:00+00:00,100.64,332.47,224.44,290.87,540.11,524.14,231.28,1522.39,390.07,260.7,1762.58,56.62,383.39,47.25,112.27,8.53,188.84,15.95,2.86,25.67,495.9,34.75,129.19,883.58,201.11,391.46,284.63,157.75,931.62,62.18,217.23,163.85,184.26,72.44,113.57,437.49,95.37,23.18,53.64,109.4,91.65,98.76,165.25,35.28,118.3,13.54,4.127,1019.06,146.89,21.13,320.14,333.24,28.6,430.11,26.38,94.64,47.37,278.13,212.16,92.56,20.98,37.05,290.92,352.6,211.6,18.45,25.32,768.5,1197.65,305.57,596.0,24.2,194.4,380.92,91.32,925.17,31.43,22.47,190.47,70.07,8.96,97.91,207.2,48.97,7.9,1119.82,114.86,325.17,15.35,54.14,122.64,20.49,168.06,54.9,685.93,15.88,63.85,168.34,63.95,1190.46,156.65,30.75,1446.17,268.59,14.57,16.48,21.16,138.13,50.95,113.4,739.63,44.78,86.84,836.95,54.82,349.27,64.16,311.95,403.56,235.19,280.51,42.0,66.9,49.89,14.26,24.99,292.0,355.18,515.39,7.07,109.8,151.65,59.93,158.94,87.79
2026-07-25 04:00:00+00:00,100.62,332.56,224.74,291.81,539.68,526.04,231.57,1533.63,392.65,260.6,1762.14,56.46,384.04,46.58,112.24,8.53,188.5,15.91,2.859,25.35,494.66,34.59,127.53,881.79,197.98,391.54,283.48,157.33,932.88,62.12,218.52,164.2,183.85,72.65,113.63,441.29,95.29,23.14,53.67,109.63,91.65,98.96,165.07,35.19,118.45,13.54,4.08,1019.36,147.21,21.13,320.69,331.15,28.6,429.8,26.38,94.81,47.38,278.62,212.05,92.87,20.88,37.2,291.01,352.79,211.81,18.42,25.22,766.93,1193.96,305.8,597.41,24.17,194.43,380.93,91.29,924.58,31.39,22.46,191.07,70.1,8.97,97.74,207.28,48.9,7.91,1116.21,115.39,324.94,15.27,53.92,122.79,20.44,167.69,54.25,686.48,15.86,63.9,169.27,63.65,1193.2,157.38,30.92,1445.48,269.46,14.63,16.48,21.13,138.62,50.78,113.77,740.77,44.77,86.98,829.27,54.77,348.88,64.06,311.45,404.15,235.25,280.04,41.89,66.58,49.79,14.26,24.94,292.75,355.07,514.18,7.07,109.36,151.7,60.01,158.99,86.4
2026-07-25 08:00:00+00:00,100.72,332.46,224.97,291.42,538.59,525.96,231.36,1551.97,394.43,260.53,1756.29,56.05,384.39,46.57,112.16,8.54,186.71,16.0,2.83,25.23,494.4,34.71,129.3,882.13,198.29,390.74,282.6,157.33,933.3,62.2,219.91,164.24,183.4,72.59,113.64,441.67,95.34,23.18,53.81,109.93,91.57,99.01,165.31,35.09,118.57,13.42,4.072,1020.92,147.12,21.2,318.98,331.55,28.55,430.1,26.37,94.78,47.34,279.32,211.7,92.66,20.96,37.19,290.99,352.81,211.73,18.48,24.66,766.72,1191.61,304.33,596.4,24.47,193.77,380.84,91.65,925.19,31.49,22.37,191.61,70.1,8.85,97.66,207.27,48.68,7.86,1122.59,115.14,323.22,15.16,53.26,122.82,20.67,167.24,53.65,685.86,15.83,63.71,170.34,63.74,1201.75,157.9,30.75,1436.43,268.7,14.4,16.48,21.08,138.12,50.94,112.65,740.36,44.74,86.93,830.5,54.79,348.29,64.19,311.49,404.44,235.62,278.41,41.78,66.74,49.73,14.23,24.96,292.52,354.19,513.47,7.03,109.37,150.66,59.92,158.99,86.76
2026-07-25 12:00:00+00:00,100.61,332.48,225.25,290.51,539.0,526.59,231.75,1566.01,398.0,261.15,1759.51,56.03,385.4,46.64,112.22,8.52,188.41,16.0,2.824,25.09,494.22,34.65,129.17,881.99,196.53,386.45,283.37,158.07,933.8,62.59,220.02,164.25,183.03,72.18,114.21,442.42,94.61,23.2,53.66,110.97,91.73,98.84,165.45,35.23,118.09,13.44,4.032,1022.36,146.91,21.27,318.06,332.63,28.24,431.02,26.39,94.52,47.13,278.94,211.53,92.33,20.78,36.96,291.15,353.06,211.18,18.47,24.93,766.62,1195.21,304.51,596.98,24.34,193.21,381.35,92.16,924.62,31.38,22.2,191.94,70.29,8.86,97.97,207.55,48.97,7.82,1136.0,115.11,321.77,15.21,52.68,122.85,20.65,167.67,53.54,686.37,15.84,63.12,170.48,63.69,1201.32,157.9,30.84,1435.54,268.59,14.32,16.48,21.12,138.41,50.8,111.44,740.13,44.62,86.85,828.72,54.87,348.35,64.35,311.26,405.31,235.95,278.48,41.76,66.68,49.82,14.27,24.87,294.03,355.27,512.88,7.04,109.34,149.4,59.5,159.44,87.02
2026-07-25 16:00:00+00:00,101.44,332.98,224.38,291.92,542.87,529.94,232.55,1549.2,395.32,263.88,1759.83,56.79,386.24,46.66,112.28,8.52,189.15,16.04,2.829,25.25,493.79,34.53,128.44,882.84,198.69,387.77,284.7,158.53,929.46,62.86,219.98,164.28,182.98,72.76,114.23,442.75,94.08,23.19,54.26,110.68,91.63,98.88,166.42,35.09,118.28,13.48,4.003,1017.43,147.45,21.25,319.27,333.99,28.25,435.99,26.45,94.95,46.9,280.02,210.95,93.14,21.06,37.32,291.44,352.09,211.55,18.75,24.8,773.49,1190.59,305.89,599.51,24.33,195.04,382.94,92.82,931.51,31.85,22.61,192.42,70.25,8.87,97.64,207.98,48.54,7.83,1137.67,115.44,313.58,15.23,52.21,123.1,20.59,167.84,53.35,687.92,15.94,64.12,172.54,63.56,1218.76,159.29,30.94,1440.52,268.03,14.45,16.59,21.07,139.5,50.47,111.68,741.56,44.28,86.87,829.78,55.52,349.32,64.82,312.75,406.23,235.9,278.93,41.68,66.77,49.81,14.34,24.85,294.91,355.03,515.56,7.04,109.33,150.56,59.36,159.72,87.22
2026-07-25 20:00:00+00:00,101.5,332.79,224.44,292.55,542.66,530.12,232.33,1538.92,394.83,264.19,1765.57,57.03,386.41,46.84,112.33,8.54,188.84,16.04,2.827,25.08,492.77,34.69,128.74,881.14,200.4,387.39,285.65,158.61,931.57,62.68,219.88,163.79,183.23,72.86,113.89,443.21,94.1,23.13,54.5,110.91,91.9,99.07,166.65,35.22,118.47,13.45,3.948,1021.21,147.94,21.3,320.04,335.9,28.35,435.98,26.43,95.11,47.4,280.37,211.48,93.28,21.12,37.34,291.91,352.9,212.09,18.76,24.69,777.5,1191.86,306.8,600.12,24.34,195.49,383.47,93.16,933.54,31.97,22.76,192.47,70.4,8.83,97.75,208.11,49.57,7.82,1132.56,116.14,322.17,15.2,52.76,123.04,20.45,167.56,53.49,688.58,15.99,64.11,172.65,63.25,1226.64,159.97,30.84,1443.01,270.75,14.48,16.62,21.16,140.32,50.05,111.73,742.02,44.11,86.86,828.84,55.67,351.55,65.15,312.97,407.76,236.06,281.77,41.39,67.0,49.75,14.36,24.78,295.62,354.1,516.73,7.06,109.31,150.55,59.51,160.22,87.32
2026-07-26 00:00:00+00:00,101.34,332.68,224.99,292.02,545.59,532.17,232.68,1537.3,395.78,264.36,1770.47,57.23,386.78,47.33,112.66,8.54,189.53,16.08,2.818,25.08,494.82,34.78,129.11,881.34,200.27,388.92,284.69,159.69,930.49,64.2,218.86,164.58,182.53,72.92,114.35,444.62,94.27,23.17,54.71,110.47,91.94,98.75,167.22,35.18,118.58,13.55,4.023,1018.29,148.31,21.35,320.31,335.07,28.38,435.43,26.5,95.91,47.47,280.23,212.02,93.99,21.39,37.38,292.18,352.57,212.71,19.12,24.77,781.5,1192.31,306.43,597.63,24.49,197.42,385.33,93.53,935.89,32.15,23.12,194.06,70.32,8.94,97.87,208.3,49.68,7.82,1130.0,116.39,315.23,15.2,52.56,123.15,20.63,167.74,53.61,689.84,16.01,64.42,173.09,63.3,1229.58,161.36,30.82,1451.03,272.4,14.64,16.61,21.08,142.33,49.34,111.95,742.53,43.72,87.09,830.96,55.6,350.59,65.69,313.8,409.02,236.19,280.2,41.19,67.03,49.68,14.41,24.81,296.09,354.43,519.14,7.03,109.49,150.46,59.51,160.23,87.73
2026-07-26 04:00:00+00:00,101.36,332.6,224.4,292.45,545.65,531.79,232.6,1533.2,402.02,263.87,1776.79,57.14,386.11,47.33,112.75,8.55,189.19,16.12,2.839,25.35,494.93,34.84,129.49,881.9,199.06,384.97,284.76,159.4,931.02,63.56,219.6,163.87,181.85,73.26,114.39,444.46,94.01,23.18,54.84,110.58,92.06,98.45,167.51,35.23,119.27,13.52,4.012,1016.83,148.66,21.26,320.61,335.89,28.39,436.28,26.55,95.8,47.53,280.04,212.55,94.35,21.56,37.63,291.59,352.21,212.88,19.21,24.82,781.47,1192.65,305.83,600.17,24.41,197.2,383.08,93.1,938.83,32.33,23.14,194.81,70.22,8.98,97.67,208.18,49.56,7.85,1129.0,116.3,317.75,15.19,52.75,123.17,20.73,167.62,54.63,689.7,15.95,63.91,172.51,63.39,1224.8,160.8,30.84,1455.64,272.74,14.86,16.62,21.14,143.45,48.91,112.22,742.42,43.58,86.84,831.13,55.7,350.39,65.74,313.58,408.57,236.11,280.25,41.49,66.85,49.7,14.36,24.74,298.28,352.79,522.12,6.96,109.5,149.91,59.15,160.25,87.47
2026-07-26 08:00:00+00:00,101.68,332.81,225.27,291.99,545.74,536.06,232.84,1539.91,397.05,265.41,1777.43,57.32,386.39,47.9,113.09,8.55,190.24,16.17,2.815,25.08,494.88,34.72,129.11,881.86,199.67,385.8,286.3,159.88,932.28,63.29,219.67,164.17,183.63,73.52,114.23,443.61,94.0,23.1,55.17,110.82,92.18,99.04,167.96,35.2,118.79,13.57,4.018,1021.06,149.16,21.26,321.63,336.81,28.31,437.67,26.64,96.08,47.9,278.34,212.88,95.11,21.93,37.84,291.87,352.43,212.9,19.28,25.37,783.23,1191.94,307.57,600.14,24.46,197.79,383.76,93.3,945.12,32.77,23.21,197.67,70.41,9.04,97.87,208.21,49.55,7.83,1122.0,116.19,316.25,15.24,52.63,123.4,20.78,168.3,54.36,690.75,15.96,64.24,172.37,63.42,1227.92,161.68,30.96,1460.45,272.73,14.81,16.53,21.09,143.58,48.87,112.06,743.29,43.71,86.96,837.03,55.87,352.22,65.65,315.68,409.18,236.37,281.67,41.37,67.07,49.79,14.44,24.78,299.85,354.75,526.96,6.98,109.72,149.36,58.94,160.02,87.99
2026-07-26 12:00:00+00:00,101.8,333.27,224.53,292.51,544.51,535.97,233.57,1534.8,398.79,265.68,1779.43,57.16,386.4,47.79,113.31,8.56,190.96,16.36,2.833,25.29,496.0,34.86,129.64,881.14,200.54,385.78,286.11,160.54,934.55,63.55,219.84,164.26,183.73,73.76,114.38,444.22,94.07,23.17,55.06,110.49,92.47,99.98,167.7,35.26,119.21,13.57,4.021,1020.03,148.81,21.3,321.88,335.87,28.31,439.3,26.87,96.11,47.17,278.94,211.55,94.58,21.71,37.73,291.54,353.42,212.89,19.35,25.24,779.69,1193.3,307.72,599.37,24.58,197.36,383.72,93.8,943.05,32.7,23.09,196.67,70.57,9.16,98.05,208.18,49.56,7.82,1124.89,116.36,318.13,15.27,52.99,123.26,20.83,169.93,54.2,691.2,16.02,64.39,172.13,64.38,1223.29,161.45,30.71,1462.13,272.09,14.86,16.51,21.15,143.15,49.01,111.53,743.8,43.51,86.78,842.06,56.12,352.25,65.64,315.26,410.14,236.78,282.31,41.55,67.2,49.7,14.52,24.69,299.78,355.77,527.51,6.96,109.71,149.42,58.9,158.29,87.8
2026-07-26 16:00:00+00:00,101.8,333.13,224.72,293.55,544.95,534.68,233.27,1535.36,400.89,265.63,1778.0,57.16,386.73,47.86,113.35,8.6,190.82,16.3,2.833,25.29,496.15,34.69,129.59,881.24,201.34,385.7,285.2,160.61,934.54,63.63,218.21,164.01,183.97,73.73,114.14,446.66,94.26,23.11,54.89,110.39,92.4,99.89,167.69,35.22,118.94,13.54,4.0,1021.67,149.07,21.27,321.29,335.62,28.38,439.75,26.62,96.28,47.58,278.72,210.89,94.25,21.54,37.65,291.84,353.83,213.24,19.35,25.26,777.29,1192.58,307.96,598.95,24.93,196.95,383.91,93.72,938.95,32.37,23.01,196.59,70.52,9.13,97.98,208.45,49.29,7.82,1126.23,116.3,316.44,15.25,52.99,122.93,20.79,170.24,54.17,690.43,16.05,64.5,172.01,63.7,1221.05,161.2,30.6,1455.21,271.18,14.8,16.52,21.15,142.87,48.97,111.86,742.54,43.53,86.79,839.5,56.15,353.71,65.7,314.07,409.93,236.85,282.19,41.52,67.2,49.81,14.55,24.74,299.97,355.68,526.65,7.01,109.64,149.77,58.77,159.38,88.47
2026-07-26 20:00:00+00:00,102.76,333.94,225.39,296.65,552.57,542.48,234.47,1538.09,400.84,268.24,1794.16,57.77,389.92,48.52,113.98,8.7,192.52,16.61,2.837,25.66,496.0,35.0,129.84,883.53,204.17,389.74,287.79,162.78,937.06,64.43,221.85,164.26,185.1,74.5,114.24,448.72,94.22,23.26,56.24,109.36,92.69,100.61,170.49,35.58,120.35,13.71,4.001,1023.12,150.97,21.38,324.67,335.08,28.75,439.72,27.11,97.39,48.19,280.5,212.87,95.76,22.23,38.16,292.91,353.25,215.29,20.14,25.26,786.72,1199.7,310.32,603.88,24.72,200.14,384.85,94.91,953.54,33.31,23.74,199.25,70.73,9.22,99.39,209.85,50.16,7.88,1134.0,118.26,319.75,15.36,53.18,123.58,20.88,172.77,54.08,695.52,16.16,65.59,177.77,64.73,1250.08,163.79,30.81,1485.37,271.67,15.32,16.83,21.17,148.32,47.2,112.57,745.82,42.95,87.33,852.0,56.18,354.15,66.62,317.46,412.44,237.61,284.33,41.15,67.56,49.89,14.68,24.65,299.45,355.02,534.79,7.01,109.61,150.06,58.98,159.65,88.65
2026-07-27 00:00:00+00:00,103.3,336.05,226.26,298.78,552.08,533.71,234.67,1537.38,396.36,266.29,1798.74,57.51,389.83,49.25,113.25,8.57,191.86,16.65,2.853,25.99,495.65,34.77,129.95,892.06,202.45,402.58,290.25,161.57,932.95,63.72,221.92,164.19,185.24,74.0,114.9,445.24,95.3,23.22,54.76,109.81,91.81,97.35,165.67,35.75,121.49,13.84,4.023,1031.83,149.65,21.28,322.62,333.63,28.32,446.73,28.73,97.12,48.47,271.71,214.17,94.14,21.47,38.25,293.61,354.87,215.81,18.69,25.32,784.37,1200.44,312.8,601.34,26.11,199.07,384.86,94.38,943.49,32.89,23.56,194.86,70.31,9.15,99.19,208.71,49.25,8.0,1124.36,117.04,325.66,15.54,55.1,124.05,21.24,169.75,53.8,692.85,16.07,65.02,170.11,66.56,1199.07,159.86,30.67,1473.16,271.04,15.09,16.68,21.67,144.88,48.57,112.8,744.71,43.26,88.45,865.76,56.94,360.98,66.24,315.68,408.22,233.68,284.5,40.71,66.73,49.81,14.52,24.0,296.41,354.95,534.62,7.04,109.79,151.68,58.56,164.88,88.26
2026-07-27 04:00:00+00:00,104.01,334.54,226.06,302.19,553.26,536.87,235.23,1545.7,396.67,268.4,1797.0,57.96,390.37,49.57,113.36,8.63,194.71,16.77,2.85,26.32,495.11,34.54,131.32,910.0,204.71,402.52,293.25,162.8,932.46,64.06,223.65,164.16,185.98,74.4,115.85,447.25,95.35,23.33,55.83,109.88,92.2,98.96,168.22,36.04,122.41,13.99,4.014,1039.54,150.86,21.32,324.34,334.32,28.73,443.19,28.63,97.7,48.62,274.74,214.45,94.9,21.83,38.7,294.55,355.26,217.74,19.52,25.58,793.19,1200.0,316.15,602.8,29.19,201.41,385.04,94.48,955.37,33.61,24.13,197.15,70.2,9.25,99.33,209.14,49.43,8.06,1137.38,117.5,326.99,15.53,55.84,124.09,21.15,170.17,53.54,694.38,16.39,65.77,173.02,67.56,1236.45,163.99,31.01,1500.61,270.76,15.58,16.74,21.7,147.47,47.55,114.47,745.52,42.98,88.12,879.67,56.61,362.33,66.67,317.15,410.3,233.72,285.48,40.41,66.9,50.03,14.61,23.81,299.45,356.46,541.43,7.04,109.53,152.22,58.27,164.06,88.59
2026-07-27 08:00:00+00:00,102.73,334.4,228.59,296.65,554.96,533.95,235.26,1521.8,401.58,266.83,1800.06,58.17,390.85,48.8,113.54,8.64,194.18,16.69,2.846,26.26,495.79,34.89,131.2,902.85,202.8,395.02,287.33,161.81,935.82,63.83,220.75,166.45,186.96,74.41,115.84,444.77,95.68,23.4,55.41,109.74,92.28,99.6,167.7,35.84,121.01,13.86,4.08,1032.3,149.08,21.25,324.09,336.34,28.66,443.29,28.5,97.15,48.67,274.04,216.56,93.55,21.22,38.38,294.63,355.92,217.17,19.37,25.58,778.01,1200.75,315.52,605.35,28.75,200.2,387.47,94.08,940.27,32.59,23.82,198.41,70.64,9.4,100.66,208.32,49.4,8.06,1134.92,117.95,328.83,15.61,55.47,124.71,21.15,170.3,53.71,694.23,16.26,66.85,172.45,66.85,1228.28,161.72,30.93,1480.42,273.35,15.22,16.68,21.74,145.82,48.18,114.67,745.79,42.97,88.67,870.0,56.62,362.09,66.62,315.78,410.36,236.1,283.58,40.52,67.08,50.07,14.62,23.88,297.33,358.25,535.59,7.03,109.99,152.18,58.09,164.96,89.17
2026-07-27 12:00:00+00:00,95.03,337.13,237.66,271.62,499.16,483.22,232.16,1519.87,408.12,255.28,1626.49,57.33,380.83,47.09,114.04,8.36,180.14,17.37,2.85,24.97,496.15,32.6,131.29,843.11,182.76,368.22,259.23,162.51,949.67,62.83,201.3,173.44,184.09,70.46,113.48,422.0,97.0,24.42,51.46,112.04,91.12,96.88,158.84,35.79,110.57,13.11,4.041,969.57,139.31,21.5,328.66,337.35,29.56,445.12,28.42,93.6,47.16,271.35,216.54,89.25,19.31,35.27,291.64,353.87,198.51,16.42,25.55,705.61,1199.15,280.6,601.4,28.18,186.07,390.59,96.47,877.44,28.29,20.53,185.02,71.44,8.98,104.44,197.83,49.48,7.75,1118.75,119.34,325.01,15.81,50.74,129.54,21.19,166.68,52.85,679.87,16.61,64.89,164.12,59.6,1148.0,141.77,28.91,1281.61,271.25,11.23,16.93,22.21,119.95,57.98,111.7,738.28,45.86,88.19,801.5,56.97,327.25,62.57,308.99,394.26,240.33,276.08,41.65,67.69,49.63,14.54,25.26,278.02,362.86,490.33,7.39,111.84,151.11,58.91,162.4,90.67
2026-07-27 16:00:00+00:00,97.91,336.96,237.66,282.71,517.4,495.24,231.57,1465.75,412.83,266.78,1657.81,58.31,383.52,47.96,115.11,8.42,188.63,17.94,2.877,25.97,496.77,33.31,132.51,870.64,188.59,377.16,271.38,167.68,951.8,65.68,208.25,173.47,180.45,70.9,114.67,427.03,96.62,24.13,52.46,113.21,91.55,97.86,161.31,35.91,116.07,13.54,4.113,1000.36,143.36,21.54,326.9,335.87,30.18,445.41,28.82,95.72,48.17,272.72,216.05,91.78,20.42,36.34,293.02,356.1,203.69,17.21,25.66,712.43,1198.38,291.47,594.31,28.33,189.47,389.54,98.68,900.8,29.89,21.37,188.05,70.47,9.26,105.78,196.74,49.64,8.04,1086.26,120.01,316.75,16.02,52.59,131.6,21.27,170.29,52.86,682.96,16.51,66.97,166.34,58.74,1141.49,143.37,29.82,1280.29,273.81,11.17,16.88,22.26,128.09,54.96,113.74,739.66,45.22,88.56,819.32,57.03,334.55,63.54,309.49,399.78,244.38,279.68,41.07,68.09,50.07,14.95,24.86,288.64,362.48,498.31,7.34,111.8,150.88,58.44,163.02,91.3
2026-07-27 20:00:00+00:00,97.05,337.23,237.91,280.09,514.67,490.97,231.64,1457.0,413.59,264.17,1649.56,58.28,382.93,46.73,115.28,8.37,187.11,17.31,2.959,25.59,496.66,33.35,132.33,868.68,187.69,374.9,268.21,164.75,950.51,64.01,207.25,173.71,180.63,70.58,114.82,422.88,96.74,24.21,51.63,112.84,91.35,97.33,159.66,35.89,117.16,13.45,4.081,989.94,142.26,21.59,326.96,336.2,30.06,444.21,28.45,95.21,48.11,264.87,216.76,90.98,20.08,36.07,292.9,356.1,202.54,16.71,25.69,706.2,1198.78,290.78,595.15,28.19,187.64,390.03,96.17,885.23,28.77,20.9,185.94,70.9,9.23,105.55,196.31,49.72,8.02,1075.0,119.81,315.79,16.01,51.81,130.87,21.34,170.2,52.91,681.98,16.52,66.79,163.44,58.42,1137.78,142.46,29.6,1249.09,272.53,10.62,16.88,22.23,125.41,56.01,112.37,739.38,45.4,88.15,809.02,56.83,332.66,63.21,308.26,397.8,243.18,278.93,41.11,68.27,49.92,14.96,24.98,285.21,363.17,490.43,7.36,111.98,151.08,58.49,161.31,90.95
2026-07-28 00:00:00+00:00,95.32,338.26,238.65,274.51,505.29,483.2,231.29,1453.31,414.19,259.89,1629.12,57.5,379.95,46.08,114.08,8.33,184.61,17.3,2.87,25.91,498.27,33.64,132.34,858.24,186.55,371.71,264.72,163.58,956.88,63.43,202.8,174.84,181.49,70.32,114.93,418.37,96.91,24.14,49.66,113.21,89.88,94.82,154.08,35.84,114.54,13.32,4.017,983.57,140.63,21.59,325.43,336.71,29.96,445.91,28.89,94.34,47.53,251.04,216.41,88.74,19.13,35.6,292.75,355.56,199.36,14.9,25.21,700.17,1199.11,286.53,595.65,26.1,183.58,390.9,95.39,868.83,27.82,20.04,182.71,70.86,8.96,106.19,195.0,49.69,7.96,1080.17,119.23,316.41,16.25,51.1,131.23,20.44,168.18,53.66,679.67,16.52,65.57,153.75,57.94,1093.4,139.21,28.97,1233.5,273.96,10.36,16.81,22.16,120.49,58.04,111.1,739.12,45.91,87.08,791.93,56.89,328.6,62.45,305.42,392.83,244.35,277.53,41.28,68.3,49.82,14.86,25.12,283.77,362.42,478.77,7.37,112.43,150.62,58.35,136.98,90.78
2026-07-28 04:00:00+00:00,93.68,337.94,240.93,271.73,495.54,476.57,232.12,1458.53,415.61,257.86,1603.64,57.03,377.31,45.76,114.62,8.31,182.97,17.25,2.721,25.82,497.91,34.22,133.11,854.03,184.18,369.36,261.29,163.18,956.39,63.3,200.62,175.41,181.5,69.54,114.43,416.0,96.96,24.17,48.84,112.91,89.68,93.78,152.4,35.7,112.66,13.32,3.947,977.49,138.24,21.55,325.66,337.26,29.91,447.55,29.04,94.06,47.44,249.52,216.49,87.84,18.65,35.44,292.53,357.12,196.17,14.35,24.64,691.47,1200.13,279.93,596.57,25.56,181.72,393.01,95.42,855.23,26.9,19.61,180.76,71.04,9.1,106.92,194.11,49.7,7.86,1086.7,118.77,316.53,16.28,50.49,132.05,20.69,166.06,51.74,677.03,16.43,65.3,151.96,57.45,1063.02,137.32,28.78,1211.42,272.64,9.95,16.78,22.31,115.81,60.16,110.99,738.29,46.46,87.9,781.2,57.21,322.61,61.79,304.95,388.89,244.54,273.89,41.33,68.26,49.06,14.78,25.08,280.4,363.0,471.04,7.41,112.74,151.0,58.47,131.96,91.76
2026-07-28 08:00:00+00:00,92.47,338.51,242.8,267.76,495.45,473.65,233.53,1438.0,416.85,254.59,1585.6,56.91,375.94,44.85,115.16,8.24,178.82,17.14,2.858,25.38,500.21,33.46,133.24,844.34,182.48,358.81,257.61,162.68,965.59,63.08,198.32,176.72,182.19,69.64,114.0,410.29,97.57,24.42,48.29,113.56,89.54,93.06,151.79,35.81,110.45,13.14,4.029,958.4,120.95,21.54,327.75,340.09,29.82,448.37,29.3,93.57,46.81,247.9,218.89,86.95,18.29,35.16,293.37,358.5,194.48,14.2,24.33,677.34,1214.1,278.47,598.27,26.0,180.5,394.95,95.45,841.49,25.88,19.3,181.93,71.78,9.07,107.53,195.68,49.83,7.79,1075.61,118.44,317.87,16.1,49.72,125.88,20.83,165.93,51.84,677.82,16.45,65.24,151.03,56.64,1059.58,137.14,28.61,1186.92,274.55,9.54,16.71,22.16,113.64,61.09,110.54,739.86,46.36,88.23,762.85,57.3,320.82,61.87,304.83,384.59,246.78,273.56,41.07,68.92,49.33,14.64,24.82,274.4,365.8,463.66,7.36,114.08,151.05,58.54,134.9,92.26
2026-07-28 12:00:00+00:00,88.26,339.72,250.74,264.99,480.87,464.39,231.48,1430.02,415.44,247.52,1592.95,57.56,383.74,42.92,115.82,8.07,167.57,17.81,2.785,25.71,508.75,33.06,132.22,839.68,187.73,344.6,241.06,166.3,973.81,65.01,197.35,181.74,182.05,67.32,117.01,386.82,98.91,24.37,48.62,116.52,90.39,94.58,154.9,36.23,107.06,12.57,4.005,952.69,122.08,21.94,333.81,345.14,28.57,448.21,29.22,93.44,45.03,248.82,225.59,87.6,18.53,34.77,293.74,355.5,193.29,15.17,24.45,647.38,1221.07,269.47,595.75,26.29,178.86,398.29,97.91,829.21,25.12,18.92,172.09,73.01,8.89,109.88,198.34,50.85,7.84,1080.64,120.25,321.14,15.2,47.72,124.0,20.81,167.1,50.91,679.67,16.45,64.07,154.46,51.42,1071.44,133.42,28.54,1113.78,272.53,8.28,16.72,22.57,113.46,61.31,116.39,742.88,45.98,89.05,747.48,57.3,314.46,62.44,310.07,393.31,247.44,279.52,40.92,69.64,48.88,13.94,24.3,269.08,367.86,452.38,7.57,113.95,148.73,57.56,135.81,91.03
2026-07-28 16:00:00+00:00,88.29,340.32,249.49,260.5,476.91,455.26,231.22,1423.33,418.09,245.1,1584.53,56.72,381.13,42.84,115.32,8.11,167.38,17.58,2.774,30.55,512.5,32.77,133.92,841.23,192.7,350.71,243.47,167.96,967.03,64.37,191.93,181.34,182.09,67.35,115.69,392.46,98.92,24.64,47.79,117.45,89.94,94.07,151.72,36.06,113.28,12.63,4.019,944.67,125.94,22.16,334.08,344.72,29.37,453.01,29.44,92.86,45.61,250.53,227.52,86.49,18.06,33.96,293.55,357.3,191.28,14.18,24.36,652.61,1221.6,269.71,593.98,25.52,174.75,394.13,96.26,822.0,24.6,18.04,169.89,72.45,8.91,110.81,197.15,50.97,7.9,1084.77,120.17,318.98,15.18,48.09,123.7,20.74,163.06,49.92,676.82,16.72,63.97,151.22,45.01,1052.46,130.33,28.52,1098.26,269.66,8.01,16.71,22.67,109.74,62.98,116.51,741.34,46.53,88.5,748.55,57.82,320.51,61.65,307.9,393.15,247.89,277.23,40.95,70.78,48.48,14.08,24.66,269.4,367.0,464.05,7.67,113.25,150.18,57.6,136.0,91.42
2026-07-28 20:00:00+00:00,89.44,341.61,247.93,264.49,481.14,461.33,232.28,1431.05,418.21,247.57,1593.56,56.65,384.47,43.4,115.3,8.06,188.31,17.66,2.763,30.01,512.9,32.85,133.95,842.07,191.9,352.06,246.3,167.71,971.77,64.25,196.4,181.16,182.8,67.63,116.68,392.67,99.2,24.52,48.65,117.33,90.27,94.9,154.93,36.3,116.6,12.97,3.961,949.36,127.18,22.15,335.92,345.07,29.19,455.16,29.58,93.92,45.55,254.56,226.73,87.66,18.5,34.16,294.32,357.52,174.87,15.15,24.78,660.81,1222.88,271.49,597.76,25.63,177.45,395.8,96.77,832.32,25.27,18.54,170.13,73.15,8.94,110.42,197.82,50.93,7.85,1087.31,120.23,320.31,15.41,48.43,124.32,20.82,165.02,50.57,681.02,16.75,63.89,155.6,46.29,1071.86,132.56,28.52,1121.43,269.34,8.37,16.77,22.66,111.85,61.91,116.69,744.23,45.71,88.51,794.55,58.26,362.22,62.79,307.42,395.84,248.83,279.81,40.58,70.59,48.49,14.18,24.4,270.62,362.17,478.59,7.6,114.23,150.71,58.36,131.54,91.05
2026-07-29 00:00:00+00:00,84.67,342.74,250.14,251.92,456.66,443.73,231.39,1416.0,414.43,237.81,1550.63,55.13,376.27,40.98,116.19,7.95,180.53,17.16,2.752,29.32,514.76,32.15,133.41,832.39,185.67,342.49,233.14,164.17,974.56,62.91,185.43,181.03,182.16,65.68,116.42,378.57,98.72,24.59,44.47,117.08,88.97,89.37,142.13,35.96,111.94,12.56,3.899,930.24,120.46,22.18,331.57,344.22,28.66,468.63,31.69,92.03,44.91,243.6,224.5,83.16,16.66,33.03,292.76,357.2,168.53,11.47,23.66,628.53,1218.54,259.42,594.98,27.22,168.59,396.29,95.71,780.5,22.12,16.72,162.42,73.08,8.66,110.54,195.12,50.88,7.68,1076.06,118.34,322.13,15.21,46.46,122.35,21.52,161.28,49.55,671.94,16.62,61.61,139.79,44.43,930.49,118.99,27.83,1016.73,267.21,6.87,16.67,23.07,100.01,68.58,114.32,739.83,47.68,88.44,757.67,60.01,344.79,60.33,303.75,381.54,248.17,274.78,41.41,70.34,48.46,13.98,25.28,262.42,364.55,443.62,7.66,114.37,149.18,58.57,128.16,91.41
2026-07-29 04:00:00+00:00,87.99,341.97,252.33,258.96,462.43,451.35,232.08,1417.0,419.54,243.18,1537.4,56.54,380.21,42.84,115.99,8.02,188.34,17.66,2.775,30.12,512.9,32.72,133.0,821.97,188.38,348.72,243.16,168.07,973.68,64.48,191.39,183.02,181.97,67.32,116.3,387.36,99.16,24.71,46.53,117.54,90.56,90.89,146.53,36.14,113.72,12.81,4.093,945.54,125.22,22.18,334.61,346.47,29.11,467.22,31.91,93.83,45.45,245.66,228.24,86.52,18.03,34.12,293.9,358.05,171.11,12.75,24.07,653.66,1226.29,260.53,598.85,27.39,172.76,398.36,97.94,809.96,23.91,17.57,169.69,73.04,8.76,111.48,196.61,51.17,7.8,1084.0,120.82,320.33,15.26,47.74,124.95,21.14,162.85,49.6,676.56,16.74,63.49,147.39,46.19,988.47,128.0,28.3,1063.42,270.15,7.54,16.75,23.23,104.43,65.95,115.57,743.14,46.68,88.2,786.69,59.66,355.31,61.66,306.85,387.07,248.39,277.19,40.85,71.17,48.45,14.2,24.66,270.03,364.66,462.14,7.58,114.09,150.42,58.37,131.62,91.16
2026-07-29 08:00:00+00:00,89.3,340.84,249.24,264.24,466.17,457.55,231.4,1419.6,413.95,245.51,1591.41,56.83,383.32,43.36,115.45,8.08,182.13,17.66,2.771,29.57,512.93,33.06,134.06,802.87,191.76,351.71,245.75,167.73,971.7,64.64,190.9,180.82,182.99,67.66,116.65,391.01,99.17,24.61,47.73,117.48,90.56,91.45,149.37,36.19,107.31,12.95,4.12,944.34,126.81,22.26,336.29,345.04,29.16,464.32,31.77,93.6,45.67,246.99,227.11,87.72,18.52,34.16,294.25,358.27,176.88,13.52,24.32,660.53,1220.99,265.82,596.89,27.17,174.63,394.97,97.8,829.19,25.04,17.97,171.74,72.63,8.95,109.89,197.75,51.14,7.84,1085.16,120.72,321.68,15.25,48.58,124.15,21.24,164.31,50.55,678.79,16.76,63.68,152.45,45.94,1001.15,129.51,28.26,1100.97,272.69,8.04,16.15,23.07,109.04,63.36,116.45,743.13,46.27,88.46,785.71,59.3,349.6,62.18,309.35,391.03,248.12,281.11,40.76,70.7,48.67,14.22,24.62,233.49,361.09,480.92,7.64,113.63,150.79,58.59,134.0,90.9
2026-07-29 12:00:00+00:00,79.99,341.22,263.78,250.81,447.81,429.09,228.18,1406.69,402.67,230.2,1546.72,55.12,372.72,38.68,114.88,7.89,160.8,17.03,2.651,27.22,510.7,33.2,128.25,784.21,175.8,332.41,224.68,164.24,976.68,62.68,181.35,189.36,180.46,61.57,115.37,371.33,98.92,24.33,45.5,115.78,89.58,89.92,145.44,35.63,103.7,12.33,3.867,906.87,126.32,21.97,333.34,340.9,27.71,463.12,32.05,89.67,44.82,242.04,227.01,83.14,16.64,30.68,289.58,349.02,174.59,12.42,24.0,604.58,1228.57,255.19,587.43,26.58,166.25,395.23,95.42,776.79,21.83,16.23,150.55,72.67,8.52,115.98,192.13,51.45,7.16,1079.68,117.13,314.91,14.85,45.39,125.35,21.14,160.07,47.93,667.32,16.25,60.68,147.4,41.4,974.78,128.41,26.7,1023.96,285.92,6.92,15.25,23.27,95.9,70.99,112.08,734.88,48.6,88.92,761.41,59.15,331.43,59.09,302.16,377.17,248.42,270.49,42.65,70.06,47.3,13.29,26.03,228.18,372.61,468.25,7.74,113.57,148.04,59.09,132.21,92.83
2026-07-29 16:00:00+00:00,76.63,338.47,263.43,249.99,437.4,429.67,226.85,1414.7,399.56,225.04,1553.35,53.14,370.89,36.95,115.14,7.82,164.01,16.62,2.521,27.17,509.36,32.78,129.41,781.16,169.59,330.63,222.71,160.42,974.32,61.46,177.82,188.6,179.89,60.98,112.68,370.53,98.42,24.61,44.81,115.37,89.49,89.46,144.47,35.53,103.15,11.91,3.799,903.61,124.11,21.86,337.02,338.76,25.03,466.18,31.91,89.61,44.44,241.68,226.67,81.98,16.14,29.39,288.78,345.19,170.21,12.15,23.99,603.19,1212.24,251.65,587.5,26.93,163.65,392.54,93.44,739.65,19.71,15.71,148.49,73.7,8.43,115.97,190.31,51.59,6.84,1083.66,118.05,314.02,14.85,43.71,123.16,21.19,156.02,47.51,663.1,16.34,58.73,145.95,40.19,959.25,127.01,25.76,1017.65,283.87,6.84,15.25,23.32,92.15,73.33,112.72,730.89,49.49,87.85,761.99,59.42,320.23,57.84,298.89,375.36,246.79,271.52,42.9,71.24,47.27,13.1,26.86,223.2,369.5,462.77,7.64,114.31,148.34,58.8,131.35,92.49
2026-07-29 20:00:00+00:00,76.74,340.3,263.43,252.68,450.94,428.29,230.27,1416.2,402.01,212.13,1569.86,53.47,373.36,37.94,114.51,7.81,166.78,16.81,2.574,27.63,509.36,32.85,129.82,779.7,173.39,330.04,221.99,160.01,974.67,61.9,176.02,188.88,183.78,62.16,113.46,371.6,98.33,24.64,44.8,115.25,90.1,90.66,145.46,35.57,104.44,12.06,3.867,907.65,123.84,21.87,336.1,338.6,24.98,473.01,32.22,88.91,44.7,242.72,226.45,81.3,15.86,29.99,289.35,345.72,171.95,12.3,23.89,599.65,1208.84,268.82,542.9,27.15,163.49,425.2,94.43,735.04,19.4,15.67,151.01,73.2,8.39,117.15,191.43,51.32,6.88,1080.98,118.47,323.0,14.99,44.29,122.81,21.4,148.92,48.01,667.14,16.4,58.91,148.37,40.56,951.62,125.91,25.94,1010.5,294.77,6.72,15.32,23.23,92.4,72.35,113.35,733.55,48.5,87.61,772.81,60.07,325.37,58.93,297.06,375.12,245.77,272.38,42.82,71.06,47.62,13.09,26.35,226.14,369.67,460.73,7.61,114.55,147.96,58.76,128.06,92.42
2026-07-30 00:00:00+00:00,76.88,338.95,262.24,254.1,442.44,433.04,231.02,1429.26,401.99,212.6,1575.55,53.4,373.25,37.9,113.95,7.83,165.64,16.81,2.537,27.5,508.88,32.92,129.35,783.32,172.55,332.82,221.92,160.61,973.63,61.84,177.77,188.24,183.19,61.75,112.9,373.6,98.38,24.73,44.58,115.18,89.64,91.07,144.93,35.53,104.68,12.09,3.851,909.91,124.55,21.86,335.68,338.71,25.0,480.82,31.23,89.05,44.74,242.43,225.82,81.22,15.82,30.25,289.22,345.86,173.83,12.21,23.14,608.15,1206.45,274.64,545.47,25.37,164.42,420.79,94.54,732.61,19.28,15.86,151.66,73.3,8.35,115.69,191.61,51.38,6.87,1082.55,118.78,323.84,14.98,44.35,123.09,21.25,150.05,47.98,667.69,16.37,59.41,146.63,40.77,932.56,125.64,25.97,1029.79,289.42,6.95,15.41,23.23,94.33,70.95,113.16,733.6,48.45,87.43,775.99,61.55,330.08,59.01,299.76,380.31,246.69,275.25,42.84,71.07,46.88,13.17,26.57,227.3,369.05,465.07,7.62,114.19,148.91,58.63,111.11,92.75
2026-07-30 04:00:00+00:00,75.97,338.89,263.7,249.56,443.49,425.87,229.61,1429.84,401.54,207.8,1569.92,52.91,370.12,37.44,114.18,7.81,162.92,16.72,2.553,27.46,507.48,32.96,128.73,784.91,170.78,330.33,220.24,160.44,976.14,61.78,175.06,188.53,182.87,60.96,112.9,371.08,98.12,24.65,43.57,115.29,88.81,89.74,142.58,35.49,104.29,12.08,3.811,904.53,122.5,21.85,334.85,338.4,25.01,473.28,31.04,87.93,44.57,242.19,225.95,80.15,15.43,29.83,289.13,344.89,172.64,11.65,22.73,602.57,1207.39,267.74,537.36,25.8,161.44,418.66,94.02,720.57,18.63,15.3,148.84,73.14,8.51,116.43,191.18,51.42,6.83,1083.1,118.41,320.21,14.92,43.68,122.98,20.82,146.46,48.08,664.39,16.34,58.77,143.01,39.85,904.23,122.22,25.88,1006.49,290.25,6.66,15.37,23.19,91.55,73.14,112.85,732.1,49.18,87.78,760.01,60.49,324.52,58.2,299.26,376.23,245.34,274.25,42.89,71.0,46.93,13.16,26.6,224.07,369.05,457.68,7.64,114.38,148.17,59.0,109.31,92.5
2026-07-30 08:00:00+00:00,80.9,336.56,256.75,261.29,468.29,448.31,234.68,1430.69,396.63,227.23,1613.52,54.45,377.13,39.64,114.63,7.87,175.85,17.1,2.559,27.89,506.68,32.81,129.84,806.66,176.97,348.33,231.37,162.73,966.52,62.52,182.32,181.3,182.6,65.07,114.15,378.58,98.19,24.64,46.26,115.18,90.66,91.63,148.21,35.86,106.49,12.36,3.901,937.38,128.23,21.89,337.46,338.49,25.23,472.3,31.68,90.64,45.36,248.18,224.45,84.21,17.0,31.62,290.51,345.66,178.34,13.02,23.14,637.15,1194.49,276.45,529.73,26.15,169.68,428.86,95.94,766.97,21.09,16.85,162.43,72.39,8.95,111.92,193.64,50.98,7.09,1087.16,121.23,320.68,14.98,45.57,121.97,20.85,146.69,48.43,672.57,16.72,60.29,151.98,43.97,961.57,130.71,26.7,1071.93,287.25,7.54,15.39,23.38,100.04,66.3,115.57,736.06,47.36,88.16,799.58,60.36,336.89,60.3,303.8,385.77,245.37,278.88,42.27,70.96,48.01,13.5,25.75,233.91,366.5,484.04,7.6,113.47,149.33,58.25,111.34,92.08
2026-07-30 12:00:00+00:00,89.68,332.13,247.16,292.84,495.81,482.96,238.55,1437.04,400.59,234.66,1657.45,56.4,384.0,45.2,115.32,8.35,206.84,17.62,2.6,28.66,505.16,33.46,127.25,805.49,195.63,365.59,246.75,161.9,956.56,62.64,198.51,179.78,182.88,74.99,113.01,406.74,95.5,23.59,50.99,112.59,92.88,93.87,158.26,36.18,109.19,13.32,4.031,967.96,134.35,21.81,333.38,332.73,26.63,470.67,31.23,87.21,46.59,253.73,221.98,92.26,20.15,37.39,291.04,349.77,183.88,15.53,23.78,686.11,1162.54,298.29,533.21,27.35,182.14,450.43,96.27,853.73,25.78,19.28,190.51,72.15,9.01,109.21,193.42,51.07,7.18,1098.95,125.26,320.39,15.83,49.72,121.38,20.8,151.98,51.65,680.96,16.33,63.22,164.3,51.64,1037.64,146.86,27.94,1249.95,292.94,10.02,16.0,22.91,113.72,55.36,114.72,738.22,45.44,89.28,842.25,60.26,357.51,62.51,305.74,401.64,244.86,279.94,42.09,69.25,49.08,14.31,25.17,227.52,362.99,527.62,7.51,111.57,149.55,58.39,117.7,91.65
2026-07-30 16:00:00+00:00,90.19,334.25,248.27,299.94,502.57,485.98,236.25,1435.19,404.59,241.89,1654.25,58.57,388.83,47.04,116.45,8.47,207.31,18.1,2.666,29.55,510.16,34.77,128.24,807.86,203.41,372.71,249.73,163.88,955.17,64.33,201.49,181.3,185.54,74.02,113.71,405.83,96.18,23.76,52.09,113.62,93.43,94.14,161.34,36.56,112.14,13.5,4.136,986.61,135.53,21.91,334.27,334.07,27.11,474.25,31.49,86.76,47.21,256.07,221.97,91.29,19.78,38.36,292.87,351.12,180.73,16.3,23.91,694.54,1155.88,297.82,540.22,27.48,183.43,452.1,97.74,875.32,26.9,19.48,188.65,73.26,9.1,110.19,195.42,51.58,7.6,1108.31,127.83,326.13,16.13,51.48,122.43,20.69,151.96,51.57,684.68,16.81,64.79,167.86,48.81,1060.74,148.91,27.8,1279.56,298.11,10.45,16.45,22.83,115.16,54.05,112.41,742.6,44.63,89.71,850.01,61.07,366.38,63.46,309.3,404.15,247.77,278.89,41.38,70.44,49.5,14.68,24.33,227.57,366.47,533.9,7.35,111.3,152.0,59.06,120.64,92.33
2026-07-30 20:00:00+00:00,95.75,313.16,246.71,322.81,519.54,499.73,258.24,1436.24,401.69,248.93,1682.41,59.99,390.85,58.3,118.63,8.73,219.35,18.1,2.645,29.13,509.89,34.92,128.48,814.96,207.37,379.95,261.08,155.47,954.69,63.78,211.48,179.74,186.27,76.33,113.15,400.16,96.29,23.79,53.64,113.04,93.04,94.86,162.79,36.65,113.18,13.82,4.155,994.39,139.48,21.87,336.1,332.98,27.21,479.06,31.85,87.56,47.57,261.28,221.43,95.24,21.44,39.49,293.45,351.24,186.02,16.89,24.63,714.96,1159.34,305.74,543.65,28.31,195.41,448.73,97.85,902.56,28.68,22.02,199.15,72.81,9.3,108.78,197.03,51.46,7.59,1105.85,129.46,325.89,16.28,53.55,123.35,20.77,153.35,52.0,689.07,17.46,67.03,172.53,50.35,1104.09,153.7,28.47,1352.55,301.5,11.62,16.45,22.5,124.52,49.58,112.9,744.25,43.69,89.77,876.59,61.3,376.35,64.7,309.36,413.02,246.19,280.96,40.94,70.42,49.51,15.05,24.16,233.44,366.78,560.28,7.43,111.02,152.32,59.17,116.04,91.88
2026-07-31 00:00:00+00:00,95.49,314.5,246.92,318.67,510.3,498.23,259.18,1440.24,406.86,246.87,1673.72,59.67,391.04,59.02,120.68,8.59,221.72,17.91,2.647,29.72,509.75,35.23,128.39,817.14,204.49,380.22,260.0,155.96,952.18,63.62,211.2,180.37,186.32,76.66,113.78,403.01,96.58,23.96,53.66,113.96,92.33,97.59,162.65,36.68,114.61,13.98,4.075,996.3,138.88,21.92,341.12,335.53,27.22,477.89,28.97,87.66,47.56,260.31,221.87,94.6,21.22,39.88,294.24,352.14,182.89,16.68,23.83,712.4,1158.91,305.37,546.74,29.48,192.8,447.6,96.69,897.64,28.23,21.46,200.74,73.02,9.19,109.45,197.7,51.66,7.59,1105.75,129.62,325.73,16.37,52.57,123.37,20.77,153.29,51.81,689.95,17.36,66.12,174.03,50.02,1152.09,156.09,28.37,1343.26,301.89,11.5,16.47,23.97,122.16,50.62,113.39,745.11,43.53,89.9,866.79,60.94,372.98,64.98,312.02,413.58,247.79,277.93,40.75,70.6,49.52,14.94,24.03,235.57,367.37,552.86,7.4,111.19,152.39,58.71,132.41,91.47
2026-07-31 04:00:00+00:00,95.83,311.62,245.65,323.29,524.77,504.01,261.46,1442.05,406.86,251.99,1708.31,59.92,393.51,59.74,119.75,8.59,223.42,17.59,2.651,29.74,509.52,35.14,129.56,819.86,207.18,383.67,262.06,156.39,953.26,63.32,212.84,179.35,187.35,77.49,114.24,410.53,96.55,24.21,54.36,114.49,92.18,98.49,166.67,36.8,115.5,14.09,4.057,998.8,140.14,21.97,341.19,336.0,27.23,476.21,28.6,87.51,47.81,266.34,221.72,95.55,21.68,40.48,294.85,351.85,187.1,17.95,23.06,728.63,1158.62,309.74,550.02,29.21,196.45,448.01,95.88,904.13,28.69,22.25,204.1,72.95,9.54,108.54,198.6,51.19,7.65,1115.62,130.42,327.92,16.45,53.6,123.29,20.76,154.53,52.26,692.53,17.36,66.71,180.03,50.95,1187.38,158.57,28.48,1333.38,303.42,11.27,16.57,23.5,126.85,48.52,114.03,745.94,43.02,89.82,872.83,60.73,380.25,65.76,316.59,418.85,248.18,280.94,40.54,70.86,49.77,15.07,23.98,236.92,367.15,554.05,7.43,111.29,153.07,58.71,124.6,91.41
2026-07-31 08:00:00+00:00,97.63,308.57,242.21,327.64,523.08,507.5,263.39,1443.24,405.07,259.34,1687.88,60.59,393.3,63.68,119.42,8.74,221.38,17.72,2.657,29.12,509.21,34.96,128.19,834.84,209.53,388.54,268.54,154.93,950.08,63.25,214.84,178.15,187.21,79.2,114.29,414.96,95.93,23.96,54.87,114.47,92.57,98.24,164.71,36.61,115.82,15.11,4.083,1035.91,142.72,21.95,339.03,334.88,27.16,478.79,29.3,87.52,48.24,263.8,221.56,96.08,21.93,40.76,294.1,353.02,188.25,17.31,23.78,739.18,1157.56,311.93,544.91,29.41,196.47,450.13,96.24,916.48,29.42,22.25,208.01,72.26,9.36,107.04,197.86,46.45,7.73,1106.36,130.75,328.51,16.39,54.57,122.65,20.8,155.17,53.13,692.53,17.35,67.13,179.55,50.61,1185.39,159.57,28.71,1360.09,301.98,11.75,16.49,23.73,128.28,47.9,113.97,745.33,43.12,89.38,898.4,60.45,384.41,65.63,313.29,420.74,248.2,281.72,40.71,70.52,50.6,15.18,24.02,240.47,366.19,567.12,7.41,110.56,152.35,59.14,124.45,91.77
2026-07-31 12:00:00+00:00,94.76,301.86,248.1,309.66,512.76,488.18,269.34,1438.17,387.26,245.99,1651.47,57.63,386.47,58.11,122.1,8.51,210.01,16.85,2.771,26.26,512.72,34.55,128.5,814.09,198.51,380.69,261.33,141.69,954.59,59.77,207.85,182.38,189.37,71.42,115.1,405.45,95.99,23.49,50.96,113.26,92.39,96.47,158.61,36.64,114.69,13.78,3.962,998.0,140.15,21.76,352.21,332.29,27.33,471.58,29.06,85.74,47.5,258.02,220.61,92.06,20.1,35.85,290.78,354.06,185.36,15.45,23.5,710.76,1146.21,300.6,546.98,29.33,191.34,463.65,91.75,828.07,23.95,21.12,184.88,71.77,9.13,111.07,196.65,47.15,7.34,1103.05,128.22,327.61,15.19,51.9,121.92,20.66,148.53,51.64,685.89,15.41,63.98,168.15,43.72,1111.28,146.8,27.82,1222.18,298.9,9.45,16.16,23.09,117.39,53.06,109.02,744.1,44.44,89.26,860.84,59.9,372.53,63.78,308.17,406.47,239.57,276.58,42.09,69.83,48.54,14.57,24.18,243.29,365.5,549.72,7.33,111.83,147.41,58.9,118.67,94.75
2026-07-31 16:00:00+00:00,94.52,309.54,250.8,311.08,508.35,477.09,272.01,1439.34,395.7,239.85,1631.58,59.18,389.66,60.54,122.42,8.52,206.24,17.31,2.685,25.98,512.69,35.23,127.82,815.46,199.12,377.37,263.83,146.4,954.35,62.65,207.86,184.23,191.22,71.86,116.16,406.01,96.34,23.5,50.43,114.21,92.51,96.54,157.55,36.7,113.89,13.96,4.036,992.41,138.45,21.75,356.85,332.52,27.77,472.58,28.92,86.73,48.0,257.92,224.12,90.35,19.43,36.88,291.52,352.31,183.13,15.14,23.54,714.79,1150.0,294.63,557.6,29.11,187.88,465.48,93.46,824.28,23.7,20.41,190.51,71.78,9.12,111.35,200.94,47.08,7.48,1104.9,130.18,331.9,15.16,52.61,123.28,20.66,147.91,51.39,689.21,15.25,65.04,165.53,48.3,1088.62,143.98,28.41,1217.28,293.55,9.36,16.32,23.31,114.83,54.34,108.62,747.64,43.8,89.53,856.89,59.97,368.37,64.69,311.61,405.06,243.57,275.94,41.91,70.49,48.63,14.99,23.27,242.09,366.39,545.68,7.38,111.39,147.25,59.65,114.87,96.25
2026-07-31 20:00:00+00:00,92.57,307.79,250.16,305.89,507.09,472.94,270.55,1437.15,393.15,235.56,1626.91,58.39,387.68,58.94,121.98,8.45,201.84,17.11,2.698,26.18,510.88,36.16,127.8,814.03,196.89,373.34,260.8,145.97,951.66,61.59,205.73,183.68,190.85,71.23,116.55,403.01,96.37,23.53,49.87,113.89,92.35,96.14,157.19,36.43,112.6,13.92,3.966,989.19,137.24,21.73,354.7,330.96,27.59,472.98,29.15,86.3,47.7,256.75,222.91,89.38,19.04,36.75,289.49,351.63,181.98,15.03,23.27,707.03,1150.99,292.65,554.82,29.4,185.95,462.22,92.83,814.39,23.08,19.98,187.23,71.81,9.1,110.52,199.36,47.01,7.38,1103.65,129.27,330.58,15.18,51.95,122.88,20.61,147.49,50.87,685.85,15.38,64.33,162.63,47.24,1085.86,142.9,28.17,1208.56,291.42,9.09,16.21,23.18,113.04,55.08,107.96,745.38,44.28,89.59,849.22,59.91,366.45,63.91,309.75,404.66,242.61,274.99,42.48,70.38,49.16,14.92,23.64,241.31,366.46,538.28,7.36,111.43,147.28,60.3,116.12,95.23
2026-08-01 00:00:00+00:00,92.67,308.06,250.37,304.1,508.46,473.88,269.69,1437.1,394.87,235.48,1636.67,58.44,388.58,59.82,122.07,8.47,201.72,17.19,2.664,26.15,510.16,35.54,127.38,806.67,195.93,374.41,260.36,146.1,951.04,61.77,204.72,182.59,190.53,71.2,116.11,405.62,96.09,23.66,49.97,113.88,92.08,96.15,157.63,36.3,112.78,13.98,4.032,991.35,136.77,21.69,354.37,331.29,27.62,473.14,29.28,86.33,47.8,257.47,223.1,89.88,19.26,36.94,289.63,352.88,182.72,15.03,23.26,709.07,1152.19,292.35,554.67,29.08,186.03,460.83,94.11,817.79,23.32,19.98,186.69,71.82,9.09,110.27,199.76,47.24,7.38,1098.85,129.29,331.19,15.21,52.07,123.14,20.59,147.57,51.64,686.9,15.43,64.63,161.75,47.15,1086.34,144.66,28.23,1216.72,290.59,9.23,16.17,23.3,112.51,55.41,108.68,746.15,44.2,89.54,846.95,60.04,371.98,64.0,310.0,405.56,243.57,274.77,42.42,70.48,49.12,14.98,23.58,242.81,365.96,540.31,7.36,111.6,147.26,59.98,116.96,94.77
2026-08-01 04:00:00+00:00,94.13,307.36,249.18,304.9,510.93,474.92,269.85,1439.38,394.54,235.85,1634.64,58.7,389.59,61.74,122.16,8.47,203.4,17.18,2.67,26.01,509.96,35.71,127.53,802.71,195.78,376.43,262.52,146.22,953.53,61.7,205.22,182.18,189.11,71.61,116.29,407.02,96.11,23.65,50.25,113.8,92.11,95.98,156.83,36.29,112.14,14.02,4.026,982.56,137.87,21.68,354.51,330.64,27.81,473.54,29.17,86.34,47.83,256.87,223.09,90.52,19.54,37.48,289.79,353.34,183.32,14.8,23.29,714.21,1151.09,292.31,554.79,29.15,186.87,461.92,94.23,821.49,23.57,20.16,188.18,71.74,9.1,109.96,199.93,47.09,7.43,1096.55,129.38,330.18,15.17,52.14,123.35,20.58,147.41,51.62,687.53,15.41,65.18,162.68,47.54,1092.09,146.17,28.3,1226.4,289.88,9.4,16.17,23.05,113.52,54.79,108.89,746.3,44.2,89.36,852.23,60.02,373.43,64.04,310.16,406.37,244.17,274.71,42.28,70.54,48.98,15.03,23.54,241.34,366.16,545.24,7.36,111.31,146.93,59.1,115.71,94.62
2026-08-01 08:00:00+00:00,92.42,308.08,249.36,303.04,511.83,474.95,269.84,1443.54,392.35,235.73,1633.29,58.58,390.45,60.29,122.26,8.47,203.58,17.13,2.695,26.06,510.96,35.68,127.65,813.22,195.41,378.58,261.71,146.21,952.66,61.52,204.89,182.49,189.11,71.86,116.29,406.16,95.69,23.44,50.41,113.57,91.99,95.86,157.41,36.26,111.72,13.98,3.987,970.86,137.41,21.66,354.07,330.43,27.69,475.13,29.36,86.21,47.29,256.05,223.45,90.82,19.62,37.14,289.67,353.38,182.93,15.04,23.23,717.55,1150.45,293.74,555.21,28.61,186.94,461.54,94.06,823.63,23.65,20.16,188.7,71.66,9.08,110.74,200.15,47.32,7.41,1097.55,129.13,330.45,15.11,51.62,123.37,20.58,147.2,51.99,687.11,15.38,65.0,163.36,47.36,1094.69,146.0,28.47,1227.81,290.81,9.47,16.17,23.09,113.68,54.64,109.17,745.43,44.25,89.14,852.53,60.37,374.57,63.96,309.88,406.7,243.59,276.28,42.52,70.52,48.71,15.07,23.52,240.53,365.72,546.05,7.37,111.35,146.56,59.33,113.6,94.55
2026-08-01 12:00:00+00:00,92.29,308.33,248.88,302.01,506.77,472.66,269.81,1437.49,391.81,235.09,1633.19,58.06,389.23,59.84,122.4,8.42,201.85,17.14,2.665,25.97,510.16,36.17,127.96,803.58,194.72,377.78,259.86,146.63,951.85,61.29,202.88,182.38,188.25,71.21,116.12,404.31,95.41,23.56,49.93,113.98,91.83,95.83,157.38,36.27,112.36,13.87,3.968,971.24,136.46,21.67,353.35,329.67,27.57,479.41,29.3,86.02,47.28,256.3,223.36,90.14,19.3,36.88,288.92,353.46,182.65,15.04,23.21,712.84,1148.51,290.81,555.31,28.62,185.35,461.28,93.71,816.94,23.25,19.79,186.48,71.64,9.08,110.99,199.52,47.27,7.41,1095.55,129.0,328.92,15.08,51.72,123.42,20.61,146.96,51.94,686.09,15.3,64.5,163.47,46.92,1085.97,144.64,28.55,1215.5,291.68,9.26,16.2,23.02,112.75,54.95,108.96,745.12,44.21,89.45,845.95,60.69,373.25,63.93,309.09,405.78,243.36,276.43,42.6,70.39,48.63,15.01,23.55,240.26,365.41,537.55,7.39,111.4,146.03,59.43,114.45,94.43
2026-08-01 16:00:00+00:00,92.94,306.71,247.89,300.57,508.24,469.96,269.59,1437.33,390.83,234.21,1630.65,58.19,387.71,60.92,121.79,8.37,203.1,17.06,2.665,25.92,507.8,36.38,127.27,810.29,193.51,375.88,260.88,144.3,953.01,60.5,205.71,182.3,188.6,71.0,116.48,401.99,95.33,23.46,49.39,113.87,91.67,95.61,156.02,36.54,111.35,13.98,3.929,969.62,137.49,21.7,352.31,328.93,27.44,481.17,29.26,85.79,47.23,254.31,222.41,89.51,19.08,38.11,289.27,352.97,181.84,14.54,23.08,712.86,1150.31,290.85,553.3,28.35,184.33,460.66,92.32,813.73,23.12,19.65,185.22,71.56,9.04,110.55,198.94,46.59,7.43,1093.9,129.04,329.46,15.06,51.26,122.96,20.61,147.26,51.53,683.71,15.06,64.37,161.27,46.07,1069.61,142.35,28.33,1195.5,291.55,9.01,16.22,23.02,111.99,55.36,108.14,743.21,44.56,89.53,842.46,61.13,369.85,63.35,307.3,404.21,243.83,275.36,42.48,70.59,48.64,14.94,23.63,240.17,364.78,537.98,7.35,111.08,145.49,59.49,111.86,94.31
2026-08-01 20:00:00+00:00,92.66,307.34,248.42,302.92,511.93,473.11,269.57,1437.04,392.09,235.29,1636.66,58.62,388.53,60.65,121.93,8.41,205.68,17.13,2.668,25.94,508.42,36.17,127.76,811.62,195.06,379.62,262.75,145.28,954.27,60.74,208.54,181.8,189.13,71.12,116.25,406.08,95.51,23.42,50.05,113.43,91.75,96.09,157.35,37.1,112.16,14.05,3.946,966.88,138.02,21.66,352.39,329.4,27.82,478.99,29.29,86.14,47.42,254.88,222.8,90.01,19.32,37.81,289.14,352.78,183.8,15.04,23.14,711.72,1150.45,290.98,553.62,28.29,185.56,460.51,92.94,822.24,23.6,19.86,186.89,71.57,9.03,110.73,199.33,47.03,7.46,1094.55,129.51,330.0,15.03,51.96,123.2,20.61,148.93,51.81,685.61,15.04,64.41,163.23,47.02,1087.11,145.14,28.6,1218.9,291.47,9.36,16.2,22.97,112.88,55.05,108.62,745.01,44.36,89.47,841.46,61.31,368.5,63.63,308.78,404.64,243.67,276.36,42.5,70.41,48.52,14.96,23.75,239.97,364.11,541.82,7.38,111.24,144.72,59.31,111.76,94.48
2026-08-02 00:00:00+00:00,95.43,308.95,254.23,307.16,517.57,484.57,272.02,1437.24,393.25,239.56,1650.2,59.48,393.16,61.94,122.87,8.6,209.47,17.39,2.68,26.14,512.17,36.05,127.86,809.46,195.44,380.04,267.89,147.22,956.55,61.27,212.99,184.27,190.07,72.25,116.76,412.77,95.39,23.39,51.14,113.65,92.26,96.45,160.4,37.66,111.95,14.34,3.954,976.28,140.36,21.68,355.84,329.92,28.02,481.0,29.45,87.43,47.45,256.52,224.62,92.28,20.19,38.14,289.66,352.91,185.5,15.76,23.26,726.79,1150.48,293.76,559.7,28.82,193.05,463.3,94.57,837.67,24.47,21.57,194.33,71.82,9.04,111.05,200.6,47.31,7.53,1096.4,130.67,329.81,15.07,53.27,124.08,20.7,150.14,52.24,691.41,15.16,65.39,167.58,47.48,1112.96,148.04,29.01,1237.73,291.57,9.61,16.21,22.98,119.4,51.7,108.94,749.55,43.34,89.76,847.26,61.95,375.54,65.3,311.77,410.4,243.59,277.65,42.24,70.82,48.66,15.24,23.45,241.98,364.92,549.36,7.43,111.75,145.77,58.65,115.99,94.73
2026-08-02 04:00:00+00:00,94.93,311.32,254.21,307.63,516.14,484.72,272.06,1437.94,394.55,238.99,1653.13,59.58,393.17,61.02,123.16,8.57,210.93,17.35,2.671,26.07,512.99,36.15,127.91,806.27,195.0,379.36,266.71,147.53,956.48,61.55,214.6,188.21,190.73,72.54,116.77,412.65,95.39,23.38,51.5,113.51,92.54,96.1,160.89,37.57,111.92,14.29,3.967,976.67,140.42,21.68,355.49,332.92,28.06,480.81,29.27,87.62,47.93,256.24,224.73,92.4,20.22,38.21,290.01,352.1,185.32,15.89,23.16,724.66,1152.6,292.87,558.5,29.28,192.7,461.12,94.44,845.27,24.85,21.51,197.23,71.83,9.06,111.91,200.63,47.38,7.5,1101.1,131.03,329.72,15.1,52.91,124.08,20.69,150.71,51.95,691.73,15.23,65.34,168.7,47.04,1126.2,148.92,29.04,1245.13,294.46,9.65,16.22,23.06,120.89,51.01,108.88,749.64,43.38,90.02,852.7,61.6,372.57,65.18,312.07,412.19,243.02,277.11,42.24,70.87,48.88,15.26,23.49,243.69,365.54,548.22,7.42,111.9,145.7,58.31,117.33,94.72
2026-08-02 08:00:00+00:00,94.2,309.6,254.0,307.22,515.02,484.48,272.2,1436.19,392.53,238.45,1649.79,59.15,392.58,60.8,123.08,8.54,207.52,17.12,2.697,26.16,512.07,36.16,127.82,808.9,194.61,377.57,266.04,146.64,954.69,60.71,214.96,187.86,190.95,72.05,116.73,409.99,95.57,23.38,50.77,113.88,92.58,96.25,159.34,37.28,111.7,14.19,3.908,974.03,139.4,21.76,355.23,333.5,28.23,480.1,29.33,87.46,48.03,256.71,223.97,92.18,20.11,37.61,289.5,352.84,184.53,15.59,23.16,721.14,1154.19,291.65,558.59,29.14,190.74,461.87,93.41,839.04,24.54,21.13,194.6,71.81,9.04,113.0,200.31,47.69,7.46,1101.1,130.3,329.72,15.15,52.18,124.18,20.75,150.47,52.01,690.44,15.15,64.94,164.98,47.31,1099.62,146.01,28.85,1228.48,296.08,9.42,16.23,23.03,120.9,51.03,108.57,748.74,43.56,89.71,845.25,61.78,372.02,64.96,312.0,413.35,243.03,275.75,42.64,70.91,49.01,15.19,23.25,244.73,366.16,542.88,7.43,111.91,145.5,58.45,117.86,94.84
2026-08-02 12:00:00+00:00,95.12,310.39,254.39,309.31,515.66,486.41,273.1,1435.45,393.55,240.87,1655.23,59.39,393.07,61.35,123.82,8.45,208.43,17.12,2.691,26.42,512.46,36.32,128.16,806.1,196.16,377.08,267.79,146.74,955.79,60.8,215.49,186.52,189.69,72.52,116.95,407.91,95.65,23.39,51.08,114.16,92.45,96.4,159.67,37.26,112.44,14.34,3.928,978.16,139.04,21.75,355.5,333.52,28.16,480.99,29.0,87.85,48.1,256.54,224.23,92.56,20.3,37.47,289.87,353.77,183.74,15.62,23.13,725.57,1155.43,295.27,559.58,29.56,191.69,463.16,93.35,842.8,24.84,21.37,196.24,71.74,9.04,113.37,200.85,47.36,7.47,1103.0,130.5,329.6,15.16,52.18,124.11,20.8,150.38,51.46,691.28,15.17,65.42,165.8,47.29,1104.49,146.92,29.0,1238.57,296.16,9.56,16.24,23.22,122.5,50.41,108.84,749.41,43.29,89.69,846.09,61.7,372.33,65.37,312.25,413.67,243.09,277.0,42.66,70.87,49.0,15.28,23.15,244.82,365.57,546.82,7.26,111.52,145.31,58.47,119.1,95.04
2026-08-02 16:00:00+00:00,97.11,311.11,255.52,318.5,516.97,489.17,273.89,1433.4,396.01,242.88,1660.0,59.56,395.22,62.52,123.88,8.47,211.63,17.26,2.68,26.46,512.85,36.32,128.37,814.21,195.98,378.81,270.73,146.96,953.62,61.31,215.5,186.85,192.46,72.94,117.03,410.34,95.77,23.41,52.0,113.95,92.55,96.65,160.74,37.24,113.95,14.17,3.934,980.95,140.18,21.78,356.03,334.25,28.16,481.7,29.04,88.3,48.05,257.62,225.13,93.31,20.62,37.99,289.76,354.09,186.98,15.79,23.24,735.57,1155.31,297.71,561.04,29.76,193.32,463.1,94.11,852.91,25.36,21.68,197.24,71.8,9.09,112.91,201.85,47.25,7.49,1101.96,130.84,329.86,15.24,52.28,124.6,20.91,150.51,51.66,692.95,15.24,65.91,169.04,47.94,1129.66,149.51,29.03,1250.95,301.42,9.76,16.25,23.22,123.2,50.12,109.09,750.7,43.08,89.9,851.33,61.75,374.09,65.71,313.92,416.4,243.68,279.23,42.57,71.0,49.02,15.31,23.05,245.3,366.47,552.85,7.32,111.67,145.89,58.65,119.28,95.01
2026-08-02 20:00:00+00:00,96.65,310.91,254.97,317.4,515.99,491.76,275.77,1436.69,396.14,243.28,1659.66,59.33,395.36,61.79,124.21,8.45,212.09,17.32,2.668,26.56,512.52,36.49,128.33,813.74,197.75,386.65,270.27,147.53,953.98,61.42,214.75,185.45,192.82,72.94,117.21,410.63,95.86,23.45,52.31,115.74,92.82,96.84,162.38,37.18,114.09,14.08,3.956,983.99,141.24,21.86,358.54,333.37,28.16,482.24,29.0,88.91,48.4,264.4,225.44,93.09,20.54,38.06,291.17,353.76,187.54,16.31,23.26,734.83,1155.45,298.78,555.6,29.54,193.58,464.7,94.5,855.34,25.53,21.73,201.27,71.68,9.18,113.08,200.55,47.56,7.54,1103.96,131.45,331.2,15.12,52.67,124.85,20.77,150.23,52.01,693.7,15.26,65.79,173.52,47.99,1143.92,150.37,28.94,1243.06,304.15,9.65,16.26,23.06,123.6,49.95,108.93,750.43,43.0,89.8,869.59,61.75,374.98,65.84,315.23,416.82,244.13,279.37,42.08,70.99,49.02,15.48,23.01,245.45,366.02,553.29,7.39,111.58,145.72,58.22,118.98,95.19
2026-08-03 00:00:00+00:00,97.25,309.22,251.48,318.4,518.39,488.98,276.37,1436.15,399.05,244.6,1660.76,59.98,394.6,62.08,127.66,8.54,212.05,17.08,2.677,26.75,512.61,35.81,126.72,823.08,201.95,385.74,271.16,147.51,951.26,61.48,213.26,185.2,194.07,73.84,116.43,413.21,96.88,23.61,51.77,114.19,93.66,98.63,161.24,37.15,114.98,14.35,3.973,1002.38,142.97,21.78,361.49,335.55,28.24,492.45,27.88,88.06,48.69,274.82,225.22,92.59,20.31,37.88,293.22,353.93,186.17,16.13,22.86,733.46,1154.02,300.26,566.55,31.74,192.96,469.47,93.4,843.95,24.84,21.48,196.62,72.07,9.27,112.53,202.26,47.29,7.62,1106.19,132.11,335.92,15.12,53.52,125.36,20.64,149.49,52.12,695.28,15.4,66.22,168.51,48.47,1110.59,145.76,29.0,1258.0,299.55,9.96,16.49,22.95,121.11,51.32,108.98,751.86,42.6,89.84,871.27,62.66,378.57,66.5,315.18,412.02,244.82,279.19,41.18,70.99,48.91,15.28,22.99,246.72,367.37,557.68,7.4,111.53,148.7,58.19,115.96,96.37
2026-08-03 04:00:00+00:00,96.15,309.41,253.41,313.43,513.77,482.94,275.21,1443.07,397.71,241.79,1646.56,59.6,393.48,61.21,127.93,8.51,209.94,16.86,2.683,26.68,512.88,35.38,126.5,819.33,200.1,382.13,267.31,146.62,952.03,61.7,210.45,186.27,193.57,73.18,116.16,410.11,97.03,23.62,51.05,114.49,93.61,97.91,161.1,37.0,115.12,14.36,3.992,998.72,141.7,21.79,361.37,334.75,28.29,489.2,27.89,87.76,48.55,272.96,226.2,91.44,19.84,37.77,293.51,353.61,184.81,16.06,22.54,724.83,1152.59,295.08,566.18,31.41,190.85,469.16,92.23,833.17,24.22,21.0,195.15,72.07,9.2,112.9,201.72,47.29,7.56,1113.19,131.86,337.9,15.11,53.17,125.14,20.44,148.91,52.75,693.33,15.42,65.64,167.02,48.45,1095.85,143.77,28.79,1237.04,298.76,9.69,16.49,22.88,117.43,53.17,108.67,751.62,43.03,89.37,861.73,62.9,371.57,65.86,314.02,408.1,244.16,278.07,41.15,71.13,49.1,15.19,22.87,244.94,367.64,549.94,7.39,111.6,148.25,58.6,119.92,96.37
2026-08-03 08:00:00+00:00,90.76,312.23,258.95,298.62,495.35,464.24,276.84,1444.51,405.1,232.32,1617.16,58.35,385.74,57.08,127.59,8.41,197.53,16.91,2.697,26.39,514.49,35.48,127.69,803.23,194.71,370.13,255.87,144.36,959.03,59.03,201.16,190.74,196.3,71.1,116.87,397.17,97.2,23.68,48.64,110.68,92.66,96.71,155.88,36.65,112.81,14.05,4.077,986.99,138.09,19.75,362.47,336.3,27.73,489.74,27.85,86.61,47.81,269.32,229.52,87.91,18.35,36.3,293.37,355.5,178.25,14.57,22.61,696.14,1169.27,285.21,567.34,31.95,182.02,474.75,91.89,786.17,21.48,19.09,185.52,72.73,8.92,115.63,198.85,47.39,7.44,1116.62,133.3,342.09,15.28,50.88,125.98,20.43,146.26,52.53,689.23,15.4,64.29,160.89,47.03,1054.25,137.82,28.14,1163.9,304.66,8.52,16.4,22.85,106.04,58.55,106.58,751.23,43.76,89.8,824.4,62.54,356.67,64.79,312.41,398.33,247.81,271.54,41.12,70.96,49.19,14.95,22.91,237.37,369.85,522.67,7.39,112.65,148.49,58.95,119.81,97.94
2026-08-03 12:00:00+00:00,106.76,304.32,254.31,318.89,512.62,480.85,285.46,1451.0,405.05,237.73,1636.77,64.51,388.73,68.93,128.97,8.57,217.03,17.26,2.676,27.14,515.09,36.35,130.8,822.2,214.68,383.3,288.37,149.16,951.5,59.69,211.85,189.0,198.0,82.37,115.25,417.89,97.93,23.55,49.93,109.45,92.85,97.36,156.98,36.44,115.9,14.45,4.078,999.36,145.67,19.01,375.14,335.7,30.86,495.29,28.18,91.46,49.29,278.76,227.49,90.36,19.42,39.26,296.15,353.2,180.17,14.89,22.57,763.45,1120.35,290.55,593.51,32.52,190.4,486.66,94.72,815.24,23.18,20.92,215.06,73.07,9.35,115.56,207.05,46.71,8.23,1116.66,137.57,339.57,16.21,52.78,125.1,20.63,149.73,53.6,698.17,15.56,70.26,164.3,51.84,1080.82,139.44,28.52,1255.6,314.3,9.93,17.45,22.75,113.76,54.71,111.68,756.61,42.04,92.05,812.24,63.15,362.51,67.24,323.8,403.35,247.69,269.42,39.91,71.57,50.31,15.67,22.75,257.79,366.49,518.57,7.54,110.67,147.76,59.24,123.64,99.35
2026-08-03 16:00:00+00:00,110.32,303.69,251.42,321.72,518.46,485.03,284.23,1442.64,407.36,239.36,1646.23,63.68,392.77,68.82,127.46,8.53,218.98,17.47,2.526,28.36,513.27,36.24,134.88,831.73,220.24,391.78,288.89,146.75,954.78,60.41,218.79,186.26,202.9,85.83,116.04,429.69,98.22,23.47,51.18,107.3,93.0,98.06,160.4,36.5,117.62,14.59,4.074,1008.71,146.87,19.06,374.03,340.13,30.87,494.14,28.19,90.45,50.37,282.42,226.38,91.12,19.7,39.83,296.65,353.1,183.06,15.9,22.7,781.14,1123.49,294.86,591.51,32.75,194.04,487.84,94.98,829.78,24.0,21.71,212.91,73.41,9.37,114.46,206.93,47.1,8.37,1117.81,142.17,347.28,16.3,52.73,126.09,20.7,151.82,55.62,700.79,15.35,70.58,168.62,52.38,1108.0,142.86,28.69,1289.93,308.52,10.45,18.05,22.67,116.86,53.16,114.68,758.4,41.48,92.52,833.19,63.37,366.28,67.96,322.51,406.87,245.81,269.3,39.78,71.62,50.77,15.88,22.94,262.41,366.43,528.52,7.55,110.84,147.73,58.84,124.75,98.31
2026-08-03 20:00:00+00:00,113.34,304.25,251.17,328.27,521.55,495.82,279.61,1445.3,409.37,244.32,1655.93,64.02,392.67,71.09,128.03,8.54,222.01,17.32,2.62,27.48,514.09,36.2,134.93,842.58,221.12,393.29,294.01,147.94,953.64,60.45,221.94,185.01,203.3,86.71,115.7,434.9,98.01,23.56,52.08,107.64,93.9,98.22,163.35,36.6,121.8,15.14,4.034,1011.95,150.33,19.09,371.48,339.7,31.1,496.61,28.31,91.18,51.85,275.48,227.16,92.55,20.3,40.46,297.0,353.52,184.14,16.79,22.86,790.92,1124.8,297.4,590.59,33.19,199.87,484.31,94.24,842.3,24.73,23.0,217.25,73.28,9.47,114.83,207.14,47.15,8.38,1122.26,142.86,348.14,16.19,53.57,144.58,20.74,152.23,56.09,702.37,15.56,71.34,171.42,52.93,1133.53,146.97,28.9,1328.8,309.13,11.1,18.04,22.59,120.21,51.66,115.22,759.01,41.2,92.04,838.55,63.36,369.5,68.45,323.06,410.49,246.23,270.69,39.5,71.78,51.04,16.17,22.82,268.08,366.22,534.19,7.55,110.85,147.6,58.85,126.46,98.3
2026-08-04 00:00:00+00:00,113.25,305.11,252.2,326.24,516.92,493.17,281.04,1446.44,411.52,242.18,1641.37,64.41,391.94,70.15,129.46,8.56,221.03,17.27,2.622,27.89,515.14,36.54,135.26,847.01,220.33,397.36,296.42,148.56,957.09,60.52,220.34,186.89,204.45,86.64,115.94,432.29,98.48,23.58,50.5,107.92,93.06,98.53,160.08,36.47,120.68,15.2,4.11,1012.88,149.75,19.17,375.07,341.11,31.0,488.79,27.75,91.31,51.9,268.08,228.01,91.62,19.95,40.34,296.88,355.5,182.5,15.8,23.05,799.05,1127.82,293.54,591.95,30.18,197.07,486.77,93.77,828.0,23.92,22.38,217.42,73.62,9.43,115.26,207.43,47.2,8.41,1120.01,143.59,349.04,16.22,52.99,144.54,20.63,152.03,56.13,703.1,15.43,71.54,162.08,52.54,1064.8,141.48,28.88,1292.66,312.16,10.53,18.04,22.52,116.9,53.11,117.02,760.28,41.07,92.06,835.96,62.4,365.31,68.73,324.36,405.75,245.87,268.1,39.67,72.08,50.74,16.14,22.77,265.52,366.77,531.15,7.56,110.95,148.11,58.93,128.16,98.91
2026-08-04 04:00:00+00:00,115.76,304.57,250.42,333.17,527.28,497.26,280.13,1450.9,411.8,244.98,1668.29,64.97,395.54,71.45,128.19,8.67,225.0,17.31,2.599,28.27,514.61,36.37,135.13,843.46,223.3,398.42,299.37,148.09,954.97,60.77,223.4,185.1,204.17,87.14,116.33,436.53,98.04,23.62,52.04,108.92,93.51,98.93,163.72,36.56,119.86,15.26,4.12,1017.57,151.35,19.2,371.81,341.14,31.08,486.33,27.99,91.29,51.78,272.68,226.23,93.15,20.6,40.48,297.22,354.24,186.31,16.85,23.25,809.2,1127.35,300.06,590.07,29.37,201.41,484.63,94.11,848.41,25.12,23.32,219.61,73.32,9.54,113.94,208.3,47.57,8.44,1138.55,143.53,351.71,16.29,53.78,144.4,20.49,153.32,56.27,705.15,15.53,71.96,167.65,53.83,1106.32,145.79,29.03,1316.13,311.25,10.94,18.06,22.57,122.54,50.62,115.82,760.26,40.76,91.86,844.02,62.2,373.24,69.3,325.4,409.77,245.76,271.95,39.42,72.07,50.85,16.21,22.69,267.56,366.56,538.18,7.56,110.09,148.0,58.97,129.1,98.52
2026-08-04 08:00:00+00:00,133.98,303.1,246.86,348.43,546.66,509.69,277.02,1454.7,411.37,251.13,1694.2,67.24,404.16,69.14,126.15,8.68,229.23,17.5,2.621,28.64,512.28,36.72,134.9,914.57,225.13,427.6,340.0,148.18,949.39,60.89,235.77,183.11,203.0,86.96,117.99,446.73,98.02,23.48,53.72,107.48,93.65,100.51,167.11,36.71,123.86,15.89,4.016,1041.78,160.85,19.07,368.72,340.85,30.87,486.41,27.85,91.82,52.94,275.79,225.11,96.39,21.99,40.45,298.05,353.58,192.36,17.88,23.33,894.9,1124.92,310.55,578.81,30.15,210.48,478.8,94.31,871.69,26.42,25.38,219.02,72.71,9.86,112.36,210.75,47.71,8.64,1145.45,140.82,350.3,16.48,56.01,145.14,20.54,156.34,59.6,709.16,15.56,73.42,173.42,56.54,1142.08,149.93,29.69,1369.82,306.42,11.78,18.07,22.56,132.84,45.98,118.61,761.2,40.08,92.1,880.24,61.8,386.63,70.47,326.02,417.75,245.01,276.26,39.16,71.78,51.09,16.57,22.47,278.36,365.83,567.0,7.54,109.3,148.58,58.3,129.37,97.35
2026-08-04 12:00:00+00:00,132.84,306.8,253.94,353.89,544.98,522.97,277.89,1457.15,418.73,274.54,1698.56,69.13,416.67,65.41,129.07,8.89,233.15,17.68,2.58,28.81,515.12,35.42,136.98,879.6,219.1,415.54,329.4,151.78,945.39,63.27,237.48,189.8,210.0,91.85,120.63,465.08,98.46,23.83,54.65,108.95,94.37,101.59,169.88,36.43,127.58,15.34,4.213,1016.76,157.08,19.0,376.34,347.31,31.7,490.17,27.85,92.97,52.36,279.04,231.45,99.69,23.44,41.54,300.93,361.8,194.25,18.69,23.53,853.87,1130.0,313.1,584.81,30.04,217.85,497.77,96.45,893.46,27.7,27.04,224.59,72.84,9.96,116.01,210.93,47.66,8.84,1134.16,146.4,359.41,16.72,57.66,158.16,20.78,162.35,58.19,719.44,15.82,74.26,177.54,56.84,1153.53,150.51,30.75,1409.75,317.92,12.44,18.44,22.48,138.15,43.4,119.7,769.27,38.16,94.1,857.15,62.34,404.45,73.53,324.57,415.75,242.41,282.05,37.93,71.76,51.99,16.88,22.8,273.93,368.15,546.33,7.65,110.16,151.05,58.37,129.34,101.29
2026-08-04 16:00:00+00:00,131.61,309.48,257.73,362.45,547.54,525.63,277.65,1458.49,421.59,280.68,1712.76,70.39,418.68,65.42,129.14,8.88,228.72,18.09,2.509,27.8,517.53,37.49,137.31,880.34,227.39,412.07,324.48,150.92,948.63,63.46,238.24,191.03,211.4,91.9,121.8,467.49,98.24,23.65,54.92,109.88,94.82,102.28,171.28,36.12,127.06,15.7,4.221,1019.97,160.09,19.23,378.23,348.87,32.14,491.13,27.87,93.61,52.54,280.38,235.17,100.97,23.95,40.92,302.06,358.08,195.55,19.15,23.76,850.93,1118.26,318.05,588.51,30.29,218.79,493.25,97.73,892.54,27.62,27.27,225.81,73.67,9.94,118.47,212.04,44.21,8.86,1143.98,145.92,366.3,16.69,57.88,162.67,20.64,162.9,58.32,724.26,15.79,74.57,180.04,55.57,1173.1,154.49,31.74,1429.28,317.12,12.74,18.72,22.4,140.13,42.45,125.95,772.03,37.33,92.75,848.9,62.63,403.72,74.89,327.81,417.56,240.83,283.84,37.52,72.13,51.97,17.3,23.14,270.07,369.83,549.28,7.69,111.72,152.31,58.59,131.32,102.17
2026-08-04 20:00:00+00:00,131.19,310.65,257.32,357.65,546.47,473.59,278.05,1456.09,432.49,277.37,1708.58,70.25,417.84,63.95,129.15,8.88,227.76,17.96,2.543,27.36,517.89,37.55,137.17,880.47,223.92,411.22,324.47,150.88,950.49,63.81,237.73,190.18,211.74,90.76,124.37,465.33,98.75,23.63,54.91,110.0,94.81,102.81,170.25,36.15,126.58,15.83,4.256,1018.11,159.39,19.22,379.88,349.41,32.13,490.5,28.13,93.41,52.43,279.77,234.0,97.73,22.47,41.06,302.73,358.56,194.58,18.76,23.45,849.78,1130.72,317.4,590.0,30.4,218.38,491.22,97.51,891.61,27.57,27.13,224.58,73.92,9.93,117.38,216.54,44.75,8.81,1137.5,145.27,369.31,16.54,58.0,160.55,20.7,162.01,58.32,723.34,15.73,76.53,177.48,55.6,1182.38,155.33,31.65,1435.89,319.68,12.87,18.48,22.38,136.1,43.74,116.09,773.43,37.43,93.13,843.22,62.56,403.07,74.57,325.5,417.83,241.93,283.17,37.27,73.29,52.4,17.32,23.0,271.27,369.55,553.61,7.68,112.21,152.73,58.64,132.44,101.27
2026-08-05 00:00:00+00:00,135.43,311.45,257.59,369.31,553.11,478.19,278.86,1454.96,435.52,281.16,1718.27,71.01,419.36,66.11,131.12,8.92,230.14,18.01,2.541,27.7,519.88,37.58,137.44,880.93,223.84,417.29,334.95,151.93,952.26,63.41,239.68,189.5,211.6,91.54,124.79,470.11,99.42,23.71,54.64,110.01,95.34,102.35,171.49,36.36,126.94,16.21,4.258,1024.66,162.2,19.27,380.35,349.5,32.14,494.55,27.91,93.89,52.94,284.62,235.3,99.6,23.32,41.25,302.94,359.02,197.89,19.2,24.45,865.97,1130.8,320.82,592.34,32.79,221.84,491.41,97.63,891.25,27.52,28.05,224.59,74.08,9.99,117.71,216.83,44.67,8.88,1130.66,145.73,369.43,16.56,59.43,160.35,20.59,163.12,59.22,724.73,15.83,76.88,175.08,57.13,1184.74,155.1,31.98,1427.62,320.07,12.71,18.57,22.5,139.34,42.82,115.7,773.95,37.28,93.21,846.25,63.2,407.4,75.07,327.28,419.53,241.88,285.24,37.11,73.03,52.65,17.64,22.91,273.9,371.29,553.27,7.68,112.22,152.83,58.53,138.74,102.21
2026-08-05 04:00:00+00:00,133.87,311.47,256.75,369.13,550.58,479.24,278.84,1455.24,431.01,281.32,1709.73,70.95,419.56,66.72,130.77,8.97,229.96,17.99,2.566,27.59,516.14,37.52,137.57,891.58,225.0,417.4,330.47,152.14,951.59,63.69,238.6,190.47,211.71,91.3,124.82,469.19,99.07,23.67,54.1,109.67,95.42,101.62,169.48,36.23,127.88,16.02,4.324,1026.69,160.55,19.23,380.89,350.34,32.06,491.91,27.7,93.9,52.77,282.35,235.1,99.9,23.46,41.34,302.87,359.49,196.63,18.54,24.18,855.91,1127.29,319.66,591.89,32.46,221.86,492.56,97.5,894.44,27.8,28.02,224.11,74.11,10.01,117.87,216.95,45.49,8.84,1131.7,145.24,371.91,16.63,58.27,160.28,20.58,163.52,58.48,725.08,15.87,76.72,171.78,57.32,1161.15,153.0,31.85,1444.65,318.81,13.01,18.58,22.54,139.66,42.75,115.87,774.36,37.23,93.45,849.09,62.86,407.92,75.24,327.82,420.56,241.42,286.13,37.2,73.06,52.71,17.55,22.95,274.79,370.82,552.66,7.68,111.89,153.17,58.57,134.67,102.22
2026-08-05 08:00:00+00:00,127.28,308.05,262.32,356.45,542.69,475.09,280.76,1452.58,440.0,273.8,1701.52,69.19,416.43,64.35,130.38,8.9,225.33,18.02,2.597,28.03,518.0,37.68,137.69,880.16,221.67,408.07,319.0,151.89,954.23,63.83,233.98,193.13,216.11,90.7,124.56,462.61,101.31,23.2,53.37,110.71,95.89,101.83,168.79,36.25,127.04,15.57,4.219,1021.8,157.68,19.22,382.89,349.47,32.01,491.42,27.75,94.06,52.58,279.57,237.37,98.2,22.67,40.69,302.6,359.3,194.23,18.3,24.78,829.33,1171.77,314.92,597.95,32.35,215.72,496.93,97.56,878.72,26.75,26.45,221.86,74.71,9.94,120.35,215.91,44.86,8.85,1129.71,145.36,380.42,16.48,56.87,162.39,20.34,160.77,57.87,725.6,15.79,75.05,170.45,55.44,1144.52,150.25,31.62,1404.29,322.35,12.29,18.68,22.56,134.08,44.43,112.14,774.87,37.19,93.37,840.77,62.54,399.69,75.25,324.58,419.52,243.1,281.89,37.29,69.65,52.57,17.54,23.11,272.56,371.58,545.33,7.72,112.68,152.77,58.75,133.52,102.58
2026-08-05 12:00:00+00:00,132.72,308.38,255.77,331.97,539.15,484.26,273.21,1451.57,425.97,277.84,1687.72,68.91,419.2,72.05,129.43,8.88,235.65,17.74,2.534,27.76,514.76,42.55,134.77,896.38,219.1,408.53,334.25,149.62,939.85,62.36,231.45,190.99,212.57,92.14,121.52,469.45,99.98,22.09,54.53,108.2,95.48,101.67,169.26,36.37,126.61,14.85,4.192,1030.05,158.62,19.0,376.17,351.65,31.42,488.3,27.62,93.36,53.29,281.51,235.76,100.5,23.73,40.42,300.61,360.06,192.9,18.43,24.41,849.67,1150.0,310.57,582.87,32.76,214.9,489.24,96.3,915.08,28.99,26.25,224.96,73.69,9.71,116.07,219.3,45.28,8.88,1127.36,144.64,363.58,15.76,56.74,159.88,20.1,157.41,56.98,720.92,15.34,75.01,173.9,57.5,1164.71,153.91,30.96,1405.79,318.54,12.33,18.5,22.51,133.27,44.64,114.43,771.22,37.88,93.85,875.98,62.15,394.04,73.85,322.34,415.25,237.28,278.3,38.03,67.19,52.33,17.06,22.51,278.93,368.12,551.63,7.77,112.21,153.1,57.58,132.99,99.39
2026-08-05 16:00:00+00:00,128.55,311.18,259.92,318.3,535.06,482.19,272.93,1450.19,420.63,274.7,1678.63,68.49,419.03,68.81,128.74,8.75,234.62,18.45,2.526,26.97,519.05,43.68,135.93,874.21,214.22,409.1,328.7,150.09,943.17,63.41,224.41,193.08,209.97,90.01,121.57,463.21,101.74,21.8,53.63,111.32,95.29,101.74,169.21,36.16,121.9,14.38,4.245,1021.22,156.73,19.05,362.95,353.65,31.68,486.08,27.61,92.92,53.28,282.47,236.13,101.17,24.1,39.03,300.23,359.7,193.05,18.41,24.38,827.17,1171.76,307.83,589.62,32.75,211.26,488.07,98.4,894.01,27.66,25.33,219.18,74.29,9.56,117.35,219.51,44.52,8.86,1128.0,144.54,362.97,15.74,55.75,158.49,20.18,157.73,57.08,717.99,15.57,74.91,172.42,57.05,1141.82,150.96,30.38,1353.63,316.78,11.41,18.28,22.44,131.67,45.14,108.39,770.65,38.32,94.22,839.13,61.85,390.12,72.92,321.79,414.71,235.63,278.27,38.2,68.27,52.56,17.17,22.11,279.32,369.0,520.12,7.95,112.48,153.03,57.36,130.72,100.79
2026-08-05 20:00:00+00:00,127.85,312.73,254.1,318.53,535.62,481.84,273.09,1450.14,350.89,274.77,1681.15,68.03,421.31,68.67,128.51,8.63,233.34,18.33,2.534,26.89,519.5,43.99,136.26,878.29,213.76,406.7,324.69,150.21,950.65,61.99,224.88,183.44,209.2,89.18,122.87,465.33,101.7,21.76,52.23,113.18,94.72,101.8,167.79,36.28,121.96,10.88,4.243,1022.39,155.21,19.07,365.29,353.95,31.67,483.52,27.72,92.88,53.19,281.86,235.09,101.05,23.99,38.63,300.48,360.16,192.77,17.92,24.18,822.31,1179.51,309.41,592.34,32.51,210.94,486.31,97.86,877.89,26.59,25.23,215.49,74.19,9.58,113.19,220.78,44.76,8.86,1126.75,142.45,362.55,15.88,55.49,157.14,20.06,157.6,56.58,717.53,15.54,74.88,169.84,57.03,1123.84,148.0,30.34,1247.47,313.2,9.58,18.24,22.74,131.66,45.18,110.08,771.88,38.39,94.08,819.11,61.62,389.75,72.74,321.73,414.01,235.73,279.07,38.03,68.22,52.89,17.17,22.23,278.11,369.89,459.4,7.94,112.85,153.29,57.45,129.0,99.46
2026-08-06 00:00:00+00:00,127.85,313.66,255.35,320.82,534.13,479.86,273.02,1447.8,349.21,271.16,1677.27,68.38,420.61,68.37,126.94,8.66,230.81,18.28,2.513,27.11,520.12,44.26,136.77,872.57,214.01,407.21,326.75,150.25,952.1,62.06,223.22,184.85,210.33,88.81,122.99,462.02,102.21,21.9,51.22,112.73,95.3,101.67,164.8,36.2,121.65,11.11,4.262,1019.15,155.3,19.05,365.09,353.03,31.72,483.82,26.98,92.84,53.16,281.96,235.18,100.74,23.85,38.86,300.48,360.44,192.35,16.95,24.29,825.97,1172.91,307.3,591.0,37.44,209.61,486.42,97.78,874.2,26.47,24.93,215.17,74.44,9.65,114.36,220.27,44.77,8.85,1128.68,141.91,362.56,15.95,55.14,158.14,19.87,157.76,57.47,717.77,15.58,75.28,163.68,57.26,1069.65,144.2,30.29,1246.44,314.64,9.56,18.23,23.01,130.54,45.57,109.74,772.03,38.45,94.43,821.43,61.64,388.32,72.7,322.23,412.9,236.23,277.37,38.18,68.36,52.84,17.29,22.35,276.33,369.53,461.18,7.97,112.95,153.63,57.61,139.52,100.82
2026-08-06 04:00:00+00:00,126.39,313.68,253.55,318.46,533.37,477.94,273.86,1445.79,348.12,271.2,1686.98,68.17,418.51,68.28,126.69,8.69,230.38,18.39,2.502,27.7,519.61,44.1,136.3,870.6,213.35,406.95,324.85,150.52,952.61,62.22,222.08,184.59,210.34,87.86,122.68,460.3,101.97,21.86,50.74,111.84,95.57,101.63,163.54,36.1,121.43,11.46,4.249,1020.91,155.99,19.08,365.32,354.76,31.63,481.0,26.79,92.81,53.1,279.72,235.08,99.84,23.38,38.55,300.47,360.7,192.61,16.53,24.29,820.1,1174.62,306.31,589.82,38.13,209.79,486.04,98.18,868.41,26.08,24.93,213.42,74.6,9.54,114.52,219.39,45.91,8.82,1131.05,139.31,365.53,15.8,55.2,157.09,20.09,157.26,57.13,716.08,15.59,75.11,162.13,57.74,1056.98,141.99,30.33,1235.39,314.7,9.39,18.23,23.05,128.8,46.13,110.05,771.79,38.71,94.55,814.13,61.35,387.53,72.23,321.77,412.71,237.14,278.7,38.18,68.45,52.8,17.27,22.29,274.39,369.68,457.5,7.95,113.0,153.5,57.52,138.88,100.67
2026-08-06 08:00:00+00:00,128.39,314.11,250.19,320.6,536.14,478.64,273.86,1444.55,340.01,272.79,1705.67,68.09,421.73,71.07,127.22,8.67,229.32,18.37,2.508,27.13,522.57,43.65,136.46,871.0,212.5,406.91,328.0,149.81,951.51,62.18,222.1,184.3,206.14,88.4,122.8,458.37,102.63,21.87,50.44,112.55,95.4,101.58,163.32,36.25,121.84,12.77,4.279,1024.23,155.77,19.03,361.81,355.47,31.09,480.11,26.89,92.4,52.75,279.83,232.21,99.98,23.51,38.36,300.0,362.2,193.45,16.52,24.59,829.29,1183.54,308.83,592.45,37.53,209.13,483.57,98.17,857.27,25.38,24.81,212.73,74.39,9.55,113.51,222.08,45.93,8.83,1131.41,140.92,359.57,15.69,54.87,155.7,20.16,157.91,56.65,714.97,15.57,74.49,162.07,55.45,1054.74,141.61,30.4,1226.07,300.73,9.23,18.11,22.99,130.36,45.61,112.3,771.74,38.86,94.14,800.1,61.09,391.44,71.92,322.05,413.92,237.39,279.26,38.36,68.67,52.53,17.11,22.41,275.02,370.87,443.89,7.97,113.72,153.19,57.94,136.12,99.17
2026-08-06 12:00:00+00:00,130.4,310.02,257.35,335.73,534.72,490.73,273.48,1444.14,336.85,288.17,1721.49,70.28,423.07,74.61,126.57,8.94,242.43,18.49,2.419,27.8,520.11,43.56,133.9,866.47,215.52,414.16,340.68,148.86,947.81,65.43,233.67,185.64,206.45,87.84,121.49,447.86,103.33,21.47,52.11,109.09,95.55,102.05,165.38,36.0,123.78,13.82,4.257,1023.46,160.0,19.06,359.87,349.34,30.4,480.09,26.85,91.64,52.77,281.84,233.28,100.56,23.77,39.71,299.88,357.6,196.69,17.19,24.86,860.96,1177.26,311.04,588.73,37.2,214.24,495.66,97.15,899.17,28.02,26.02,206.87,73.58,9.53,115.64,218.09,45.29,9.03,1127.9,144.78,356.38,15.43,58.02,156.63,20.23,160.3,59.1,716.14,15.7,77.54,166.87,55.16,1072.01,144.58,30.37,1284.4,320.59,10.21,18.41,23.02,135.92,43.68,111.21,768.97,38.7,94.53,863.9,61.38,390.32,72.22,320.19,419.84,235.56,281.18,38.35,70.04,53.12,17.57,21.88,283.11,367.43,469.32,7.73,111.92,154.39,58.32,136.39,100.21
2026-08-06 16:00:00+00:00,124.22,312.89,260.68,331.7,528.48,489.62,272.44,1441.14,337.32,286.93,1707.64,67.5,421.28,75.31,126.93,8.78,229.15,18.34,2.299,28.11,525.41,45.23,133.38,857.14,211.45,403.71,334.79,145.64,947.96,63.34,230.75,187.16,207.5,85.44,120.99,438.11,104.69,22.27,51.35,110.28,95.31,102.11,164.29,35.85,122.83,13.22,4.165,1002.75,157.46,19.19,358.47,349.6,29.67,480.47,26.97,90.78,52.52,279.7,233.7,99.81,23.48,37.99,298.84,356.7,193.11,16.8,24.82,838.61,1193.36,305.55,590.63,37.14,210.61,500.49,96.9,881.7,26.88,25.2,190.12,73.78,9.43,117.38,218.95,46.0,8.74,1124.95,143.56,359.75,15.4,56.33,156.1,20.46,160.64,58.91,715.57,15.39,75.8,163.55,52.27,1056.58,143.6,29.41,1259.9,318.14,9.81,18.12,23.13,132.58,44.85,115.0,769.53,38.79,94.13,854.16,61.22,384.96,72.06,319.82,418.83,233.33,278.76,38.77,70.61,53.16,17.42,21.58,275.76,370.7,452.2,7.39,112.17,155.05,58.23,134.11,101.34
2026-08-06 20:00:00+00:00,124.3,312.93,261.31,337.99,532.38,492.13,272.62,1441.59,338.12,289.11,1713.82,68.22,422.5,76.82,126.91,8.81,232.02,18.34,2.319,28.07,524.05,45.24,133.63,861.68,212.73,409.77,344.41,146.48,950.22,63.76,232.28,189.0,212.08,86.34,121.41,441.16,104.82,21.55,51.81,110.12,95.46,102.65,165.19,35.89,122.95,13.38,4.172,1010.29,161.29,19.31,359.52,349.85,29.86,480.82,27.13,91.3,52.83,280.7,233.9,100.31,23.65,38.45,298.72,357.61,194.84,17.14,24.86,869.3,1192.91,308.34,590.03,37.81,212.75,499.23,96.83,890.93,27.44,25.69,195.38,73.69,9.53,120.09,219.62,45.99,8.77,1125.9,143.33,363.46,15.57,57.26,157.03,20.48,161.24,59.13,718.1,15.46,76.65,165.12,52.73,1067.85,144.33,29.79,1277.36,320.06,10.07,18.11,23.18,135.97,43.65,114.47,769.98,38.4,94.38,866.39,61.09,389.07,72.8,320.91,420.98,235.97,279.55,38.84,70.49,53.11,17.68,21.73,279.33,370.04,458.11,7.51,112.03,155.32,58.29,135.67,101.46
2026-08-07 00:00:00+00:00,137.53,312.42,260.28,335.22,528.78,489.55,272.5,1441.25,339.93,288.13,1714.61,67.9,421.26,76.46,126.41,8.78,230.01,18.17,2.354,27.57,524.13,45.46,133.35,856.46,211.32,406.99,344.68,146.21,948.64,63.3,231.47,188.55,211.11,85.92,121.23,440.19,104.12,21.47,50.57,109.66,95.19,101.67,162.19,35.83,123.08,13.19,4.27,1011.45,158.63,19.21,358.83,349.35,29.71,478.82,26.77,91.06,52.7,276.13,233.32,99.89,23.45,38.13,298.2,356.56,194.37,16.15,24.73,859.78,1191.53,307.13,586.96,44.74,212.97,497.86,96.81,883.7,27.04,25.68,192.38,73.79,9.52,119.8,219.05,45.87,8.73,1127.05,142.66,363.32,15.45,56.66,156.03,20.1,160.52,58.72,715.63,15.48,76.38,162.67,53.42,1002.44,139.09,29.67,1261.11,319.5,9.83,18.09,23.43,133.32,44.61,114.31,769.3,38.81,94.48,852.49,61.0,387.08,72.06,320.46,419.12,235.43,280.03,39.06,70.78,53.01,17.62,21.89,277.18,369.77,451.7,7.53,112.16,154.83,58.43,161.71,101.65
2026-08-07 04:00:00+00:00,137.21,312.5,262.34,337.3,533.83,493.05,272.89,1443.19,339.44,290.95,1723.91,68.31,423.25,78.16,126.3,8.8,234.93,18.32,2.283,27.63,523.22,45.29,132.94,857.96,213.82,413.15,352.08,146.29,947.45,63.51,234.84,189.85,210.72,86.4,121.01,443.38,104.45,21.78,51.36,110.44,95.7,102.01,165.24,35.81,123.96,13.36,4.3,1009.52,162.0,19.23,359.7,349.82,29.88,479.07,27.02,91.18,52.79,278.64,234.23,100.8,23.87,38.54,298.53,357.6,195.57,17.02,25.12,868.65,1192.68,308.11,589.36,41.85,216.6,499.77,96.95,891.18,27.49,26.59,194.52,73.63,9.49,120.34,219.87,47.3,8.85,1126.95,144.36,365.11,15.5,56.66,157.32,20.14,161.74,58.39,718.04,15.5,77.48,164.88,53.78,1033.5,142.92,30.0,1285.52,319.76,10.22,18.18,23.36,136.34,43.59,114.89,770.26,38.46,94.29,850.39,61.13,389.71,72.72,321.94,421.58,236.11,281.3,38.93,70.91,53.31,17.71,21.84,277.4,370.22,456.58,7.56,112.14,156.22,58.26,158.62,101.95
2026-08-07 08:00:00+00:00,137.0,312.52,262.14,339.74,535.78,495.37,273.38,1445.85,339.2,290.94,1742.76,69.08,424.76,79.12,126.9,8.9,237.92,18.49,2.345,28.53,522.47,45.44,134.0,862.57,213.76,417.43,353.17,147.91,948.79,64.1,235.9,189.92,212.05,87.62,121.76,445.63,104.66,21.67,51.45,111.42,95.87,102.01,165.69,35.94,124.16,13.42,4.199,1014.94,163.73,19.27,358.21,349.3,30.21,478.19,27.11,92.03,53.12,280.13,234.98,100.96,23.91,39.02,299.84,356.82,196.59,17.24,25.28,874.73,1196.13,311.4,588.88,42.64,216.11,498.19,98.77,896.74,27.8,26.44,196.42,73.46,9.49,120.96,219.99,46.87,8.9,1132.51,144.48,366.9,15.49,57.87,158.16,20.21,161.89,59.14,718.74,15.54,78.37,165.47,54.91,1036.4,142.0,30.01,1287.4,321.74,10.23,18.28,23.41,137.25,43.26,115.17,771.07,38.28,94.51,862.15,61.42,391.56,73.03,321.85,420.4,232.82,280.93,38.4,70.82,53.96,18.25,21.71,281.92,369.8,461.1,7.29,111.51,155.65,58.08,159.04,102.07
2026-08-07 12:00:00+00:00,137.86,312.35,265.74,340.71,539.55,483.81,277.64,1447.5,346.19,285.0,1731.67,71.42,426.03,86.55,128.16,9.03,219.27,18.57,2.361,30.88,519.82,43.51,136.83,847.82,226.95,411.51,386.28,151.97,946.47,66.79,245.67,190.74,212.3,89.47,121.63,442.86,104.78,23.8,50.25,113.38,96.6,102.93,164.7,35.46,122.16,13.17,4.369,992.85,167.52,19.15,356.43,352.36,31.16,481.52,27.04,94.1,52.63,281.36,235.39,101.69,24.25,39.11,301.16,357.29,198.39,16.88,25.41,895.59,1177.91,309.28,595.21,42.26,218.05,503.85,101.62,875.97,26.52,26.92,185.25,74.27,9.39,124.72,223.89,47.09,9.06,1138.68,146.37,363.46,15.38,58.33,170.39,20.25,165.86,60.97,723.27,15.95,82.36,163.28,49.6,1014.91,138.01,30.81,1232.96,324.65,9.38,18.23,23.37,139.52,42.4,129.56,773.85,37.55,95.05,808.71,61.97,383.67,74.38,331.91,419.38,240.98,284.92,37.8,74.51,54.86,19.18,21.7,278.75,365.0,434.86,7.43,111.77,155.92,58.05,160.57,104.36
2026-08-07 16:00:00+00:00,135.75,313.38,265.3,334.07,540.24,483.81,274.61,1440.34,347.77,283.1,1741.48,71.97,427.98,88.51,128.57,8.97,219.54,18.81,2.34,28.85,521.59,44.61,137.04,845.41,227.23,411.96,379.42,153.75,948.37,66.72,249.86,192.92,214.6,90.77,121.55,453.86,105.01,24.05,50.58,112.27,97.01,103.14,166.22,35.35,121.73,13.21,4.32,992.85,165.76,19.14,354.73,355.78,31.64,483.48,27.09,93.36,53.26,282.93,237.24,101.74,24.27,41.33,301.88,358.02,198.28,17.36,25.5,891.19,1186.37,311.68,592.9,42.71,218.87,500.28,100.16,878.27,26.63,27.09,188.19,74.25,9.37,125.06,224.0,47.25,9.13,1144.43,146.99,364.62,15.36,58.54,172.01,20.3,167.95,58.63,723.58,16.03,82.97,165.29,49.91,1016.51,138.12,31.18,1214.56,331.5,9.08,18.4,23.44,140.42,42.09,133.11,773.58,37.48,95.17,811.51,62.09,380.08,74.42,328.97,420.62,246.82,286.09,37.58,75.05,54.59,19.34,21.67,273.22,363.06,434.95,7.71,111.91,157.45,57.63,161.49,104.46
2026-08-07 20:00:00+00:00,136.19,313.31,265.32,334.56,541.75,483.03,274.48,1440.64,348.25,283.35,1742.43,72.74,426.96,90.11,128.54,9.01,220.04,18.83,2.36,28.61,522.07,44.7,137.2,846.5,228.91,415.01,383.44,154.24,947.17,66.95,250.46,191.86,214.48,91.41,121.76,454.76,104.77,24.03,50.65,112.1,96.65,103.19,166.04,35.51,121.4,13.26,4.212,993.03,167.65,19.19,355.26,353.43,31.66,482.61,27.02,93.69,53.27,282.52,237.25,101.74,24.28,41.61,302.16,358.5,199.05,17.25,25.49,895.21,1187.16,311.84,592.49,42.48,218.87,500.08,100.3,879.65,26.73,27.1,189.84,74.29,9.43,124.94,223.81,47.17,9.17,1141.64,146.73,364.62,15.45,58.61,171.75,20.29,168.55,59.21,723.69,16.09,83.99,166.17,50.2,1012.52,138.2,31.3,1220.68,330.71,9.21,18.34,23.48,141.35,41.67,134.06,773.48,37.36,95.17,813.77,62.0,380.34,74.53,329.29,421.16,246.19,286.46,37.61,74.95,55.05,19.48,21.66,274.0,363.42,435.94,7.66,111.99,157.66,57.56,161.3,104.38
2026-08-08 00:00:00+00:00,136.3,313.4,265.06,330.28,539.91,480.82,274.6,1443.6,349.45,282.19,1737.92,72.24,427.44,90.6,128.3,9.2,220.03,18.83,2.374,28.66,520.5,45.24,136.0,843.89,228.72,412.73,379.49,154.46,946.81,66.87,249.56,191.4,215.19,91.64,121.23,452.86,104.52,24.01,50.56,112.05,96.76,103.71,165.84,35.1,121.49,13.21,4.17,993.95,166.88,19.18,356.45,353.97,31.62,482.24,27.02,93.7,53.51,283.47,237.49,101.31,24.11,41.68,302.38,357.08,198.75,17.2,25.26,891.1,1188.06,309.54,593.49,42.62,217.78,499.99,100.73,878.15,26.73,26.91,189.74,74.18,9.42,125.08,223.73,47.3,9.15,1145.0,146.41,363.21,15.39,58.98,171.76,20.23,168.38,58.3,723.48,16.24,83.47,166.31,49.87,1010.51,137.59,31.88,1217.0,329.93,9.2,18.41,23.54,139.64,42.06,132.24,774.81,37.51,95.14,807.9,62.09,380.49,74.2,329.91,420.8,246.69,287.62,37.73,74.83,55.01,19.44,21.78,274.79,363.48,434.75,7.66,111.87,159.93,56.93,161.76,104.54
2026-08-08 04:00:00+00:00,135.55,312.54,265.04,333.58,541.22,480.06,273.98,1445.11,350.1,281.87,1735.06,72.25,426.18,91.01,128.58,9.26,220.23,18.8,2.379,28.21,522.29,44.89,136.58,840.95,227.43,411.42,377.59,153.68,946.93,66.87,250.24,191.21,212.01,91.27,121.7,452.96,104.18,24.0,50.5,112.06,96.69,104.15,165.24,35.09,121.71,13.21,4.178,994.86,167.6,19.17,355.42,353.95,31.62,482.41,26.94,93.68,53.67,282.66,237.42,101.02,23.94,41.71,301.27,356.89,198.82,17.0,25.2,894.35,1188.0,310.72,591.97,42.7,217.22,499.23,100.73,876.7,26.65,26.8,190.14,74.14,9.41,125.5,223.6,46.82,9.22,1143.66,146.28,362.34,15.42,58.69,170.68,20.27,167.89,58.29,721.83,16.11,83.33,166.17,50.12,1010.3,137.57,31.83,1213.82,330.44,9.07,18.39,23.57,139.35,42.1,132.74,772.99,37.6,95.17,806.45,61.86,380.46,74.01,329.35,420.94,246.1,289.62,37.58,74.75,55.01,19.43,21.82,275.75,362.93,435.53,7.65,111.83,159.15,56.85,161.99,104.51
2026-08-08 08:00:00+00:00,134.81,312.64,264.25,333.27,541.51,480.74,274.19,1445.29,349.48,282.25,1736.56,72.57,427.1,89.89,129.66,9.26,220.19,18.86,2.38,28.36,520.02,44.7,137.0,842.67,227.82,413.89,378.83,153.92,947.4,67.06,250.38,191.22,210.64,91.33,121.92,452.06,103.93,23.99,50.7,111.91,96.72,104.22,165.46,35.08,121.73,13.2,4.188,997.0,167.64,19.25,355.69,354.36,31.59,483.02,26.92,94.08,53.63,282.64,237.33,101.24,24.09,41.75,301.65,356.62,199.25,17.09,25.22,893.06,1178.35,311.97,592.87,42.72,217.84,499.54,101.14,878.99,26.79,26.92,189.74,74.23,9.42,126.58,223.76,46.9,9.18,1150.08,146.52,363.74,15.46,59.09,171.71,20.28,168.01,58.19,722.63,16.05,83.33,166.9,49.9,1013.08,137.85,31.87,1214.56,331.4,9.08,18.39,23.56,140.8,41.66,133.3,773.37,37.57,95.37,807.35,61.85,381.15,74.06,329.75,420.79,246.15,289.62,37.65,74.69,55.58,19.5,21.79,275.33,363.88,435.86,7.65,111.79,158.05,57.22,162.4,104.46
2026-08-08 12:00:00+00:00,133.67,312.27,264.38,334.3,541.26,482.34,275.03,1447.31,349.8,282.32,1738.44,72.56,426.92,90.52,129.89,9.16,222.1,18.91,2.372,28.21,532.02,44.99,135.56,845.89,228.89,412.96,380.78,154.26,946.66,67.43,249.97,191.18,211.79,91.63,121.97,452.5,104.15,24.6,51.17,111.47,96.7,104.21,166.29,35.12,120.93,13.21,4.2,997.53,167.3,19.23,356.16,353.62,31.57,483.84,26.89,94.35,53.68,284.61,237.53,101.97,24.38,42.33,301.82,357.18,200.47,17.31,25.27,898.59,1180.61,311.69,594.28,42.61,219.65,500.03,101.64,884.12,27.02,27.33,190.04,74.24,9.46,126.75,224.11,46.84,9.22,1145.82,146.96,364.9,15.4,59.12,171.89,20.3,168.25,58.26,723.29,16.04,83.54,168.19,49.61,1025.6,139.33,31.84,1217.73,331.99,9.14,18.39,23.55,141.93,41.32,133.71,773.55,37.47,95.17,810.27,61.98,382.48,74.24,331.13,421.37,245.42,289.49,37.49,74.95,55.17,19.74,21.83,275.43,364.17,438.3,7.65,111.75,158.19,57.21,162.91,105.22
2026-08-08 16:00:00+00:00,134.15,312.06,264.56,337.84,541.62,484.08,275.26,1442.45,348.87,283.89,1744.61,72.79,428.48,90.14,129.91,9.15,222.13,18.96,2.375,28.73,530.99,44.73,136.44,844.21,229.03,412.15,381.59,154.41,946.96,67.79,253.21,191.37,213.99,91.92,122.05,452.85,104.72,24.56,51.21,111.66,96.79,104.41,166.93,35.09,121.67,13.29,4.199,996.96,167.59,19.24,356.62,355.46,31.6,481.68,26.92,94.46,53.53,284.88,237.73,102.68,24.71,42.51,302.03,356.19,200.61,17.48,25.28,902.42,1179.99,311.76,594.97,42.75,222.43,499.76,101.95,883.11,26.97,27.99,191.61,74.22,9.45,126.52,224.53,47.24,9.21,1144.6,147.2,365.61,15.39,58.91,172.36,20.34,168.25,58.32,723.96,16.04,84.28,168.22,49.78,1025.92,139.37,31.97,1218.67,331.89,9.17,18.4,23.59,144.07,40.71,137.28,773.61,37.35,95.17,811.53,61.48,381.32,74.42,331.2,422.58,245.83,289.56,37.59,74.94,55.44,19.95,21.83,274.2,364.32,439.09,7.64,111.71,158.59,57.22,163.87,105.62
2026-08-08 20:00:00+00:00,133.39,312.48,265.53,335.21,540.36,484.98,275.43,1442.56,349.12,283.34,1747.96,72.41,428.66,89.94,129.97,9.12,220.36,18.77,2.392,28.83,529.33,44.48,136.15,844.35,228.19,417.88,382.59,154.37,945.52,67.82,254.18,191.18,213.44,91.8,121.87,452.94,104.45,24.39,51.21,111.89,96.82,104.31,166.72,35.09,121.45,13.4,4.228,997.45,168.18,19.2,357.49,355.46,31.66,483.04,26.95,94.63,53.39,283.11,237.49,102.6,24.65,42.57,302.09,355.8,200.87,17.4,25.22,903.69,1181.19,311.78,595.58,43.27,222.31,500.24,101.77,884.07,27.0,27.94,191.25,74.23,9.42,126.95,224.79,47.15,9.25,1144.12,147.01,365.12,15.39,58.83,172.56,20.38,167.96,58.47,724.38,16.06,84.08,168.04,49.91,1024.67,139.17,31.88,1221.0,331.66,9.18,18.41,23.56,143.21,40.92,135.91,774.36,37.32,95.18,810.38,61.91,380.71,74.47,332.35,422.59,245.4,289.76,37.72,75.0,55.72,19.96,21.84,275.73,364.17,437.84,7.63,111.57,157.81,57.11,164.29,105.56
2026-08-09 00:00:00+00:00,133.62,313.14,266.84,335.38,539.39,484.41,275.69,1443.84,349.22,284.1,1748.29,72.81,429.1,90.56,129.71,9.11,220.72,18.76,2.378,28.67,532.36,44.34,136.03,842.18,227.65,419.4,384.31,154.19,947.82,67.74,256.41,191.77,213.42,91.86,121.92,452.23,104.45,24.4,51.13,111.97,96.89,104.19,166.2,35.08,121.64,13.41,4.214,994.49,168.24,19.29,356.97,355.71,31.73,485.62,26.94,94.45,53.56,282.11,237.64,102.43,24.65,41.94,301.41,357.92,200.9,17.3,25.2,904.88,1182.98,308.73,596.57,43.08,222.29,500.34,101.42,883.74,27.02,27.91,191.99,74.15,9.44,126.76,224.77,47.35,9.2,1145.54,147.11,365.94,15.37,58.97,172.66,20.43,167.93,58.47,724.71,16.01,84.86,167.66,49.65,1020.79,138.86,31.73,1222.33,332.4,9.19,18.43,23.53,142.74,41.1,136.77,774.51,37.35,95.12,810.07,61.93,379.9,74.56,332.4,423.44,244.6,289.54,37.74,75.29,55.81,19.96,22.04,276.18,364.05,437.28,7.62,111.61,156.43,57.03,163.13,104.81
2026-08-09 04:00:00+00:00,135.52,312.87,267.89,336.09,543.17,484.71,275.8,1447.0,349.59,284.32,1747.37,72.76,429.32,91.29,129.66,9.12,221.47,18.87,2.312,28.69,531.25,45.27,136.84,845.26,226.16,418.55,389.54,154.07,948.05,68.13,255.92,193.07,213.0,92.15,121.94,452.23,104.74,24.43,51.09,111.93,96.89,103.82,166.34,35.13,121.81,13.33,4.189,994.6,167.08,19.45,357.35,356.76,31.76,485.71,26.98,94.34,53.45,282.62,237.17,102.22,24.56,42.23,301.75,356.41,200.25,17.31,25.26,916.06,1184.47,309.35,596.62,43.07,222.7,501.18,101.71,882.4,26.98,28.04,193.28,74.12,9.42,126.39,224.93,47.3,9.24,1147.64,147.03,364.51,15.29,58.98,173.04,20.42,168.3,58.13,724.7,16.02,85.05,167.61,50.07,1018.84,138.89,31.69,1223.36,332.07,9.23,18.41,23.63,143.48,40.78,136.84,774.5,37.38,95.14,810.64,61.69,380.39,74.39,332.07,422.88,244.87,289.14,37.58,75.16,55.67,20.08,21.97,276.2,363.9,437.13,7.64,111.58,156.97,56.71,164.48,104.43
2026-08-09 08:00:00+00:00,135.94,312.49,266.94,338.32,541.7,484.34,275.11,1447.0,349.09,282.52,1748.65,72.81,428.79,91.49,129.86,9.12,220.99,18.92,2.358,28.55,529.91,45.27,136.0,844.42,226.34,419.5,387.46,154.94,948.24,67.89,255.07,193.62,212.37,92.15,121.8,452.06,105.15,24.43,51.07,111.18,96.78,102.73,166.38,35.14,122.11,13.23,4.207,994.92,167.15,19.49,357.74,356.36,31.82,482.47,27.04,94.33,53.35,283.41,237.29,102.1,24.48,42.14,301.24,357.5,200.63,17.34,25.23,912.51,1182.58,309.43,596.64,43.19,221.42,500.87,102.6,881.27,26.83,27.74,193.49,74.15,9.4,125.59,224.68,47.24,9.24,1153.73,147.28,365.86,15.32,58.57,173.4,20.79,168.06,58.27,724.12,16.03,85.05,167.4,49.84,1019.67,139.14,31.61,1220.12,331.0,9.14,18.42,23.65,141.71,41.45,136.25,774.41,37.42,95.22,809.49,60.99,380.15,74.25,330.25,421.42,244.3,288.67,37.62,75.45,55.69,19.84,21.92,275.06,363.54,435.16,7.65,111.85,155.94,56.77,165.09,105.0
2026-08-09 12:00:00+00:00,137.67,313.0,266.77,343.03,541.65,485.24,275.39,1455.64,353.6,284.21,1754.34,73.62,429.42,93.7,129.63,9.13,220.97,19.1,2.362,28.52,533.5,44.98,135.61,843.4,227.19,420.27,390.23,155.77,948.07,68.3,256.1,193.96,212.51,92.36,122.34,452.86,104.94,24.35,51.07,111.17,96.99,103.3,166.76,35.1,121.67,13.26,4.218,997.58,167.89,19.45,357.96,356.27,31.69,482.51,27.05,94.5,53.42,283.48,237.92,102.25,24.58,42.35,301.4,356.31,200.35,17.44,25.21,910.89,1183.75,310.04,596.09,43.0,221.92,501.1,103.29,881.43,26.85,27.89,194.38,74.11,9.39,125.83,225.09,47.23,9.26,1147.17,147.47,364.91,15.31,58.45,173.39,20.63,168.03,58.29,724.58,16.09,85.58,167.73,49.64,1024.24,139.17,31.73,1224.53,330.49,9.19,18.43,23.51,142.01,41.38,136.35,774.51,37.34,95.16,809.47,61.18,379.47,74.41,331.13,421.35,243.94,288.26,37.51,75.33,55.67,20.0,21.97,273.03,363.47,436.79,7.66,111.9,157.21,57.2,161.29,106.3
2026-08-09 16:00:00+00:00,138.53,312.96,267.43,342.07,544.43,485.47,275.87,1453.19,355.59,283.94,1754.57,73.63,430.1,93.7,129.81,9.14,222.14,19.06,2.393,28.7,530.49,44.69,135.43,841.28,227.58,418.2,391.05,155.52,948.06,68.06,255.1,194.37,213.83,92.51,122.48,454.3,105.32,24.35,51.21,111.05,97.04,103.46,167.42,35.07,122.05,13.27,4.207,997.57,169.2,19.33,358.99,356.68,31.86,483.84,27.37,94.47,53.61,283.63,237.72,102.35,24.61,42.4,301.97,355.33,199.62,17.7,25.24,909.47,1182.52,311.06,598.14,43.1,222.28,500.59,103.12,882.17,26.94,27.94,194.07,74.22,9.4,126.14,225.77,47.21,9.28,1160.6,147.6,364.99,15.32,58.34,173.45,20.68,168.36,58.55,725.48,16.14,85.69,168.41,49.72,1027.22,140.14,31.93,1233.86,331.21,9.33,18.51,23.53,141.63,41.52,136.39,775.44,37.32,95.2,813.67,61.37,378.61,74.59,331.93,421.34,245.16,287.94,37.56,75.28,55.73,19.98,22.11,273.46,363.83,437.96,7.65,112.0,158.17,57.36,161.81,106.48
2026-08-09 20:00:00+00:00,136.66,312.55,265.53,336.81,544.85,484.65,274.07,1450.78,353.83,281.73,1748.87,73.65,427.82,92.21,129.42,9.1,221.63,18.93,2.405,28.62,528.64,45.23,135.94,843.05,226.91,418.2,387.08,154.39,948.72,67.13,253.13,193.0,211.8,91.85,122.11,452.56,105.09,24.45,51.02,110.78,96.97,102.53,166.82,35.01,120.88,13.27,4.316,995.15,168.45,19.29,357.03,355.96,31.92,483.63,27.45,93.74,53.46,281.21,237.91,102.34,24.57,42.22,301.85,355.26,200.27,17.45,25.28,903.66,1183.85,310.43,595.74,43.48,219.36,499.88,101.94,879.37,26.81,27.28,191.98,74.21,9.39,126.18,224.67,47.02,9.27,1161.95,147.02,365.15,15.29,58.36,172.9,20.64,167.65,58.23,721.84,16.19,85.07,167.49,49.7,1029.51,140.24,31.81,1223.98,331.05,9.22,18.53,23.63,139.28,42.17,135.55,771.08,37.66,95.21,810.86,61.22,378.42,73.95,329.95,419.36,244.09,287.93,37.43,75.26,55.48,19.88,21.99,273.29,363.75,435.47,7.68,112.05,157.29,57.55,161.5,105.8
2026-08-10 00:00:00+00:00,140.78,313.35,265.98,337.57,543.28,483.97,274.85,1455.37,348.47,284.65,1747.95,72.69,428.81,91.62,128.94,9.04,220.97,18.81,2.331,28.8,525.74,44.52,136.6,842.39,228.77,419.21,389.66,154.64,948.8,67.6,253.62,193.22,215.0,92.04,121.76,456.34,105.19,24.18,50.54,111.54,96.59,103.2,164.92,35.21,121.89,13.25,4.507,995.47,169.46,19.22,356.16,355.6,31.7,478.64,27.37,93.95,53.61,285.81,235.79,102.63,24.68,42.0,301.59,357.5,199.69,16.97,24.97,914.61,1186.38,314.38,594.19,41.17,220.87,499.64,100.85,878.81,26.69,27.58,190.54,74.41,9.47,125.9,224.79,47.31,9.26,1163.39,147.93,364.59,15.34,58.62,172.34,19.74,168.73,59.18,724.99,16.05,85.16,163.61,50.11,1018.31,139.05,31.61,1220.11,330.56,9.14,18.4,23.72,142.57,41.45,134.07,774.08,37.27,95.5,815.59,61.07,382.88,74.87,331.14,421.08,247.1,287.34,37.71,75.46,54.93,19.48,21.55,274.82,362.56,437.12,7.71,111.94,158.42,57.83,160.53,105.07
2026-08-10 04:00:00+00:00,141.7,313.48,264.82,339.91,549.99,488.2,274.71,1454.64,348.78,286.24,1775.46,72.73,430.33,91.94,129.61,9.06,222.82,18.91,2.375,28.96,525.69,44.89,136.92,844.57,229.38,420.23,393.21,155.39,948.74,68.04,255.46,192.76,214.84,92.24,121.8,460.23,105.09,24.14,50.64,111.95,96.89,103.44,165.09,35.35,122.19,13.29,4.426,997.96,169.68,19.13,356.71,354.74,31.75,483.3,27.67,94.36,53.85,287.48,235.93,103.56,25.16,42.13,301.86,357.38,201.7,16.98,25.09,920.12,1187.2,316.3,594.58,41.18,224.28,500.16,101.41,885.32,27.12,28.4,192.6,74.23,9.58,125.08,225.16,47.22,9.26,1164.52,147.93,365.89,15.4,59.26,171.79,19.74,169.99,59.1,727.05,16.04,85.42,163.52,50.17,1010.4,138.31,31.9,1228.08,333.07,9.3,18.37,23.7,145.8,40.55,135.86,774.96,37.0,95.54,818.27,61.66,386.3,75.42,331.71,423.78,246.2,288.73,37.61,75.24,55.03,19.6,21.47,276.91,362.75,438.63,7.7,111.77,158.04,57.8,158.95,104.52
2026-08-10 08:00:00+00:00,143.42,310.11,263.57,337.98,558.74,482.89,275.93,1453.6,349.87,283.92,1794.69,72.6,430.16,91.78,129.33,9.02,223.12,18.89,2.411,28.12,525.28,44.36,136.84,846.99,227.05,420.93,394.99,155.32,946.48,67.97,254.0,191.78,214.45,91.86,122.64,454.86,104.81,23.88,50.01,111.27,96.67,102.49,163.65,35.41,123.07,13.35,4.401,1001.29,167.91,19.39,357.66,354.97,31.26,482.19,27.6,94.35,56.42,286.06,235.5,98.5,22.73,41.48,301.37,356.82,203.38,16.56,25.2,934.41,1184.39,319.0,603.36,41.28,222.64,498.76,100.74,871.8,26.23,28.01,188.89,74.21,9.52,124.41,224.48,46.96,9.44,1150.0,148.88,362.46,15.51,58.54,169.45,19.92,168.65,59.24,724.97,16.02,85.71,161.93,49.84,997.12,135.74,32.34,1210.3,330.15,9.04,18.32,23.76,143.42,41.24,138.8,774.1,37.34,95.48,808.04,61.86,384.31,74.77,330.79,421.11,246.47,288.02,37.76,74.96,55.3,19.63,21.55,277.13,362.73,433.25,7.66,111.28,157.16,57.95,159.68,104.79
2026-08-10 12:00:00+00:00,135.86,307.43,271.46,330.53,533.44,479.0,279.98,1454.54,343.74,272.36,1759.09,70.27,427.63,78.59,131.5,9.07,217.79,18.47,2.415,27.83,534.26,48.08,139.32,845.1,232.02,400.95,337.09,149.86,945.42,65.99,250.7,195.92,226.09,90.39,123.88,471.78,103.04,25.12,50.29,107.7,96.43,102.52,164.33,35.23,122.03,12.84,4.283,997.07,163.23,19.21,354.86,348.98,32.09,482.93,27.6,94.3,55.79,285.95,238.23,98.39,22.64,39.71,300.63,358.72,195.15,16.76,25.06,840.87,1213.66,309.44,600.3,41.3,216.39,510.9,98.15,877.66,26.61,26.47,188.18,75.21,9.27,127.4,219.86,47.22,9.37,1146.34,150.07,382.68,15.02,57.17,178.96,19.86,164.53,57.72,724.26,16.05,81.86,162.32,52.79,1001.86,136.69,32.51,1246.39,336.71,9.58,18.2,23.79,135.91,43.45,133.11,775.1,37.41,95.09,814.29,61.86,370.07,74.56,331.48,425.13,253.62,282.27,38.11,77.55,54.61,19.32,21.34,273.72,361.39,444.59,7.35,111.72,157.98,59.46,161.8,106.54
2026-08-10 16:00:00+00:00,133.08,308.45,273.39,317.97,523.59,470.45,278.33,1455.09,340.41,268.37,1735.85,68.9,422.97,73.94,132.48,8.85,210.87,18.12,2.424,27.3,529.81,51.45,141.57,839.07,230.18,389.36,325.94,148.96,953.14,67.19,240.44,197.12,225.44,88.32,122.49,458.53,103.36,24.32,49.62,107.83,96.21,102.23,163.25,35.22,119.73,12.67,4.233,991.89,157.91,18.82,357.95,351.02,31.81,481.7,27.72,94.7,54.82,286.21,236.45,97.66,22.28,38.78,299.94,360.2,193.34,16.45,25.01,814.78,1232.16,306.71,595.71,41.67,208.93,506.34,97.43,862.38,25.66,24.65,184.39,76.4,9.15,127.72,217.75,47.76,9.32,1158.48,151.21,385.5,14.9,55.2,175.35,19.93,162.59,56.63,721.71,16.41,80.31,160.55,52.73,991.51,135.44,31.49,1239.75,335.15,9.48,18.13,23.85,130.3,45.25,138.61,773.81,37.82,94.64,803.44,61.78,366.19,73.78,331.15,419.64,253.83,280.76,38.19,78.16,54.76,19.06,21.59,270.95,361.82,438.9,7.32,112.76,158.6,60.24,163.88,107.33
2026-08-10 20:00:00+00:00,132.63,307.88,272.7,318.27,523.37,469.83,277.14,1454.75,339.52,268.51,1734.67,68.13,422.59,73.21,132.46,8.88,211.43,18.1,2.428,27.13,530.48,53.41,141.52,839.66,230.36,389.31,326.41,149.0,950.56,66.8,240.48,197.18,223.96,87.77,123.22,459.79,103.2,24.32,49.72,108.2,96.04,101.81,163.27,35.2,120.27,12.74,4.254,992.0,157.75,18.8,356.9,351.06,29.55,482.59,27.77,94.56,54.64,285.06,236.14,97.45,22.2,39.0,299.96,360.11,193.61,16.47,24.85,818.9,1230.8,306.51,595.07,41.81,209.02,505.6,97.04,863.1,25.7,24.62,184.94,76.43,9.16,126.61,218.35,47.64,9.34,1159.19,149.84,384.51,15.01,54.76,173.09,19.94,162.51,56.9,721.03,16.33,74.35,161.63,53.09,990.76,135.41,31.84,1237.1,334.78,9.43,18.1,23.88,130.13,45.31,136.73,773.26,37.94,94.6,804.83,61.8,363.82,73.49,330.68,419.53,253.61,280.91,38.36,78.15,54.79,17.36,21.61,270.06,361.5,438.4,7.26,112.82,158.06,60.3,162.7,106.79
2026-08-11 00:00:00+00:00,132.36,309.2,272.84,322.95,531.41,473.19,277.92,1458.05,341.22,270.87,1758.92,68.56,425.01,75.55,129.68,8.86,213.25,18.22,2.398,27.76,530.41,52.44,142.32,844.68,231.17,390.16,330.29,149.73,952.15,67.38,242.97,197.19,225.44,88.9,123.6,461.99,103.38,24.27,51.03,108.36,96.74,103.02,166.19,35.24,120.11,12.89,4.261,998.01,159.22,18.83,358.27,351.22,29.4,471.53,27.05,95.08,54.98,285.71,236.88,98.74,22.75,39.4,301.14,360.35,196.37,17.29,25.16,825.0,1231.27,310.72,596.87,41.97,211.24,506.39,97.78,874.96,26.41,25.13,186.99,76.72,9.2,126.72,219.29,47.64,9.39,1149.32,151.16,386.27,15.0,55.94,173.19,19.66,164.39,57.2,724.28,16.43,74.31,170.32,53.87,1017.26,138.08,32.08,1257.59,336.08,9.75,18.19,23.78,134.78,43.63,136.65,774.89,37.44,95.06,808.81,60.19,371.28,74.47,332.24,422.83,254.14,283.74,37.93,78.26,55.36,17.57,21.5,272.93,361.27,444.93,7.3,112.84,158.45,60.0,156.38,107.96
2026-08-11 04:00:00+00:00,130.19,308.78,271.46,320.74,530.01,472.68,277.56,1466.96,340.09,268.76,1777.18,68.08,424.24,73.73,129.33,8.87,211.89,18.06,2.395,27.67,531.86,53.22,141.74,841.15,228.82,389.01,326.91,149.1,953.18,67.01,239.85,196.57,224.8,87.97,123.35,457.87,103.14,24.4,50.64,107.94,96.43,102.96,165.05,35.32,120.59,12.9,4.243,995.81,158.94,18.88,357.3,350.99,29.7,471.62,26.68,94.82,54.77,283.48,236.13,98.55,22.66,39.08,300.7,360.13,195.55,16.94,24.97,818.31,1231.58,310.49,595.78,41.75,209.57,505.24,97.17,870.77,26.15,24.76,185.15,76.5,9.19,126.31,219.09,47.75,9.36,1160.01,151.22,385.75,15.02,55.34,172.8,19.51,163.65,57.43,722.76,16.3,73.88,168.4,53.27,1010.84,137.49,31.88,1251.73,335.07,9.65,18.13,23.8,132.95,44.29,137.38,773.69,37.69,94.9,807.2,59.91,367.12,74.04,331.47,421.48,253.69,282.54,38.14,78.07,55.0,17.46,21.56,271.85,360.89,442.44,7.3,112.8,158.2,60.4,150.65,107.03
2026-08-11 08:00:00+00:00,131.15,309.37,272.32,322.66,534.53,473.57,278.14,1485.33,332.93,271.22,1784.53,70.87,425.07,73.83,129.66,8.91,214.2,18.26,2.5,27.77,531.0,53.46,142.32,843.8,231.59,392.59,325.33,150.35,952.93,67.49,242.03,197.29,224.28,88.98,123.25,460.17,103.26,24.37,50.78,108.13,96.76,103.94,166.28,35.14,121.66,12.97,4.329,1000.52,158.84,18.89,357.58,351.14,29.99,472.34,26.83,95.35,55.31,284.85,236.76,96.5,21.8,39.65,301.12,360.23,197.43,17.33,24.84,815.53,1229.35,312.9,597.53,41.76,210.4,505.33,98.27,868.8,26.02,24.97,187.48,76.85,9.23,127.16,220.13,47.77,9.32,1162.25,152.29,385.6,15.1,56.18,173.48,19.5,164.02,57.51,724.06,16.42,77.01,169.87,54.04,1015.54,137.6,32.27,1248.88,333.08,9.58,18.18,23.92,134.59,43.67,137.35,774.81,37.48,94.94,807.8,60.17,370.66,74.5,332.99,424.07,254.42,283.83,37.99,78.02,55.39,18.25,21.47,273.73,360.43,443.15,7.31,112.78,158.61,60.13,152.1,106.84
2026-08-11 12:00:00+00:00,133.36,307.53,265.56,309.63,528.81,468.72,272.36,1489.71,323.33,269.63,1794.68,70.05,419.95,74.13,127.99,9.14,212.64,17.8,2.458,29.39,521.86,57.59,146.79,851.37,228.64,388.27,326.44,148.1,942.57,70.79,243.53,197.82,222.56,88.83,121.15,442.37,103.75,25.24,50.81,106.53,96.55,104.12,167.13,34.16,122.24,13.15,4.274,1015.33,159.02,18.71,350.39,357.0,30.99,470.54,26.75,93.7,54.79,287.15,240.06,97.47,22.25,39.89,301.18,361.17,199.47,17.58,24.72,812.98,1226.1,310.98,606.16,41.6,210.35,501.35,96.13,855.88,25.28,24.93,191.92,75.25,9.48,126.86,218.75,47.24,9.45,1161.29,144.91,384.52,14.65,57.22,173.64,19.51,162.93,54.58,719.97,16.25,78.62,171.18,54.99,1016.09,138.88,31.55,1270.57,334.02,9.95,18.01,23.74,132.77,44.24,134.97,772.7,38.08,95.37,816.85,60.06,379.86,73.27,333.37,422.54,249.95,283.77,37.78,78.17,55.25,19.16,21.51,279.44,363.9,441.09,7.39,112.77,158.34,61.11,150.22,106.54
2026-08-11 16:00:00+00:00,134.57,305.36,264.05,312.28,526.09,474.45,272.5,1489.99,319.4,269.43,1800.8,71.71,416.32,73.86,128.0,8.99,211.75,18.12,2.441,30.85,517.65,53.42,147.11,845.1,234.77,387.83,329.25,148.82,944.47,71.22,248.02,197.62,222.09,90.41,120.58,441.19,103.51,25.33,51.08,106.09,96.4,103.95,167.47,34.04,122.5,13.12,4.284,1012.95,159.34,18.84,344.46,354.6,30.58,470.72,26.74,94.49,54.46,287.05,238.82,97.81,22.38,39.85,301.33,362.1,200.58,17.65,24.75,822.06,1215.02,311.86,600.17,41.64,212.62,504.09,96.26,868.67,26.04,25.45,193.32,74.91,9.47,127.65,217.71,47.26,9.78,1172.49,145.59,384.19,14.65,57.41,175.13,19.5,163.03,56.43,719.32,16.38,80.17,172.26,56.68,1023.88,141.62,31.78,1272.09,334.4,9.93,18.02,23.58,133.32,44.06,133.37,771.3,38.2,95.55,820.8,60.08,380.3,73.03,333.06,422.85,250.65,281.4,37.82,78.59,55.42,18.91,21.31,282.23,362.94,438.71,7.54,113.43,158.42,60.91,151.59,106.11
2026-08-11 20:00:00+00:00,135.43,305.44,263.73,313.52,529.56,475.08,272.43,1506.0,320.2,269.23,1806.99,71.78,417.09,74.53,128.03,9.01,213.67,18.13,2.501,30.93,518.75,54.6,147.22,845.75,235.97,392.58,338.33,148.6,943.73,71.22,251.06,197.54,222.17,104.62,121.25,446.48,103.38,25.39,51.17,106.8,96.3,104.2,168.01,34.2,123.44,13.17,4.287,1015.99,160.43,18.87,345.72,355.21,30.51,471.26,26.7,94.55,54.92,284.63,238.82,98.07,22.52,41.52,301.21,362.5,202.26,17.84,24.83,841.99,1217.64,313.33,600.55,41.83,215.11,502.61,96.6,867.63,25.89,26.04,208.89,75.26,9.47,127.35,218.32,47.37,9.93,1175.0,147.29,384.13,14.71,57.45,174.57,19.43,163.19,55.99,719.95,16.34,79.76,172.34,56.92,1033.92,141.82,34.04,1278.08,334.18,10.04,17.98,23.68,134.34,43.69,133.07,771.64,38.13,95.36,821.14,60.1,381.57,73.24,333.32,422.79,250.69,281.35,37.8,78.52,55.42,18.99,21.34,283.38,363.46,439.31,7.52,113.4,158.34,60.94,152.3,105.95
2026-08-12 00:00:00+00:00,137.68,305.33,263.89,315.44,531.87,477.05,271.78,1517.64,321.32,270.08,1808.65,71.9,416.97,77.75,124.96,9.01,215.69,18.14,2.466,31.27,519.37,54.77,147.09,848.74,235.76,393.42,342.55,149.16,944.76,71.18,251.26,197.17,221.79,103.9,121.58,448.45,103.51,25.28,53.04,106.6,96.39,104.79,171.68,34.01,122.78,13.2,4.3,1019.72,161.23,18.81,345.79,355.41,30.64,458.21,26.36,95.09,55.15,289.28,238.67,98.72,22.75,41.54,301.38,362.33,203.08,18.94,25.17,865.06,1215.56,315.44,600.15,45.78,216.02,501.63,96.82,883.86,26.91,26.28,207.83,75.11,9.55,127.08,218.36,47.39,9.9,1173.67,146.65,384.2,14.78,57.74,173.04,19.4,164.09,56.17,720.96,16.35,80.5,181.54,56.78,1077.13,145.87,34.12,1309.22,335.64,10.53,18.03,23.47,136.08,43.17,133.3,771.79,37.95,95.5,834.08,58.33,383.24,73.51,332.98,422.55,250.94,282.03,37.78,78.47,55.78,19.04,21.25,286.32,363.23,445.81,7.52,113.2,158.42,61.03,160.94,105.66
2026-08-12 04:00:00+00:00,137.97,305.4,262.36,319.07,534.64,479.09,272.33,1479.25,320.0,272.25,1826.87,72.22,418.84,77.7,125.03,9.04,216.87,18.16,2.438,30.71,517.75,54.89,147.15,854.0,236.5,397.32,344.35,149.13,944.28,71.33,253.85,196.5,222.32,104.26,121.27,449.44,103.53,25.31,53.02,106.73,96.67,104.71,171.15,33.93,123.47,13.27,4.399,1026.41,163.21,18.86,346.14,354.0,30.62,460.1,26.32,94.82,55.11,288.02,238.04,99.9,23.26,41.75,301.8,363.0,204.53,18.8,25.04,875.88,1213.45,317.25,600.63,45.33,218.65,500.7,96.7,885.67,26.98,26.9,208.94,74.99,10.02,126.4,218.72,46.41,9.96,1163.74,147.27,383.76,14.73,58.3,173.1,19.3,164.5,56.45,722.27,16.41,80.8,181.06,57.74,1071.92,145.68,34.75,1310.63,334.08,10.54,18.03,23.59,138.41,42.39,134.3,772.16,37.77,95.42,835.57,58.73,386.48,73.89,333.67,425.18,250.75,283.2,37.61,78.49,55.64,19.11,21.32,286.94,363.35,447.91,7.52,113.31,158.48,60.96,153.92,106.15
2026-08-12 08:00:00+00:00,140.59,305.18,261.18,321.01,541.7,480.48,273.34,1490.95,319.09,274.34,1827.26,72.15,421.69,79.56,126.06,9.18,220.88,18.43,2.433,29.69,516.37,51.54,147.83,858.74,240.09,406.18,349.93,150.42,943.58,72.3,258.34,194.93,218.95,106.85,123.16,451.9,103.41,25.28,53.54,106.82,97.48,105.73,172.78,34.2,125.2,13.33,4.248,1030.63,165.44,18.85,346.28,353.25,30.87,463.09,26.64,95.4,55.58,289.35,238.49,99.43,23.07,42.87,302.14,362.44,206.16,19.33,25.27,893.19,1215.0,321.33,601.55,44.81,220.68,500.83,97.81,894.9,27.55,27.4,220.38,74.72,10.31,125.21,219.79,46.07,9.9,1165.22,148.22,381.25,14.81,58.71,172.28,20.04,165.42,57.84,724.43,16.44,80.15,182.85,59.86,1081.89,147.85,34.42,1326.91,332.16,10.82,18.08,23.67,141.82,41.28,135.2,773.45,37.42,95.52,842.25,58.84,389.65,74.62,334.23,428.45,250.83,284.58,37.6,78.24,55.81,19.17,21.29,292.57,362.5,452.71,7.54,113.36,158.38,60.82,156.11,105.43
2026-08-12 12:00:00+00:00,139.87,301.74,256.47,334.87,551.06,487.42,268.26,1481.27,312.47,269.32,1815.35,73.46,420.11,79.36,124.47,8.88,236.04,18.04,2.423,31.7,511.6,49.94,144.9,864.07,257.8,439.0,359.6,148.46,948.88,69.48,269.95,192.54,220.63,107.42,123.14,465.73,103.26,25.59,54.78,102.65,98.07,106.26,174.77,34.0,128.78,13.19,4.361,1040.01,167.29,18.61,342.04,347.06,29.58,450.21,26.51,94.35,56.37,291.14,234.12,100.66,23.65,42.64,302.3,365.32,207.83,19.93,25.48,943.07,1225.75,326.9,582.63,45.17,221.9,493.24,95.26,923.77,29.31,27.69,242.44,73.86,10.41,124.0,223.29,46.36,9.74,1152.65,150.13,383.97,14.84,60.47,170.01,19.98,162.34,67.83,724.27,16.05,80.25,185.18,66.35,1103.22,152.8,36.37,1377.74,338.02,11.58,17.83,23.45,144.49,40.38,141.53,772.81,37.44,95.35,882.42,57.1,405.51,74.52,326.41,429.84,243.91,278.21,37.44,75.45,55.63,18.72,20.82,294.84,359.7,459.51,8.65,114.97,160.18,60.86,154.52,103.7
2026-08-12 16:00:00+00:00,138.42,302.68,259.27,319.36,550.01,483.2,267.7,1480.0,304.69,272.05,1812.99,74.46,416.57,78.64,125.36,8.81,237.57,17.92,2.52,32.37,511.25,48.89,146.59,859.0,262.49,433.33,356.31,149.22,949.93,71.42,268.58,193.59,222.15,107.78,124.14,484.66,103.37,25.54,54.81,102.53,97.89,106.27,175.98,33.94,124.63,13.21,4.42,1040.79,167.67,18.56,344.16,344.29,30.02,451.18,26.36,95.05,58.92,291.67,236.27,101.14,23.89,43.74,302.84,365.65,208.64,20.35,25.42,932.23,1221.68,326.96,579.74,45.86,217.22,493.05,94.93,912.54,28.59,26.59,259.22,74.34,10.34,125.09,224.31,46.48,9.81,1160.0,153.46,387.45,14.94,58.87,171.26,19.54,163.24,71.55,724.56,15.95,81.3,185.88,68.55,1120.78,154.48,37.65,1346.11,332.76,11.11,17.99,23.55,142.39,41.02,146.29,773.48,37.4,95.37,877.73,57.12,403.62,74.65,328.04,429.65,243.29,277.34,37.13,75.45,55.57,18.43,20.37,288.68,360.32,454.54,8.66,116.06,159.69,61.07,155.96,105.14
2026-08-12 20:00:00+00:00,137.84,301.9,258.78,320.44,552.61,483.67,267.76,1480.33,306.97,273.07,1816.35,74.17,415.92,77.88,125.16,8.85,239.75,17.97,2.547,31.89,510.9,47.41,146.5,860.57,218.43,437.71,346.52,149.57,949.77,70.75,269.14,193.7,221.53,106.33,119.03,483.38,103.34,25.52,55.27,102.7,97.97,105.91,176.46,33.99,125.21,13.34,4.347,1043.5,167.91,18.55,343.68,344.97,30.0,451.07,26.07,95.17,58.6,292.56,235.57,101.29,24.04,43.66,303.42,365.96,209.1,20.53,25.47,934.61,1221.36,327.2,579.45,46.01,219.94,489.88,95.03,921.57,29.16,27.26,254.38,75.16,10.36,124.78,223.93,46.57,10.03,1157.69,153.09,387.46,14.93,58.99,170.23,19.9,163.41,71.47,723.45,15.98,81.0,187.77,68.7,1118.97,154.77,37.39,1362.42,331.95,11.38,17.86,23.47,143.48,40.69,146.7,773.22,37.56,95.57,880.15,57.1,403.89,74.29,327.62,431.84,243.56,277.39,37.05,75.55,55.56,18.4,20.39,290.43,360.89,456.99,8.58,116.11,159.52,61.1,156.34,106.07
2026-08-13 00:00:00+00:00,137.7,302.79,258.86,322.71,555.8,485.12,268.03,1480.33,307.1,274.38,1818.58,74.71,417.58,78.68,125.96,8.88,242.52,18.03,2.536,32.26,511.2,48.0,146.62,863.06,217.72,438.04,348.14,149.88,949.32,71.01,271.53,193.24,221.97,106.94,118.94,489.54,103.49,25.47,55.7,103.07,97.82,106.19,177.45,33.95,125.69,13.36,4.355,1045.3,168.28,18.55,344.86,345.65,30.05,446.82,26.21,95.41,58.83,296.58,236.28,101.91,24.29,44.14,303.63,365.21,209.37,20.83,25.52,934.63,1226.61,328.52,580.75,48.23,221.08,490.44,95.63,924.4,29.36,27.51,254.98,75.35,10.49,124.97,224.54,46.55,10.1,1162.82,153.34,387.65,14.92,59.44,170.66,19.84,164.1,71.88,725.16,15.98,81.58,190.35,67.6,1146.01,156.47,37.54,1365.91,331.45,11.44,17.91,23.15,145.17,40.31,146.68,773.96,37.32,95.98,880.94,56.87,404.26,74.89,328.74,430.11,243.9,277.58,37.05,75.52,55.66,18.44,20.48,291.11,360.62,458.51,8.63,116.29,160.28,61.0,161.88,105.89
2026-08-13 04:00:00+00:00,135.76,303.71,259.25,321.02,553.16,483.99,268.25,1490.54,307.62,273.35,1813.94,74.07,417.41,77.52,124.48,8.81,238.71,18.03,2.563,31.61,511.6,47.73,146.5,861.66,216.17,435.03,343.73,149.95,949.96,71.18,270.12,193.11,222.18,105.84,118.58,504.51,103.25,25.61,54.55,102.98,97.65,106.31,174.77,33.94,126.2,13.31,4.278,1045.4,166.56,18.56,345.0,345.51,29.99,441.87,26.03,95.49,60.43,292.89,235.42,101.52,24.07,43.82,303.85,365.51,210.08,19.94,24.65,927.6,1224.21,328.2,580.97,48.25,219.07,491.21,95.85,913.77,28.7,27.02,251.1,75.49,10.38,125.0,224.26,46.05,10.24,1158.69,152.67,388.02,15.06,59.17,170.49,19.65,163.57,70.53,724.67,15.94,80.79,186.09,66.51,1113.77,153.38,37.94,1350.42,331.81,11.16,17.95,23.29,143.79,40.72,146.86,774.38,37.36,95.86,880.52,56.28,404.27,74.72,328.23,430.12,244.13,277.7,37.0,75.64,55.66,18.41,20.54,289.79,361.92,455.41,8.65,116.55,159.92,60.95,167.01,106.2
